victim_id,model,turns,results
Coahuila_Francisca M G,hugging-quants/Meta-Llama-3.1-8B-Instruct-AWQ-INT4,1,"[{""victim_id"": ""Coahuila_Francisca M G"", ""model"": ""hugging-quants/Meta-Llama-3.1-8B-Instruct-AWQ-INT4"", ""turn_index"": 0, ""task_name"": ""conversation_summary"", ""doc_id"": ""Coahuila_Francisca M G_1"", ""values"": {""info_found"": ""FALSE"", ""relevant_context"": [], ""summary_by_item"": {}, ""summary"": ""No se encontró la página.""}, ""error"": """"}]"
Coahuila_Antonio de Jesus M R,hugging-quants/Meta-Llama-3.1-8B-Instruct-AWQ-INT4,3,"[{""victim_id"": ""Coahuila_Antonio de Jesus M R"", ""model"": ""hugging-quants/Meta-Llama-3.1-8B-Instruct-AWQ-INT4"", ""turn_index"": 0, ""task_name"": ""conversation_summary"", ""doc_id"": ""Coahuila_Antonio de Jesus M R_1"", ""values"": {""info_found"": ""TRUE"", ""relevant_context"": [""desenlace"", ""vic_grupo_social"", ""captura_tipo"", ""desenlace_tipo""], ""summary_by_item"": {""desenlace"": [{""span"": ""La desaparición de Antonio de Jesùs ya fue reportada ante las autoridades."", ""doc_id"": ""Coahuila_Antonio de Jesus M R_1"", ""offset"": -1}], ""vic_grupo_social"": [{""span"": ""Familiares temen por su vida, dicen que sufre periodos de depresión"", ""doc_id"": ""Coahuila_Antonio de Jesus M R_1"", ""offset"": 290}], ""captura_tipo"": [{""span"": ""Las o fi cinas de canal de televisión se localizan en bulevar Saltillo y Reynosa, en la colonia República Poniente."", ""doc_id"": ""Coahuila_Antonio de Jesus M R_1"", ""offset"": 758}], ""desenlace_tipo"": [{""span"": ""Esperan que el reporte pasé a manos de la Subprocuraduría de Investigación para la büqueda de personas no localizadas, de la PGJE."", ""doc_id"": ""Coahuila_Antonio de Jesus M R_1"", ""offset"": -1}]}, ""summary"": ""La desaparición de Antonio de Jesùs, conductor de televisión, fue reportada ante las autoridades. Familiares temen por su vida debido a que sufre periodos de depresión. Se localizan en bulevar Saltillo y Reynosa, en la colonia República Poniente. Se espera que el reporte pase a manos de la Subprocuraduría de Investigación para la büqueda de personas no localizadas.""}, ""error"": """"}, {""victim_id"": ""Coahuila_Antonio de Jesus M R"", ""model"": ""hugging-quants/Meta-Llama-3.1-8B-Instruct-AWQ-INT4"", ""turn_index"": 1, ""task_name"": ""conversation_summary"", ""doc_id"": ""Coahuila_Antonio de Jesus M R_4"", ""values"": {""info_found"": ""FALSE"", ""relevant_context"": [], ""summary_by_item"": {}, ""summary"": """"}, ""error"": """"}, {""victim_id"": ""Coahuila_Antonio de Jesus M R"", ""model"": ""hugging-quants/Meta-Llama-3.1-8B-Instruct-AWQ-INT4"", ""turn_index"": 2, ""task_name"": ""conversation_summary"", ""doc_id"": ""Coahuila_Antonio de Jesus M R_5"", ""values"": {""info_found"": ""FALSE"", ""relevant_context"": [], ""summary_by_item"": {}, ""summary"": ""Página no encontrada""}, ""error"": """"}]"
Coahuila_Gerardo P B,hugging-quants/Meta-Llama-3.1-8B-Instruct-AWQ-INT4,1,"[{""victim_id"": ""Coahuila_Gerardo P B"", ""model"": ""hugging-quants/Meta-Llama-3.1-8B-Instruct-AWQ-INT4"", ""turn_index"": 0, ""task_name"": ""conversation_summary"", ""doc_id"": ""Coahuila_Gerardo P B_1"", ""values"": {""info_found"": ""TRUE"", ""relevant_context"": [""desenlace"", ""vic_grupo_social"", ""captura_tipo"", ""desenlace_tipo""], ""summary_by_item"": {""desenlace"": [{""span"": ""El Secretario de Gobierno, Armando Luna Canales, informó que no hay una denuncia ante el Ministerio Público, pero a raíz de los reportes en redes sociales comenzó un operativo de bùsqueda tomando en cuenta los datos que han aportado las personas cercanas a Blanquet."", ""doc_id"": ""Coahuila_Gerardo P B_1"", ""offset"": -1}], ""vic_grupo_social"": [{""span"": ""Blanquet fue responsable de mercadotecnia y publicidad de EnVivoRadioyTV, estación de radio a través de internet y conductor de uno de los noticieros."", ""doc_id"": ""Coahuila_Gerardo P B_1"", ""offset"": 439}], ""captura_tipo"": [{""span"": ""Fue visto por única vez el martes a las 12:00 horas, aunque otras versiones senálan que se fue durante la medianoche."", ""doc_id"": ""Coahuila_Gerardo P B_1"", ""offset"": -1}], ""desenlace_tipo"": [{""span"": ""El Secretario de Gobierno, Armando Luna Canales, informó que no hay una denuncia ante el Ministerio Público, pero a raíz de los reportes en redes sociales comenzó un operativo de bùsqueda tomando en cuenta los datos que han aportado las personas cercanas a Blanquet."", ""doc_id"": ""Coahuila_Gerardo P B_1"", ""offset"": -1}]}, ""summary"": ""El director administrativo de Grupo Radio Grande Coahuila, Gerardo Blanquet, fue reportado desaparecido a través de las redes sociales. El Secretario de Gobierno, Armando Luna Canales, informó que no hay una denuncia ante el Ministerio Público, pero a raíz de los reportes en redes sociales comenzó un operativo de bùsqueda tomando en cuenta los datos que han aportado las personas cercanas a Blanquet. Blanquet fue responsable de mercadotecnia y publicidad de EnVivoRadioyTV, estación de radio a través de internet y conductor de uno de los noticieros. Fue visto por única vez el martes a las 12:00 horas, aunque otras versiones senálan que se fue durante la medianoche. El desenlace del caso no se conoce.""}, ""error"": """"}]"
Coahuila_Francisca T G,hugging-quants/Meta-Llama-3.1-8B-Instruct-AWQ-INT4,2,"[{""victim_id"": ""Coahuila_Francisca T G"", ""model"": ""hugging-quants/Meta-Llama-3.1-8B-Instruct-AWQ-INT4"", ""turn_index"": 0, ""task_name"": ""conversation_summary"", ""doc_id"": ""Coahuila_Francisca T G_3"", ""values"": {""info_found"": ""TRUE"", ""relevant_context"": [""desenlace"", ""vic_grupo_social"", ""captura_tipo"", ""desenlace_tipo""], ""summary_by_item"": {""desenlace"": [{""span"": ""Los hermanos aceptaron haber robado la minivan, pero no haber perpertrado el crimen."", ""doc_id"": ""Coahuila_Francisca T G_3"", ""offset"": -1}], ""vic_grupo_social"": [{""span"": ""La víctima tenía 24 años de edad"", ""doc_id"": ""Coahuila_Francisca T G_3"", ""offset"": 119}], ""captura_tipo"": [{""span"": ""La víctima fue encontrada en una camioneta Town and Country"", ""doc_id"": ""Coahuila_Francisca T G_3"", ""offset"": -1}], ""desenlace_tipo"": [{""span"": ""La víctima fue encontrada en una camioneta Town and Country"", ""doc_id"": ""Coahuila_Francisca T G_3"", ""offset"": -1}]}, ""summary"": ""La víctima, Francisca Torres García, de 24 años, fue encontrada sin vida en una camioneta Town and Country en el cruce de las arterias Mariano Salas y avenida Alfonso Reyes. Los hermanos Héctor y Óscar Torres Campos, de 33 y 29 años, fueron detenidos por la policía regia y se encuentran bajo investigación por los hechos. Aceptaron haber robado la minivan, pero no haber cometido el crimen.""}, ""error"": """"}, {""victim_id"": ""Coahuila_Francisca T G"", ""model"": ""hugging-quants/Meta-Llama-3.1-8B-Instruct-AWQ-INT4"", ""turn_index"": 1, ""task_name"": ""conversation_summary"", ""doc_id"": ""Coahuila_Francisca T G_4"", ""values"": {""info_found"": ""TRUE"", ""relevant_context"": [""desenlace"", ""vic_grupo_social"", ""captura_tipo"", ""desenlace_tipo""], ""summary_by_item"": {""desenlace"": [{""span"": ""Los hermanos aceptaron haber robado la minivan, pero no haber cometido el crimen."", ""doc_id"": ""Coahuila_Francisca T G_4"", ""offset"": -1}, {""span"": ""La víctima fue encontrada en una camioneta Town and Country"", ""doc_id"": ""Coahuila_Francisca T G_4"", ""offset"": -1}], ""vic_grupo_social"": [{""span"": ""La víctima tenía 24 años de edad"", ""doc_id"": ""Coahuila_Francisca T G_4"", ""offset"": 119}], ""captura_tipo"": [{""span"": ""La víctima fue encontrada en una camioneta Town and Country"", ""doc_id"": ""Coahuila_Francisca T G_4"", ""offset"": -1}], ""desenlace_tipo"": [{""span"": ""La víctima fue encontrada en una camioneta Town and Country"", ""doc_id"": ""Coahuila_Francisca T G_4"", ""offset"": -1}]}, ""summary"": ""La víctima, Francisca Torres García, de 24 años, fue encontrada sin vida en una camioneta Town and Country en el cruce de las arterias Mariano Salas y avenida Alfonso Reyes. Los hermanos Héctor y Óscar Torres Campos, de 33 y 29 años, fueron detenidos por la policía regia y se encuentran bajo investigación por los hechos. Aceptaron haber robado la minivan, pero no haber cometido el crimen. La víctima era originaria del estado de Coahuila y había sido privada de su libertad horas antes en esa entidad. Los hermanos aceptaron haber robado la minivan, pero no haber cometido el crimen.""}, ""error"": """"}]"
Coahuila_Filemón L S,hugging-quants/Meta-Llama-3.1-8B-Instruct-AWQ-INT4,2,"[{""victim_id"": ""Coahuila_Filemón L S"", ""model"": ""hugging-quants/Meta-Llama-3.1-8B-Instruct-AWQ-INT4"", ""turn_index"": 0, ""task_name"": ""conversation_summary"", ""doc_id"": ""Coahuila_Filemón L S_2"", ""values"": {""info_found"": ""TRUE"", ""relevant_context"": [""desenlace"", ""vic_grupo_social"", ""captura_tipo"", ""desenlace_tipo""], ""summary_by_item"": {""desenlace"": [{""span"": ""The outcome of the disappearance, if specified."", ""doc_id"": ""Coahuila_Filemón L S_2"", ""offset"": -1}], ""vic_grupo_social"": [{""span"": ""Is the victim a member of a distinct social group? "", ""doc_id"": ""Coahuila_Filemón L S_2"", ""offset"": -1}], ""captura_tipo"": [{""span"": ""The type of place from which the victim disappeared if it is specified. Categories belonging to HURIDOCS (https://www.huridocs.org/resource/micro-thesauri/)."", ""doc_id"": ""Coahuila_Filemón L S_2"", ""offset"": -1}], ""desenlace_tipo"": [{""span"": ""The type of place where the outcome occurred according to HURIDOCS."", ""doc_id"": ""Coahuila_Filemón L S_2"", ""offset"": -1}]}, ""summary"": ""Esta página no puede ser cargada debido a un error de seguridad. El certificado de seguridad de www.elsiglocoahuila.mx ha expirado hace 130 días. Esto puede deberse a una configuración incorrecta o a que un atacante intercepte tu conexión. Es posible que tu reloj de computadora esté configurado incorrectamente. Por favor, corrige tu reloj de computadora y refresca esta página.""}, ""error"": """"}, {""victim_id"": ""Coahuila_Filemón L S"", ""model"": ""hugging-quants/Meta-Llama-3.1-8B-Instruct-AWQ-INT4"", ""turn_index"": 1, ""task_name"": ""conversation_summary"", ""doc_id"": ""Coahuila_Filemón L S_3"", ""values"": {""info_found"": ""TRUE"", ""relevant_context"": [""desenlace"", ""vic_grupo_social"", ""captura_tipo"", ""desenlace_tipo""], ""summary_by_item"": {""desenlace"": [{""span"": ""The outcome of the disappearance, if specified."", ""doc_id"": ""Coahuila_Filemón L S_3"", ""offset"": -1}, {""span"": ""Se desconoce de su paradero desde el pasado 27 de abril en esa demarcación norteña."", ""doc_id"": ""Coahuila_Filemón L S_3"", ""offset"": -1}], ""vic_grupo_social"": [{""span"": ""Is the victim a member of a distinct social group? "", ""doc_id"": ""Coahuila_Filemón L S_3"", ""offset"": -1}, {""span"": ""Se desconoce si Mario Alberto Preciado García y Filemón Lezama Saldívar eran miembros de un grupo social distinto."", ""doc_id"": ""Coahuila_Filemón L S_3"", ""offset"": -1}], ""captura_tipo"": [{""span"": ""The type of place from which the victim disappeared if it is specified. Categories belonging to HURIDOCS (https://www.huridocs.org/resource/micro-thesauri/)."", ""doc_id"": ""Coahuila_Filemón L S_3"", ""offset"": -1}, {""span"": ""El municipio de Escobedo, Coahuila."", ""doc_id"": ""Coahuila_Filemón L S_3"", ""offset"": -1}], ""desenlace_tipo"": [{""span"": ""The type of place where the outcome occurred according to HURIDOCS."", ""doc_id"": ""Coahuila_Filemón L S_3"", ""offset"": -1}, {""span"": ""Se desconoce el tipo de lugar donde se desconoce el paradero de Mario Alberto Preciado García y Filemón Lezama Saldívar."", ""doc_id"": ""Coahuila_Filemón L S_3"", ""offset"": -1}]}, ""summary"": ""Se desconoce el paradero de Mario Alberto Preciado García y Filemón Lezama Saldívar, dos comerciantes que desaparecieron en el municipio de Escobedo, Coahuila. Se desconoce si eran miembros de un grupo social distinto y se desconoce el tipo de lugar donde se desconoce su paradero. Se desconoce el tipo de lugar donde se desconoce el paradero de Mario Alberto Preciado García y Filemón Lezama Saldívar.""}, ""error"": """"}]"
Coahuila_Claudia B V,hugging-quants/Meta-Llama-3.1-8B-Instruct-AWQ-INT4,2,"[{""victim_id"": ""Coahuila_Claudia B V"", ""model"": ""hugging-quants/Meta-Llama-3.1-8B-Instruct-AWQ-INT4"", ""turn_index"": 0, ""task_name"": ""conversation_summary"", ""doc_id"": ""Coahuila_Claudia B V_2"", ""values"": {""info_found"": ""<TRUE>"", ""relevant_context"": [""desenlace"", ""vic_grupo_social"", ""captura_tipo"", ""desenlace_tipo""], ""summary_by_item"": {""desenlace"": [{""span"": ""El problema de este región es que nadie vio nada. Y cuando no hay nada, no pasa nada."", ""doc_id"": ""Coahuila_Claudia B V_2"", ""offset"": 9347}], ""vic_grupo_social"": [{""span"": ""Era popular en fiestas y discos, cuando llegaba con sus amigas acaparaban las miradas."", ""doc_id"": ""Coahuila_Claudia B V_2"", ""offset"": 4267}, {""span"": ""Mayor de siete hermanos, portaba tatuajes de estrellas en tobillo: en la espalda a la Santa Muerte."", ""doc_id"": ""Coahuila_Claudia B V_2"", ""offset"": 8797}], ""captura_tipo"": [{""span"": ""Por la región pasan alrededor de 40 vehículos diarios para el interior del país."", ""doc_id"": ""Coahuila_Claudia B V_2"", ""offset"": -1}], ""desenlace_tipo"": [{""span"": ""El problema de este región es que nadie vio nada. Y cuando no hay nada, no pasa nada."", ""doc_id"": ""Coahuila_Claudia B V_2"", ""offset"": 9347}]}, ""summary"": ""Las desaparecidas del Comando Zeta en Piedras Negras, Coahuila, México, fueron varias jovencitas entre 17 y 22 años de edad. El Comando Zeta, liderado por Comandante Enano, era un grupo delictivo que operaba en la región. Las muchachas desaparecidas fueron invitadas a fiestas organizadas por Comandante Enano, donde fueron secuestradas y torturadas. La policía local estaba involucrada con el narco y no hizo nada para detener las desapariciones. El problema de la región es que nadie vio nada y cuando no hay nada, no pasa nada. Las muchachas desaparecidas eran populares en fiestas y discos, y algunas tenían tatuajes de estrellas en tobillo. La región es un lugar peligroso donde pasan alrededor de 40 vehículos diarios para el interior del país. El desenlace de las desapariciones es que nadie vio nada y cuando no hay nada, no pasa nada.""}, ""error"": """"}, {""victim_id"": ""Coahuila_Claudia B V"", ""model"": ""hugging-quants/Meta-Llama-3.1-8B-Instruct-AWQ-INT4"", ""turn_index"": 1, ""task_name"": ""conversation_summary"", ""doc_id"": ""Coahuila_Claudia B V_4"", ""values"": {""info_found"": ""TRUE"", ""relevant_context"": [""desenlace"", ""vic_grupo_social"", ""captura_tipo"", ""desenlace_tipo""], ""summary_by_item"": {""desenlace"": [{""span"": ""El problema de este región es que nadie vio nada. Y cuando no hay nada, no pasa nada."", ""doc_id"": ""Coahuila_Claudia B V_4"", ""offset"": -1}, {""span"": ""El desenlace de las desapariciones es que nadie vio nada y cuando no hay nada, no pasa nada."", ""doc_id"": ""Coahuila_Claudia B V_4"", ""offset"": -1}], ""vic_grupo_social"": [{""span"": ""Era popular en fiestas y discos, cuando llegaba con sus amigas acaparaban las miradas."", ""doc_id"": ""Coahuila_Claudia B V_4"", ""offset"": -1}, {""span"": ""Mayor de siete hermanos, portaba tatuajes de estrellas en tobillo: en la espalda a la Santa Muerte."", ""doc_id"": ""Coahuila_Claudia B V_4"", ""offset"": -1}], ""captura_tipo"": [{""span"": ""Por la región pasan alrededor de 40 vehículos diarios para el interior del país."", ""doc_id"": ""Coahuila_Claudia B V_4"", ""offset"": -1}], ""desenlace_tipo"": [{""span"": ""El problema de este región es que nadie vio nada. Y cuando no hay nada, no pasa nada."", ""doc_id"": ""Coahuila_Claudia B V_4"", ""offset"": -1}, {""span"": ""El desenlace de las desapariciones es que nadie vio nada y cuando no hay nada, no pasa nada."", ""doc_id"": ""Coahuila_Claudia B V_4"", ""offset"": -1}]}, ""summary"": ""Las muchachas desaparecidas eran populares en fiestas y discos, y algunas tenían tatuajes de estrellas en tobillo. La región es un lugar peligroso donde pasan alrededor de 40 vehículos diarios para el interior del país. El desenlace de las desapariciones es que nadie vio nada y cuando no hay nada, no pasa nada.""}, ""error"": """"}]"
Coahuila_Abel M H,hugging-quants/Meta-Llama-3.1-8B-Instruct-AWQ-INT4,1,"[{""victim_id"": ""Coahuila_Abel M H"", ""model"": ""hugging-quants/Meta-Llama-3.1-8B-Instruct-AWQ-INT4"", ""turn_index"": 0, ""task_name"": ""conversation_summary"", ""doc_id"": ""Coahuila_Abel M H_7"", ""values"": {""info_found"": ""<TRUE>"", ""relevant_context"": [""desenlace"", ""vic_grupo_social"", ""captura_tipo"", ""desenlace_tipo""], ""summary_by_item"": {""desenlace"": [{""span"": ""La mujer se encontraba desde el mes de junio arraigada y es investigada por haber participado en la desaparición de por lo menos 6 personas, la mayoría taxistas de García Nuevo León."", ""doc_id"": ""Coahuila_Abel M H_7"", ""offset"": 899}], ""vic_grupo_social"": [{""span"": ""La mujer se encontraba desde el mes de junio arraigada y es investigada por haber participado en la desaparición de por lo menos 6 personas, la mayoría taxistas de García Nuevo León."", ""doc_id"": ""Coahuila_Abel M H_7"", ""offset"": 899}], ""captura_tipo"": [{""span"": ""La policía ministerial inició las investigaciones que corrieron a cargo del segundo grupo de homicidios al mando del comandante Héctor Calzada."", ""doc_id"": ""Coahuila_Abel M H_7"", ""offset"": -1}], ""desenlace_tipo"": [{""span"": ""La policía ministerial inició las investigaciones que corrieron a cargo del segundo grupo de homicidios al mando del comandante Héctor Calzada."", ""doc_id"": ""Coahuila_Abel M H_7"", ""offset"": -1}], ""captura_metodo"": [{""span"": ""La policía ministerial inició las investigaciones que corrieron a cargo del segundo grupo de homicidios al mando del comandante Héctor Calzada."", ""doc_id"": ""Coahuila_Abel M H_7"", ""offset"": -1}], ""perp_tipo1"": [{""span"": ""La policía ministerial inició las investigaciones que corrieron a cargo del segundo grupo de homicidios al mando del comandante Héctor Calzada."", ""doc_id"": ""Coahuila_Abel M H_7"", ""offset"": -1}], ""perp_tipo2"": [{""span"": ""La policía ministerial inició las investigaciones que corrieron a cargo del segundo grupo de homicidios al mando del comandante Héctor Calzada."", ""doc_id"": ""Coahuila_Abel M H_7"", ""offset"": -1}], ""perp_tipo3"": [{""span"": ""La policía ministerial inició las investigaciones que corrieron a cargo del segundo grupo de homicidios al mando del comandante Héctor Calzada."", ""doc_id"": ""Coahuila_Abel M H_7"", ""offset"": -1}], ""perp_tipo4"": [{""span"": ""La policía ministerial inició las investigaciones que corrieron a cargo del segundo grupo de homicidios al mando del comandante Héctor Calzada."", ""doc_id"": ""Coahuila_Abel M H_7"", ""offset"": -1}], ""perp_tipo5"": [{""span"": ""La policía ministerial inició las investigaciones que corrieron a cargo del segundo grupo de homicidios al mando del comandante Héctor Calzada."", ""doc_id"": ""Coahuila_Abel M H_7"", ""offset"": -1}], ""perp_tipo6"": [{""span"": ""La policía ministerial inició las investigaciones que corrieron a cargo del segundo grupo de homicidios al mando del comandante Héctor Calzada."", ""doc_id"": ""Coahuila_Abel M H_7"", ""offset"": -1}], ""perp_tipo7"": [{""span"": ""La policía ministerial inició las investigaciones que corrieron a cargo del segundo grupo de homicidios al mando del comandante Héctor Calzada."", ""doc_id"": ""Coahuila_Abel M H_7"", ""offset"": -1}], ""perp_tipo8"": [{""span"": ""La policía ministerial inició las investigaciones que corrieron a cargo del segundo grupo de homicidios al mando del comandante Héctor Calzada."", ""doc_id"": ""Coahuila_Abel M H_7"", ""offset"": -1}], ""perp_tipo9"": [{""span"": ""La policía ministerial inició las investigaciones que corrieron a cargo del segundo grupo de homicidios al mando del comandante Héctor Calzada."", ""doc_id"": ""Coahuila_Abel M H_7"", ""offset"": -1}], ""perp_tipo10"": [{""span"": ""La policía ministerial inició las investigaciones que corrieron a cargo del segundo grupo de homicidios al mando del comandante Héctor Calzada."", ""doc_id"": ""Coahuila_Abel M H_7"", ""offset"": -1}], ""perp_tipo11"": [{""span"": ""La policía ministerial inició las investigaciones que corrieron a cargo del segundo grupo de homicidios al mando del comandante Héctor Calzada."", ""doc_id"": ""Coahuila_Abel M H_7"", ""offset"": -1}], ""perp_tipo12"": [{""span"": ""La policía ministerial inició las investigaciones que corrieron a cargo del segundo grupo de homicidios al mando del comandante Héctor Calzada."", ""doc_id"": ""Coahuila_Abel M H_7"", ""offset"": -1}], ""perp_tipo13"": [{""span"": ""La policía ministerial inici\\u00"", ""doc_id"": ""Coahuila_Abel M H_7"", ""offset"": -1}]}, ""summary"": null}, ""error"": """"}]"
Coahuila_Alberto G H,hugging-quants/Meta-Llama-3.1-8B-Instruct-AWQ-INT4,2,"[{""victim_id"": ""Coahuila_Alberto G H"", ""model"": ""hugging-quants/Meta-Llama-3.1-8B-Instruct-AWQ-INT4"", ""turn_index"": 0, ""task_name"": ""conversation_summary"", ""doc_id"": ""Coahuila_Alberto G H_2"", ""values"": {""info_found"": ""<TRUE>"", ""relevant_context"": [""captura_tipo"", ""desenlace_tipo"", ""vic_grupo_social"", ""desenlace""], ""summary_by_item"": {""captura_tipo"": [{""span"": ""los siete campesinos desaparecieron el pasado día 18 de octubre en los estados de San Luis Potosí, Coahuila, Nuevo León y Chihuahua."", ""doc_id"": ""Coahuila_Alberto G H_2"", ""offset"": -1}], ""desenlace_tipo"": [{""span"": ""sin embargo la última vez que tuvieron contacto con estos fue el día 20 del mismo mes de octubre"", ""doc_id"": ""Coahuila_Alberto G H_2"", ""offset"": -1}], ""vic_grupo_social"": [{""span"": ""los siete campesinos originarios del rancho Las Cruces, perteneciente a la tenencia de Santiago Undameo, municipio de Morelia"", ""doc_id"": ""Coahuila_Alberto G H_2"", ""offset"": 1021}], ""desenlace"": [{""span"": ""sin embargo ante la falta de respuesta por parte de las autoridades, los desesperados familiares acudieron ante esta redacción con la finalidad de solicitar la colaboración de la sociedad en general, para que en caso de tener algún dato que coadyuve al localización de estas personas acudan ante la PGJ y lo denuncien."", ""doc_id"": ""Coahuila_Alberto G H_2"", ""offset"": -1}]}, ""summary"": ""Se reportan 7 michoacanos desaparecidos. Los siete campesinos desaparecieron el pasado día 18 de octubre en los estados de San Luis Potosí, Coahuila, Nuevo León y Chihuahua. Los siete campesinos originarios del rancho Las Cruces, perteneciente a la tenencia de Santiago Undameo, municipio de Morelia, se dedicaban a comercializar muebles en varios estados del norte del país. La última vez que tuvieron contacto con ellos fue el día 20 del mismo mes de octubre. Ante la falta de respuesta por parte de las autoridades, los desesperados familiares acudieron ante la redacción para solicitar la colaboración de la sociedad en general para localizar a los desaparecidos.""}, ""error"": """"}, {""victim_id"": ""Coahuila_Alberto G H"", ""model"": ""hugging-quants/Meta-Llama-3.1-8B-Instruct-AWQ-INT4"", ""turn_index"": 1, ""task_name"": ""conversation_summary"", ""doc_id"": ""Coahuila_Alberto G H_3"", ""values"": {""info_found"": ""TRUE"", ""relevant_context"": [""captura_tipo"", ""desenlace_tipo"", ""vic_grupo_social"", ""desenlace""], ""summary_by_item"": {""captura_tipo"": [{""span"": ""los siete campesinos desaparecieron el pasado día 18 de octubre en los estados de San Luis Potosí, Coahuila, Nuevo León y Chihuahua."", ""doc_id"": ""Coahuila_Alberto G H_3"", ""offset"": -1}, {""span"": ""los siete campesinos originarios del rancho Las Cruces, perteneciente a la tenencia de Santiago Undameo, municipio de Morelia, se dedicaban a comercializar muebles en varios estados del norte del país."", ""doc_id"": ""Coahuila_Alberto G H_3"", ""offset"": -1}], ""desenlace_tipo"": [{""span"": ""sin embargo la última vez que tuvieron contacto con estos fue el día 20 del mismo mes de octubre"", ""doc_id"": ""Coahuila_Alberto G H_3"", ""offset"": -1}], ""vic_grupo_social"": [{""span"": ""los siete campesinos originarios del rancho Las Cruces, perteneciente a la tenencia de Santiago Undameo, municipio de Morelia"", ""doc_id"": ""Coahuila_Alberto G H_3"", ""offset"": -1}], ""desenlace"": [{""span"": ""sin embargo ante la falta de respuesta por parte de las autoridades, los desesperados familiares acudieron ante esta redacción con la finalidad de solicitar la colaboración de la sociedad en general, para que en caso de tener algún dato que coadyuve al localización de estas personas acudan ante la PGJ y lo denuncien."", ""doc_id"": ""Coahuila_Alberto G H_3"", ""offset"": -1}]}, ""summary"": ""Se reportan 7 michoacanos desaparecidos. Los siete campesinos desaparecieron el pasado día 18 de octubre en los estados de San Luis Potosí, Coahuila, Nuevo León y Chihuahua. Los siete campesinos originarios del rancho Las Cruces, perteneciente a la tenencia de Santiago Undameo, municipio de Morelia, se dedicaban a comercializar muebles en varios estados del norte del país. La última vez que tuvieron contacto con ellos fue el día 20 del mismo mes de octubre. Ante la falta de respuesta por parte de las autoridades, los desesperados familiares acudieron ante la redacción para solicitar la colaboración de la sociedad en general para localizar a los desaparecidos.""}, ""error"": """"}]"
Coahuila_Antonio H H,hugging-quants/Meta-Llama-3.1-8B-Instruct-AWQ-INT4,2,"[{""victim_id"": ""Coahuila_Antonio H H"", ""model"": ""hugging-quants/Meta-Llama-3.1-8B-Instruct-AWQ-INT4"", ""turn_index"": 0, ""task_name"": ""conversation_summary"", ""doc_id"": ""Coahuila_Antonio H H_1"", ""values"": {""info_found"": ""<TRUE>"", ""relevant_context"": [""desenlace"", ""vic_grupo_social"", ""captura_tipo"", ""desenlace_tipo""], ""summary_by_item"": {""desenlace"": [{""span"": ""La Fiscalía de Personas Desaparecidas estatal, emitió la Alerta Amber para ayudar a encontrar a los menores."", ""doc_id"": ""Coahuila_Antonio H H_1"", ""offset"": 4263}], ""vic_grupo_social"": [{""span"": ""La menor Aiko Camila, mide aproximadamente 1 metro de altura, le faltan los dientes frontales superiores y los dedos de ambas manos los tiene torcidos, el día de su desaparición vestía falda color rojo, playera color blanco con el cuello en color rojo y zapatos color negro."", ""doc_id"": ""Coahuila_Antonio H H_1"", ""offset"": 1885}], ""captura_tipo"": [{""span"": ""El día 17 de julio de 2018 fue vista por última vez en su domicilio, hasta el día de hoy se desconoce su paradero, se considera que la integridad de la menor de edad puede estar en riesgo, toda vez que puede ser víctima de la comisión de un delito."", ""doc_id"": ""Coahuila_Antonio H H_1"", ""offset"": -1}], ""desenlace_tipo"": [{""span"": ""Se considera que la integridad de los menores puede estar en riesgo, toda vez que pueden ser víctimas de la comisión de algún delito."", ""doc_id"": ""Coahuila_Antonio H H_1"", ""offset"": 2470}]}, ""summary"": ""La Fiscalía de Personas Desaparecidas estatal emitió la Alerta Amber para ayudar a encontrar a los menores Aiko Camila, Nicolás y Antonio, de 7, 10 y 12 años de edad, respectivamente. La menor Aiko Camila mide aproximadamente 1 metro de altura, le faltan los dientes frontales superiores y los dedos de ambas manos los tiene torcidos. El día 17 de julio de 2018 fue vista por última vez en su domicilio, hasta el día de hoy se desconoce su paradero. Se considera que la integridad de los menores puede estar en riesgo, toda vez que pueden ser víctimas de la comisión de algún delito. Se puede reportar cualquier dato que ayude a su localización a la Fiscalía de Personas Desaparecidas en Coahuila con los teléfonos 01 800 718 40 84 y 844 415 53 90.""}, ""error"": """"}, {""victim_id"": ""Coahuila_Antonio H H"", ""model"": ""hugging-quants/Meta-Llama-3.1-8B-Instruct-AWQ-INT4"", ""turn_index"": 1, ""task_name"": ""conversation_summary"", ""doc_id"": ""Coahuila_Antonio H H_2"", ""values"": {""info_found"": ""TRUE"", ""relevant_context"": [""desenlace"", ""vic_grupo_social"", ""captura_tipo"", ""desenlace_tipo""], ""summary_by_item"": {""desenlace"": [{""span"": ""La Fiscalía de Personas Desaparecidas estatal emitió la Alerta Amber para ayudar a encontrar a los menores Aiko Camila, Nicolás y Antonio, de 7, 10 y 12 años de edad, respectivamente."", ""doc_id"": ""Coahuila_Antonio H H_2"", ""offset"": -1}, {""span"": ""Se considera que la integridad de los menores puede estar en riesgo, toda vez que pueden ser víctimas de la comisión de algún delito."", ""doc_id"": ""Coahuila_Antonio H H_2"", ""offset"": -1}], ""vic_grupo_social"": [{""span"": ""La menor Aiko Camila, mide aproximadamente 1 metro de altura, le faltan los dientes frontales superiores y los dedos de ambas manos los tiene torcidos, el día de su desaparición vestía falda color rojo, playera color blanco con el cuello en color rojo y zapatos color negro."", ""doc_id"": ""Coahuila_Antonio H H_2"", ""offset"": -1}, {""span"": ""Nicolás mide 1.20 metros de estatura y sus dientes frontales son grandes, vestía pantalón azul marino, playera y tenis blancos."", ""doc_id"": ""Coahuila_Antonio H H_2"", ""offset"": 1555}, {""span"": ""Antonio de 1.45 metros de estatura, usa lentes, tiene un lunar en el hombro derecho y los ojos rasgados, vestía pantalón azul, playera y tenis blancos."", ""doc_id"": ""Coahuila_Antonio H H_2"", ""offset"": 1683}], ""captura_tipo"": [{""span"": ""El día 17 de julio de 2018 fue vista por última vez en su domicilio, hasta el día de hoy se desconoce su paradero, se considera que la integridad de la menor de edad puede estar en riesgo, toda vez que puede ser víctima de la comisión de un delito."", ""doc_id"": ""Coahuila_Antonio H H_2"", ""offset"": -1}], ""desenlace_tipo"": [{""span"": ""Se considera que la integridad de los menores puede estar en riesgo, toda vez que pueden ser víctimas de la comisión de algún delito."", ""doc_id"": ""Coahuila_Antonio H H_2"", ""offset"": -1}]}, ""summary"": ""La Fiscalía de Personas Desaparecidas estatal emitió la Alerta Amber para ayudar a encontrar a los menores Aiko Camila, Nicolás y Antonio, de 7, 10 y 12 años de edad, respectivamente. La menor Aiko Camila mide aproximadamente 1 metro de altura, le faltan los dientes frontales superiores y los dedos de ambas manos los tiene torcidos. El día 17 de julio de 2018 fue vista por última vez en su domicilio, hasta el día de hoy se desconoce su paradero. Se considera que la integridad de los menores puede estar en riesgo, toda vez que pueden ser víctimas de la comisión de algún delito. Se puede reportar cualquier dato que ayude a su localización a la Fiscalía de Personas Desaparecidas en Coahuila con los teléfonos 01 800 718 40 84 y 844 415 53 90.""}, ""error"": """"}]"
Coahuila_Diana Maricela C C,hugging-quants/Meta-Llama-3.1-8B-Instruct-AWQ-INT4,1,"[{""victim_id"": ""Coahuila_Diana Maricela C C"", ""model"": ""hugging-quants/Meta-Llama-3.1-8B-Instruct-AWQ-INT4"", ""turn_index"": 0, ""task_name"": ""conversation_summary"", ""doc_id"": ""Coahuila_Diana Maricela C C_1"", ""values"": {""info_found"": ""TRUE"", ""relevant_context"": [""desenlace"", ""vic_grupo_social"", ""captura_tipo"", ""desenlace_tipo""], ""summary_by_item"": {""desenlace"": [{""span"": ""El Torres se dedicaba a cantar y tocaba el instrumento musical güiro en los camiones de las rutas Estancias e Hipódromo, además se presentaba en restaurantes de la zona centro."", ""doc_id"": ""Coahuila_Diana Maricela C C_1"", ""offset"": 3795}], ""vic_grupo_social"": [{""span"": ""El Torres se dedicaba a cantar y tocár en los camiones de las rutas Estancias e Hipódromo, además se presentaba en restaurantes de la zona centro."", ""doc_id"": ""Coahuila_Diana Maricela C C_1"", ""offset"": -1}], ""captura_tipo"": [{""span"": ""El Torres se dedicaba a cantar y tocaba el instrumento musical güiro en los camiones de las rutas Estancias e Hipódromo, además se presentaba en restaurantes de la zona centro."", ""doc_id"": ""Coahuila_Diana Maricela C C_1"", ""offset"": 3795}], ""desenlace_tipo"": [{""span"": ""El Torres se dedicaba a cantar y tocaba el instrumento musical güiro en los camiones de las rutas Estancias e Hipódromo, además se presentaba en restaurantes de la zona centro."", ""doc_id"": ""Coahuila_Diana Maricela C C_1"", ""offset"": 3795}], ""captura_metodo"": [{""span"": ""El Torres se dedicaba a cantar y tocaba el instrumento musical güiro en los camiones de las rutas Estancias e Hipódromo, además se presentaba en restaurantes de la zona centro."", ""doc_id"": ""Coahuila_Diana Maricela C C_1"", ""offset"": 3795}], ""perp_tipo1"": [{""span"": ""El Torres se dedicaba a cantar y tocaba el instrumento musical güiro en los camiones de las rutas Estancias e Hipódromo, además se presentaba en restaurantes de la zona centro."", ""doc_id"": ""Coahuila_Diana Maricela C C_1"", ""offset"": 3795}]}, ""summary"": ""El músico y cantante callejero Victor Manuel Ramírez Rincón, conocido como El Torres, desapareció el 8 de febrero del año en curso a las 9:30 horas. Se dedicaba a cantar y tocaba el instrumento musical güiro en los camiones de las rutas Estancias e Hipódromo, además se presentaba en restaurantes de la zona centro. Su complexión física es delgado, de ceja poblada y piel morena. Cualquier persona que pueda aportar información de su paradero lo puede hacer al teléfono 866 113 30 01.""}, ""error"": """"}]"
Coahuila_Danna Paola H J,hugging-quants/Meta-Llama-3.1-8B-Instruct-AWQ-INT4,3,"[{""victim_id"": ""Coahuila_Danna Paola H J"", ""model"": ""hugging-quants/Meta-Llama-3.1-8B-Instruct-AWQ-INT4"", ""turn_index"": 0, ""task_name"": ""conversation_summary"", ""doc_id"": ""Coahuila_Danna Paola H J_1"", ""values"": {""info_found"": ""TRUE"", ""relevant_context"": [""desenlace"", ""vic_grupo_social"", ""captura_tipo""], ""summary_by_item"": {""desenlace"": [{""span"": ""El joven es identificado como Ricardo Damián Ramos Mata de 19 años de edad. El joven es identificado como Ricardo Damián Ramos Mata de 19 años de edad quien fue reportado por su tía Rosa Patricia Saldua. Hasta el momento autoridades dieron a conocer que el joven iba acompañado de otro individuo que hasta el momento solo se le identifica con el nombre de Dylan. Familiares aseguran que durante esa noche del miércoles los jóvenes asistirín a una fiesta en la colonia Los Pinos, donde posteriormente fue la única vez que se les vio."", ""doc_id"": ""Coahuila_Danna Paola H J_1"", ""offset"": -1}], ""vic_grupo_social"": [{""span"": ""El joven es identificado como Ricardo Damián Ramos Mata de 19 años de edad quien fue reportado por su tía Rosa Patricia Saldua."", ""doc_id"": ""Coahuila_Danna Paola H J_1"", ""offset"": 743}], ""captura_tipo"": [{""span"": ""la calle Nogal #902 en la colonia Los Pinos."", ""doc_id"": ""Coahuila_Danna Paola H J_1"", ""offset"": 207}]}, ""summary"": ""El joven Ricardo Damián Ramos Mata desapareció en la calle Nogal #902 en la colonia Los Pinos. Fue reportado por su tía Rosa Patricia Saldua y se cree que iba acompañado de otro individuo llamado Dylan. Hasta el momento, no se conoce el desenlace de su desaparició.""}, ""error"": """"}, {""victim_id"": ""Coahuila_Danna Paola H J"", ""model"": ""hugging-quants/Meta-Llama-3.1-8B-Instruct-AWQ-INT4"", ""turn_index"": 1, ""task_name"": ""conversation_summary"", ""doc_id"": ""Coahuila_Danna Paola H J_2"", ""values"": {""info_found"": ""TRUE"", ""relevant_context"": [""desenlace"", ""vic_grupo_social"", ""captura_tipo""], ""summary_by_item"": {""desenlace"": [{""span"": ""Hasta el momento, no se conoce el desenlace de su desaparició."", ""doc_id"": ""Coahuila_Danna Paola H J_2"", ""offset"": -1}], ""vic_grupo_social"": [{""span"": ""El joven es identificado como Ricardo Damián Ramos Mata de 19 años de edad quien fue reportado por su tía Rosa Patricia Saldua."", ""doc_id"": ""Coahuila_Danna Paola H J_2"", ""offset"": -1}], ""captura_tipo"": [{""span"": ""la calle Nogal #902 en la colonia Los Pinos."", ""doc_id"": ""Coahuila_Danna Paola H J_2"", ""offset"": -1}]}, ""summary"": ""El joven Ricardo Damián Ramos Mata desapareció en la calle Nogal #902 en la colonia Los Pinos. Fue reportado por su tía Rosa Patricia Saldua y se cree que iba acompañado de otro individuo llamado Dylan. Hasta el momento, no se conoce el desenlace de su desaparició.""}, ""error"": """"}, {""victim_id"": ""Coahuila_Danna Paola H J"", ""model"": ""hugging-quants/Meta-Llama-3.1-8B-Instruct-AWQ-INT4"", ""turn_index"": 2, ""task_name"": ""conversation_summary"", ""doc_id"": ""Coahuila_Danna Paola H J_3"", ""values"": {""info_found"": ""TRUE"", ""relevant_context"": [""desenlace"", ""vic_grupo_social"", ""captura_tipo""], ""summary_by_item"": {""desenlace"": [{""span"": ""Hasta el momento, no se conoce el desenlace de su desaparició."", ""doc_id"": ""Coahuila_Danna Paola H J_3"", ""offset"": -1}, {""span"": ""La paranoia tomó por asalto a los saltillenses, luego del secuestro de un estudiante de 20 años."", ""doc_id"": ""Coahuila_Danna Paola H J_3"", ""offset"": 286}], ""vic_grupo_social"": [{""span"": ""El joven es identificado como Ricardo Damián Ramos Mata de 19 años de edad quien fue reportado por su tía Rosa Patricia Saldua."", ""doc_id"": ""Coahuila_Danna Paola H J_3"", ""offset"": -1}, {""span"": ""El mismo martes hallaron a Danna Paola Hernández Juárez, quien también estaba reportada como desaparecida."", ""doc_id"": ""Coahuila_Danna Paola H J_3"", ""offset"": 1435}], ""captura_tipo"": [{""span"": ""la calle Nogal #902 en la colonia Los Pinos."", ""doc_id"": ""Coahuila_Danna Paola H J_3"", ""offset"": -1}, {""span"": ""la madrugada del martes en la capital de Coahuila, a través de las redes sociales circuló la información de la desaparición de un par de estudiantes."", ""doc_id"": ""Coahuila_Danna Paola H J_3"", ""offset"": -1}]}, ""summary"": ""El joven Ricardo Damián Ramos Mata desapareció en la calle Nogal #902 en la colonia Los Pinos. Fue reportado por su tía Rosa Patricia Saldua y se cree que iba acompañado de otro individuo llamado Dylan. Hasta el momento, no se conoce el desenlace de su desaparició. La paranoia tomó por asalto a los saltillenses, luego del secuestro de un estudiante de 20 años. El mismo martes hallaron a Danna Paola Hernández Juárez, quien también estaba reportada como desaparecida. La madrugada del martes en la capital de Coahuila, a través de las redes sociales circuló la información de la desaparición de un par de estudiantes.""}, ""error"": """"}]"
Coahuila_Antonio de Jesus V E,hugging-quants/Meta-Llama-3.1-8B-Instruct-AWQ-INT4,3,"[{""victim_id"": ""Coahuila_Antonio de Jesus V E"", ""model"": ""hugging-quants/Meta-Llama-3.1-8B-Instruct-AWQ-INT4"", ""turn_index"": 0, ""task_name"": ""conversation_summary"", ""doc_id"": ""Coahuila_Antonio de Jesus V E_5"", ""values"": {""info_found"": ""TRUE"", ""relevant_context"": [""desenlace"", ""vic_grupo_social"", ""captura_tipo""], ""summary_by_item"": {""desenlace"": [{""span"": ""y no se supo más de ella le"", ""doc_id"": ""Coahuila_Antonio de Jesus V E_5"", ""offset"": 47}], ""vic_grupo_social"": [], ""captura_tipo"": [{""span"": ""cobrar la renta"", ""doc_id"": ""Coahuila_Antonio de Jesus V E_5"", ""offset"": 28}]}, ""summary"": ""La persona desapareció mientras cobraba la renta y no se supo más de ella luego de ese momento.""}, ""error"": """"}, {""victim_id"": ""Coahuila_Antonio de Jesus V E"", ""model"": ""hugging-quants/Meta-Llama-3.1-8B-Instruct-AWQ-INT4"", ""turn_index"": 1, ""task_name"": ""conversation_summary"", ""doc_id"": ""Coahuila_Antonio de Jesus V E_8"", ""values"": {""info_found"": ""TRUE"", ""relevant_context"": [""desenlace"", ""vic_grupo_social"", ""captura_tipo""], ""summary_by_item"": {""desenlace"": [{""span"": ""El 24 de enero de 2009 fueron raptados por miembros de la delincuencia en Parras de la Fuente."", ""doc_id"": ""Coahuila_Antonio de Jesus V E_8"", ""offset"": 434}, {""span"": ""Las reuniones mensuales con el entonces Fiscal General del Estado de Coahuila, Jesús Torres Charles, después con el Gobernador en turno, Humberto Moreira Valdés (ahora sujeto a un proceso penal por presuntas acciones criminales), las tortuosas e infructuosas reuniones con los Ministerios Públicos, han tenido un mismo resultado: la no presentación con vida de nuestros familiares."", ""doc_id"": ""Coahuila_Antonio de Jesus V E_8"", ""offset"": -1}], ""vic_grupo_social"": [{""span"": ""Familiares de José Antonio Verástegui exigen su presentación"", ""doc_id"": ""Coahuila_Antonio de Jesus V E_8"", ""offset"": 726}], ""captura_tipo"": [{""span"": ""chalecos de la extinta Agencia Federal de Investigaciones (AFI)"", ""doc_id"": ""Coahuila_Antonio de Jesus V E_8"", ""offset"": 1205}]}, ""summary"": ""La persona desapareció mientras cobraba la renta y no se supo más de ella luego de ese momento. El 24 de enero de 2009 fueron raptados por miembros de la delincuencia en Parras de la Fuente. Los familiares de José Antonio Verástegui exigen su presentación con vida. Los chalecos de la extinta Agencia Federal de Investigaciones (AFI) fueron utilizados por los raptadores.""}, ""error"": """"}, {""victim_id"": ""Coahuila_Antonio de Jesus V E"", ""model"": ""hugging-quants/Meta-Llama-3.1-8B-Instruct-AWQ-INT4"", ""turn_index"": 2, ""task_name"": ""conversation_summary"", ""doc_id"": ""Coahuila_Antonio de Jesus V E_9"", ""values"": {""info_found"": ""TRUE"", ""relevant_context"": [""desenlace"", ""vic_grupo_social"", ""captura_tipo""], ""summary_by_item"": {""desenlace"": [{""span"": ""El 24 de enero de 2009 fueron raptados por miembros de la delincuencia en Parras de la Fuente."", ""doc_id"": ""Coahuila_Antonio de Jesus V E_9"", ""offset"": -1}, {""span"": ""Las reuniones mensuales con el entonces Fiscal General del Estado de Coahuila, Jesús Torres Charles, después con el Gobernador en turno, Humberto Moreira Valdés (ahora sujeto a un proceso penal por presuntas acciones criminales), las tortuosas e infructuosas reuniones con los Ministerios Públicos, han tenido un mismo resultado: la no presentación con vida de nuestros familiares."", ""doc_id"": ""Coahuila_Antonio de Jesus V E_9"", ""offset"": -1}], ""vic_grupo_social"": [{""span"": ""Familiares de José Antonio Verástegui exigen su presentación"", ""doc_id"": ""Coahuila_Antonio de Jesus V E_9"", ""offset"": -1}, {""span"": ""Los familiares de José Antonio Verástegui exigen su presentación con vida"", ""doc_id"": ""Coahuila_Antonio de Jesus V E_9"", ""offset"": -1}], ""captura_tipo"": [{""span"": ""chalecos de la extinta Agencia Federal de Investigaciones (AFI)"", ""doc_id"": ""Coahuila_Antonio de Jesus V E_9"", ""offset"": -1}, {""span"": ""Los chalecos de la extinta Agencia Federal de Investigaciones (AFI) fueron utilizados por los raptadores"", ""doc_id"": ""Coahuila_Antonio de Jesus V E_9"", ""offset"": -1}]}, ""summary"": ""La persona desapareció mientras cobraba la renta y no se supo más de ella luego de ese momento. El 24 de enero de 2009 fueron raptados por miembros de la delincuencia en Parras de la Fuente. Los familiares de José Antonio Verástegui exigen su presentación con vida. Los chalecos de la extinta Agencia Federal de Investigaciones (AFI) fueron utilizados por los raptadores.""}, ""error"": """"}]"
Coahuila_Griselda G,hugging-quants/Meta-Llama-3.1-8B-Instruct-AWQ-INT4,1,"[{""victim_id"": ""Coahuila_Griselda G"", ""model"": ""hugging-quants/Meta-Llama-3.1-8B-Instruct-AWQ-INT4"", ""turn_index"": 0, ""task_name"": ""conversation_summary"", ""doc_id"": ""Coahuila_Griselda G_1"", ""values"": {""info_found"": ""TRUE"", ""relevant_context"": [""desenlace"", ""vic_grupo_social"", ""captura_tipo"", ""desenlace_tipo""], ""summary_by_item"": {""desenlace"": [{""span"": ""Las menores están identificadas como Griselda, de nueve años y Maricela de cuatro. El auxilio lo solicitó alrededor de las 15:00 horas la madre, María Yolanda González, a patrulleros de la Dirección de Seguridad Pública Municipal (DSPM) durante el recorrido que hacían por la calzada Paseo de la Rosita, en la colonia Campestre La Rosita. La mujer les indicó que no encontraba a sus niñas, que fueron a comprar un helado al Seven Eleven ubicado en la calzada que se mencionó y la calle Paseo del Fresno. Por tal motivo los elementos se trasladaron al lugar donde los empleados les indicaron que no habían acudido menores con esas características. La búsqueda se realizó en abanico en el sector sur, algunos patrulleros se dirigieron al estacionamiento del centro comercial Walmart, que se ubica en el bulevar Rodríguez Triana y la calzada Diagonal de las Fuentes. Al mismo tiempo otros uniformados acudieron a la Soriana Triana, mientras que unos más recorrieron las calles de Torreón Jardín. La madre de las menores manifestó que la última vez que vio a sus hijas fue aproximadamente a las 13:00 horas en que fueron a la tienda de conveniencia, pero que hasta las tres pidió auxilio porque primero las buscó por su cuenta. Los policías no descartaron que las niñas se fueron hacia el lugar donde pernoctan, aunque la madre manifestó que es en el centro de la ciudad. Alrededor de las 19:30 horas, patrulleros de la DSPM detectaron a las niñas en las inmediaciones de la Alameda Zaragoza, sin que presentaran alguna huella de violencia, por lo que todo indica que se extraviaron en el Campestre La Rosita y fueron a dar al paseo público."", ""doc_id"": ""Coahuila_Griselda G_1"", ""offset"": 2149}], ""summary"": [{""span"": ""Las niñas se extraviaron en la colonia Campestre La Rosita, en Torreón, Coahuila, y fueron encontradas en las inmediaciones de la Alameda Zaragoza, sin presentar huella de violencia. Las menores están identificadas como Griselda, de nueve años y Maricela de cuatro. La búsqueda se realizó en abanico en el sector sur, y los policías no descartaron que las niñas se fueron hacia el lugar donde pernoctan, aunque la madre manifestó que es en el centro de la ciudad."", ""doc_id"": ""Coahuila_Griselda G_1"", ""offset"": -1}, {""span"": ""La búsqueda se realizó en abanico en el sector sur, y los policías no descartaron que las niñas se fueron hacia el lugar donde pernoctan, aunque la madre manifestó que es en el centro de la ciudad."", ""doc_id"": ""Coahuila_Griselda G_1"", ""offset"": -1}, {""span"": ""Las menores están identificadas como Griselda, de nueve años y Maricela de cuatro."", ""doc_id"": ""Coahuila_Griselda G_1"", ""offset"": 2149}, {""span"": ""La búsqueda se realizó en abanico en el sector sur, algunos patrulleros se dirigieron al estacionamiento del centro comercial Walmart, que se ubica en el bulevar Rodríguez Triana y la calzada Diagonal de las Fuentes. Al mismo tiempo otros uniformados acudieron a la Soriana Triana, mientras que unos más recorrieron las calles de Torreón Jardín."", ""doc_id"": ""Coahuila_Griselda G_1"", ""offset"": 2796}, {""span"": ""La búsqueda se realizó en abanico en el sector sur, algunos patrulleros se dirigieron al estacionamiento del centro comercial Walmart, que se ubica en el bulevar Rodríguez Triana y la calzada Diagonal de las Fuentes. Al mismo tiempo otros uniformados acudieron a la Soriana Triana, mientras que unos más recorrieron las calles de Torreón Jardín."", ""doc_id"": ""Coahuila_Griselda G_1"", ""offset"": 2796}, {""span"": ""La búsqueda se realizó en abanico en el sector sur, algunos patrulleros se dirigieron al estacionamiento del centro comercial Walmart, que se ubica en el bulevar Rodríguez Triana y la calzada Diagonal de las Fuentes. Al mismo tiempo otros uniformados acudieron a la Soriana Triana, mientras que unos más recorrieron las calles de Torreón Jardín."", ""doc_id"": ""Coahuila_Griselda G_1"", ""offset"": 2796}]}, ""summary"": null}, ""error"": """"}]"
Coahuila_Daniel Roberto A M,hugging-quants/Meta-Llama-3.1-8B-Instruct-AWQ-INT4,3,"[{""victim_id"": ""Coahuila_Daniel Roberto A M"", ""model"": ""hugging-quants/Meta-Llama-3.1-8B-Instruct-AWQ-INT4"", ""turn_index"": 0, ""task_name"": ""conversation_summary"", ""doc_id"": ""Coahuila_Daniel Roberto A M_1"", ""values"": {""info_found"": ""TRUE"", ""relevant_context"": [""desenlace"", ""vic_grupo_social"", ""captura_tipo"", ""desenlace_tipo""], ""summary_by_item"": {""desenlace"": [{""span"": ""El 20 de julio de 2009, Hugo Marcelino González Salazar desapareció también en Torreón. Están por cumplirse seis años de que ya no ha sido visto por su familia."", ""doc_id"": ""Coahuila_Daniel Roberto A M_1"", ""offset"": 2905}], ""vic_grupo_social"": [{""span"": ""Las mamás, hermanas, esposas de los desaparecidos, las que también salen a hablar por sus seres queridos, la mayor parte de ellos desde hace muchos años, años difíciles donde los días y las noches se diluyen, y la tristeza campea, pero la esperanza vive."", ""doc_id"": ""Coahuila_Daniel Roberto A M_1"", ""offset"": -1}], ""captura_tipo"": [{""span"": ""La carpeta asfáltica de la avenida Morelos"", ""doc_id"": ""Coahuila_Daniel Roberto A M_1"", ""offset"": -1}], ""desenlace_tipo"": [{""span"": ""No se especifica el tipo de lugar donde se encontró el cuerpo del desaparecido"", ""doc_id"": ""Coahuila_Daniel Roberto A M_1"", ""offset"": -1}]}, ""summary"": ""El 20 de julio de 2009, Hugo Marcelino González Salazar desapareció en Torreón, Coahuila. Están por cumplirse seis años de que ya no ha sido visto por su familia. Las mamás, hermanas, esposas de los desaparecidos, las que también salen a hablar por sus seres queridos, la mayor parte de ellos desde hace muchos años, años difíciles donde los días y las noches se diluyen, y la tristeza campea, pero la esperanza vive. La carpeta asfáltica de la avenida Morelos fue pintada con las caras de los desaparecidos, incluyendo a Hugo Marcelino González Salazar. No se especifica el tipo de lugar donde se encontró el cuerpo del desaparecido.""}, ""error"": """"}, {""victim_id"": ""Coahuila_Daniel Roberto A M"", ""model"": ""hugging-quants/Meta-Llama-3.1-8B-Instruct-AWQ-INT4"", ""turn_index"": 1, ""task_name"": ""conversation_summary"", ""doc_id"": ""Coahuila_Daniel Roberto A M_2"", ""values"": {""info_found"": ""TRUE"", ""relevant_context"": [""desenlace"", ""vic_grupo_social"", ""captura_tipo"", ""desenlace_tipo""], ""summary_by_item"": {""desenlace"": [{""span"": ""El 20 de julio de 2009, Hugo Marcelino González Salazar desapareció también en Torreón. Están por cumplirse seis años de que ya no ha sido visto por su familia."", ""doc_id"": ""Coahuila_Daniel Roberto A M_2"", ""offset"": -1}, {""span"": ""El 20 de julio de 2009, Hugo Marcelino González Salazar desapareció también en Torreón. Están por cumplirse seis años de que ya no ha sido visto por su familia."", ""doc_id"": ""Coahuila_Daniel Roberto A M_2"", ""offset"": -1}], ""vic_grupo_social"": [{""span"": ""Las mamás, hermanas, esposas de los desaparecidos, las que también salen a hablar por sus seres queridos, la mayor parte de ellos desde hace muchos años, años difíciles donde los días y las noches se diluyen, y la tristeza campea, pero la esperanza vive."", ""doc_id"": ""Coahuila_Daniel Roberto A M_2"", ""offset"": -1}, {""span"": ""Las mamás, hermanas, esposas de los desaparecidos, las que también salen a hablar por sus seres queridos, la mayor parte de ellos desde hace muchos años, años difíciles donde los días y las noches se diluyen, y la tristeza campea, pero la esperanza vive."", ""doc_id"": ""Coahuila_Daniel Roberto A M_2"", ""offset"": -1}], ""captura_tipo"": [{""span"": ""La carpeta asfáltica de la avenida Morelos"", ""doc_id"": ""Coahuila_Daniel Roberto A M_2"", ""offset"": -1}, {""span"": ""La carpeta asfáltica de la avenida Morelos"", ""doc_id"": ""Coahuila_Daniel Roberto A M_2"", ""offset"": -1}], ""desenlace_tipo"": [{""span"": ""No se especifica el tipo de lugar donde se encontró el cuerpo del desaparecido"", ""doc_id"": ""Coahuila_Daniel Roberto A M_2"", ""offset"": -1}, {""span"": ""No se especifica el tipo de lugar donde se encontró el cuerpo del desaparecido"", ""doc_id"": ""Coahuila_Daniel Roberto A M_2"", ""offset"": -1}]}, ""summary"": ""El 20 de julio de 2009, Hugo Marcelino González Salazar desapareció en Torreón, Coahuila. Están por cumplirse seis años de que ya no ha sido visto por su familia. Las mamás, hermanas, esposas de los desaparecidos, las que también salen a hablar por sus seres queridos, la mayor parte de ellos desde hace muchos años, años difíciles donde los días y las noches se diluyen, y la tristeza campea, pero la esperanza vive. La carpeta asfáltica de la avenida Morelos fue pintada con las caras de los desaparecidos, incluyendo a Hugo Marcelino González Salazar. No se especifica el tipo de lugar donde se encontró el cuerpo del desaparecido.""}, ""error"": """"}, {""victim_id"": ""Coahuila_Daniel Roberto A M"", ""model"": ""hugging-quants/Meta-Llama-3.1-8B-Instruct-AWQ-INT4"", ""turn_index"": 2, ""task_name"": ""conversation_summary"", ""doc_id"": ""Coahuila_Daniel Roberto A M_3"", ""values"": {""info_found"": ""TRUE"", ""relevant_context"": [""vic_grupo_social"", ""captura_tipo"", ""desenlace_tipo""], ""summary_by_item"": {""vic_grupo_social"": [{""span"": ""Las mamás, hermanas, esposas de los desaparecidos, las que también salen a hablar por sus seres queridos, la mayor parte de ellos desde hace muchos años, años difíciles donde los días y las noches se diluyen, y la tristeza campea, pero la esperanza vive."", ""doc_id"": ""Coahuila_Daniel Roberto A M_3"", ""offset"": -1}, {""span"": ""Las mamás, hermanas, esposas de los desaparecidos, las que también salen a hablar por sus seres queridos, la mayor parte de ellos desde hace muchos años, años difíciles donde los días y las noches se diluyen, y la tristeza campea, pero la esperanza vive."", ""doc_id"": ""Coahuila_Daniel Roberto A M_3"", ""offset"": -1}], ""captura_tipo"": [{""span"": ""La carpeta asfáltica de la avenida Morelos"", ""doc_id"": ""Coahuila_Daniel Roberto A M_3"", ""offset"": -1}, {""span"": ""La carpeta asfáltica de la avenida Morelos"", ""doc_id"": ""Coahuila_Daniel Roberto A M_3"", ""offset"": -1}], ""desenlace_tipo"": [{""span"": ""No se especifica el tipo de lugar donde se encontró el cuerpo del desaparecido"", ""doc_id"": ""Coahuila_Daniel Roberto A M_3"", ""offset"": -1}, {""span"": ""No se especifica el tipo de lugar donde se encontró el cuerpo del desaparecido"", ""doc_id"": ""Coahuila_Daniel Roberto A M_3"", ""offset"": -1}]}, ""summary"": ""El 20 de julio de 2009, Hugo Marcelino González Salazar desapareció en Torreón, Coahuila. Las mamás, hermanas, esposas de los desaparecidos, las que también salen a hablar por sus seres queridos, la mayor parte de ellos desde hace muchos años, años difíciles donde los días y las noches se diluyen, y la tristeza campea, pero la esperanza vive. La carpeta asfáltica de la avenida Morelos fue pintada con las caras de los desaparecidos, incluyendo a Hugo Marcelino González Salazar. No se especifica el tipo de lugar donde se encontró el cuerpo del desaparecido.""}, ""error"": """"}]"
Coahuila_Edgar Emanuel R V,hugging-quants/Meta-Llama-3.1-8B-Instruct-AWQ-INT4,1,"[{""victim_id"": ""Coahuila_Edgar Emanuel R V"", ""model"": ""hugging-quants/Meta-Llama-3.1-8B-Instruct-AWQ-INT4"", ""turn_index"": 0, ""task_name"": ""conversation_summary"", ""doc_id"": ""Coahuila_Edgar Emanuel R V_3"", ""values"": {""info_found"": ""TRUE"", ""relevant_context"": [""desenlace"", ""vic_grupo_social"", ""captura_tipo""], ""summary_by_item"": {""desenlace"": [{""span"": ""No es cierto que hay paz en Piedras Negras, como aseguran las autoridades. A decir de los familiares de los desaparecidos, desde hace años que sólo habita la ausencia."", ""doc_id"": ""Coahuila_Edgar Emanuel R V_3"", ""offset"": 756}], ""vic_grupo_social"": [{""span"": ""Cuatro jóvenes de Piedras Negras, en Coahuila, salieron de sus casas y no se supo más de ellos."", ""doc_id"": ""Coahuila_Edgar Emanuel R V_3"", ""offset"": 660}], ""captura_tipo"": [{""span"": ""Nunca regresó Una mañana, Víctor se despidió de su madre, que iba a grabar un CD de rap "", ""doc_id"": ""Coahuila_Edgar Emanuel R V_3"", ""offset"": 1049}]}, ""summary"": ""Cuatro jóvenes de Piedras Negras, en Coahuila, salieron de sus casas y no se supo más de ellos. No es cierto que hay paz en Piedras Negras, como aseguran las autoridades. A decir de los familiares de los desaparecidos, desde hace años que sólo habita la ausencia. Víctor se despidió de su madre para grabar un CD de rap, pero nunca regresó.""}, ""error"": """"}]"
Coahuila_Daniel D E,hugging-quants/Meta-Llama-3.1-8B-Instruct-AWQ-INT4,2,"[{""victim_id"": ""Coahuila_Daniel D E"", ""model"": ""hugging-quants/Meta-Llama-3.1-8B-Instruct-AWQ-INT4"", ""turn_index"": 0, ""task_name"": ""conversation_summary"", ""doc_id"": ""Coahuila_Daniel D E_1"", ""values"": {""info_found"": ""TRUE"", ""relevant_context"": [""desenlace"", ""vic_grupo_social"", ""captura_tipo"", ""desenlace_tipo""], ""summary_by_item"": {""desenlace"": [{""span"": ""El día sábado 4 de julio de 2009, alrededor de las 8:30 de la mañana, Daniel Durán Espinoza salió de su casa con rumbo a la plaza de la colonia San Joaquín (pulga), Piedras Negras, para vender ropa nueva que tenía de su negocio de venta de uniformes, desde entonces no se ha sabido nada de él. Ya se dio parte a las autoridades correspondientes y se ha buscado en hospitales y otras instituciones de Gobierno. Se levantó un acta ante la Fiscalía General del Estado en la Región Norte por la desaparición."", ""doc_id"": ""Coahuila_Daniel D E_1"", ""offset"": 1963}], ""vic_grupo_social"": [{""span"": ""El día sábado 4 de julio de 2009, alrededor de las 8:30 de la mañana, Daniel Durán Espinoza salió de su casa con rumbo a la plaza de la colonia San Joaquín (pulga), Piedras Negras, para vender ropa nueva que tenía de su negocio de venta de uniformes, desde entonces no se ha sabido nada de él. Ya se dio parte a las autoridades correspondientes y se ha buscado en hospitales y otras instituciones de Gobierno. Se levantó un acta ante la Fiscalía General del Estado en la Región Norte por la desaparición."", ""doc_id"": ""Coahuila_Daniel D E_1"", ""offset"": 1963}], ""captura_tipo"": [{""span"": ""El día sábado 4 de julio de 2009, alrededor de las 8:30 de la mañana, Daniel Durán Espinoza salió de su casa con rumbo a la plaza de la colonia San Joaquín (pulga), Piedras Negras, para vender ropa nueva que tenía de su negocio de venta de uniformes, desde entonces no se ha sabido nada de él. Ya se dio parte a las autoridades correspondientes y se ha buscado en hospitales y otras instituciones de Gobierno. Se levantó un acta ante la Fiscalía General del Estado en la Región Norte por la desaparición."", ""doc_id"": ""Coahuila_Daniel D E_1"", ""offset"": 1963}], ""desenlace_tipo"": [{""span"": ""Se levantó un acta ante la Fiscalía General del Estado en la Región Norte por la desaparición."", ""doc_id"": ""Coahuila_Daniel D E_1"", ""offset"": 2373}]}, ""summary"": ""El comerciante Daniel Durán Espinoza desapareció el 4 de julio de 2009 mientras vendía ropa en la plaza de la colonia San Joaquín en Piedras Negras. Se dio parte a las autoridades correspondientes y se ha buscado en hospitales y otras instituciones de Gobierno. Se levantó un acta ante la Fiscalía General del Estado en la Región Norte por la desaparición.""}, ""error"": """"}, {""victim_id"": ""Coahuila_Daniel D E"", ""model"": ""hugging-quants/Meta-Llama-3.1-8B-Instruct-AWQ-INT4"", ""turn_index"": 1, ""task_name"": ""conversation_summary"", ""doc_id"": ""Coahuila_Daniel D E_2"", ""values"": {""info_found"": ""TRUE"", ""relevant_context"": [""desenlace"", ""vic_grupo_social"", ""captura_tipo"", ""desenlace_tipo""], ""summary_by_item"": {""desenlace"": [{""span"": ""Se levantó un acta ante la Fiscalía General del Estado en la Región Norte por la desaparición."", ""doc_id"": ""Coahuila_Daniel D E_2"", ""offset"": -1}, {""span"": ""El día sábado 4 de julio de 2009, alrededor de las 8:30 de la mañana, Daniel Durán Espinoza salió de su casa con rumbo a la plaza de la colonia San Joaquín (pulga), Piedras Negras, para vender ropa nueva que tenía de su negocio de venta de uniformes, desde entonces no se ha sabido nada de él. Ya se dio parte a las autoridades correspondientes y se ha buscado en hospitales y otras instituciones de Gobierno."", ""doc_id"": ""Coahuila_Daniel D E_2"", ""offset"": -1}], ""vic_grupo_social"": [{""span"": ""El comerciante Daniel Durán Espinoza desapareció el 4 de julio de 2009 mientras vendía ropa en la plaza de la colonia San Joaquín en Piedras Negras. Se dio parte a las autoridades correspondientes y se ha buscado en hospitales y otras instituciones de Gobierno."", ""doc_id"": ""Coahuila_Daniel D E_2"", ""offset"": -1}], ""captura_tipo"": [{""span"": ""El comerciante Daniel Durán Espinoza desapareció el 4 de julio de 2009 mientras vendía ropa en la plaza de la colonia San Joaquín en Piedras Negras. Se dio parte a las autoridades correspondientes y se ha buscado en hospitales y otras instituciones de Gobierno."", ""doc_id"": ""Coahuila_Daniel D E_2"", ""offset"": -1}], ""desenlace_tipo"": [{""span"": ""Se levantó un acta ante la Fiscalía General del Estado en la Región Norte por la desaparición."", ""doc_id"": ""Coahuila_Daniel D E_2"", ""offset"": -1}], ""summary"": [{""span"": ""El comerciante Daniel Durán Espinoza desapareció el 4 de julio de 2009 mientras vendía ropa en la plaza de la colonia San Joaquín en Piedras Negras. Se dio parte a las autoridades correspondientes y se ha buscado en hospitales y otras instituciones de Gobierno. Se levantó un acta ante la Fiscalía General del Estado en la Región Norte por la desaparición."", ""doc_id"": ""Coahuila_Daniel D E_2"", ""offset"": -1}]}, ""summary"": null}, ""error"": """"}]"
Coahuila_Gersain C M,hugging-quants/Meta-Llama-3.1-8B-Instruct-AWQ-INT4,3,"[{""victim_id"": ""Coahuila_Gersain C M"", ""model"": ""hugging-quants/Meta-Llama-3.1-8B-Instruct-AWQ-INT4"", ""turn_index"": 0, ""task_name"": ""conversation_summary"", ""doc_id"": ""Coahuila_Gersain C M_11"", ""values"": {""info_found"": ""<TRUE>"", ""relevant_context"": [""desenlace"", ""vic_grupo_social"", ""captura_tipo"", ""desenlace_tipo""], ""summary_by_item"": {""desenlace"": [{""span"": ""El padre de Maricarmen desapareció en 2009 y su madre murió de un infarto en 2016 sin saber qué había pasado con su esposo."", ""doc_id"": ""Coahuila_Gersain C M_11"", ""offset"": -1}], ""vic_grupo_social"": [{""span"": ""La situación económica de la familia empeoró después de la desaparición del padre."", ""doc_id"": ""Coahuila_Gersain C M_11"", ""offset"": -1}], ""captura_tipo"": [{""span"": ""Gersain Cardona Martínez desapareció en una camioneta con otros 11 vendedores de cambaceo en la ciudad fronteriza de Piedras Negras, Coahuila."", ""doc_id"": ""Coahuila_Gersain C M_11"", ""offset"": -1}], ""desenlace_tipo"": [{""span"": ""La búsqueda del padre de Maricarmen ha sido un proceso lento y difícil, con la Comisión Ejecutiva de Atención a Víctimas en el Estado contando con 11 asesores jurídicos para aproximadamente 400 familiares."", ""doc_id"": ""Coahuila_Gersain C M_11"", ""offset"": -1}]}, ""summary"": ""La desaparición del padre de Maricarmen Cardona Martínez en 2009 y la muerte de su madre en 2016 sin saber qué había pasado con su esposo, han sido un proceso lento y difícil para la familia. La búsqueda del padre ha sido un esfuerzo constante de la madre y la hija, con la ayuda de la Comisión Ejecutiva de Atención a Víctimas en el Estado. La situación económica de la familia empeoró después de la desaparición del padre, y la búsqueda del padre ha sido un proceso lento y difícil, con la Comisión Ejecutiva de Atención a Víctimas en el Estado contando con 11 asesores jurídicos para aproximadamente 400 familiares.""}, ""error"": """"}, {""victim_id"": ""Coahuila_Gersain C M"", ""model"": ""hugging-quants/Meta-Llama-3.1-8B-Instruct-AWQ-INT4"", ""turn_index"": 1, ""task_name"": ""conversation_summary"", ""doc_id"": ""Coahuila_Gersain C M_4"", ""values"": {""info_found"": ""TRUE"", ""relevant_context"": [""desenlace"", ""vic_grupo_social"", ""captura_tipo"", ""desenlace_tipo""], ""summary_by_item"": {""desenlace"": [{""span"": ""El padre de Maricarmen desapareció en 2009 y su madre murió de un infarto en 2016 sin saber qué había pasado con su esposo."", ""doc_id"": ""Coahuila_Gersain C M_4"", ""offset"": -1}, {""span"": ""La búsqueda del padre de Maricarmen ha sido un proceso lento y difícil, con la Comisión Ejecutiva de Atención a Víctimas en el Estado contando con 11 asesores jurídicos para aproximadamente 400 familiares."", ""doc_id"": ""Coahuila_Gersain C M_4"", ""offset"": -1}], ""vic_grupo_social"": [{""span"": ""La situación económica de la familia empeoró después de la desaparición del padre."", ""doc_id"": ""Coahuila_Gersain C M_4"", ""offset"": -1}, {""span"": ""La búsqueda del padre ha sido un esfuerzo constante de la madre y la hija, con la ayuda de la Comisión Ejecutiva de Atención a Víctimas en el Estado."", ""doc_id"": ""Coahuila_Gersain C M_4"", ""offset"": -1}], ""captura_tipo"": [{""span"": ""Gersain Cardona Martínez desapareció en una camioneta con otros 11 vendedores de cambaceo en la ciudad fronteriza de Piedras Negras, Coahuila."", ""doc_id"": ""Coahuila_Gersain C M_4"", ""offset"": -1}, {""span"": ""La búsqueda del padre de Maricarmen ha sido un proceso lento y difícil, con la Comisión Ejecutiva de Atención a Víctimas en el Estado contando con 11 asesores jurídicos para aproximadamente 400 familiares."", ""doc_id"": ""Coahuila_Gersain C M_4"", ""offset"": -1}], ""desenlace_tipo"": [{""span"": ""La búsqueda del padre de Maricarmen ha sido un proceso lento y difícil, con la Comisión Ejecutiva de Atención a Víctimas en el Estado contando con 11 asesores jurídicos para aproximadamente 400 familiares."", ""doc_id"": ""Coahuila_Gersain C M_4"", ""offset"": -1}, {""span"": ""La búsqueda del padre ha sido un esfuerzo constante de la madre y la hija, con la ayuda de la Comisión Ejecutiva de Atención a Víctimas en el Estado."", ""doc_id"": ""Coahuila_Gersain C M_4"", ""offset"": -1}]}, ""summary"": ""La desaparición del padre de Maricarmen Cardona Martínez en 2009 y la muerte de su madre en 2016 sin saber qué había pasado con su esposo, han sido un proceso lento y difícil para la familia. La búsqueda del padre ha sido un esfuerzo constante de la madre y la hija, con la ayuda de la Comisión Ejecutiva de Atención a Víctimas en el Estado. La situación económica de la familia empeoró después de la desaparición del padre, y la búsqueda del padre ha sido un proceso lento y difícil, con la Comisión Ejecutiva de Atención a Víctimas en el Estado contando con 11 asesores jurídicos para aproximadamente 400 familiares.""}, ""error"": """"}, {""victim_id"": ""Coahuila_Gersain C M"", ""model"": ""hugging-quants/Meta-Llama-3.1-8B-Instruct-AWQ-INT4"", ""turn_index"": 2, ""task_name"": ""conversation_summary"", ""doc_id"": ""Coahuila_Gersain C M_5"", ""values"": {""info_found"": ""TRUE"", ""relevant_context"": [""desenlace"", ""vic_grupo_social"", ""captura_tipo"", ""desenlace_tipo""], ""summary_by_item"": {""desenlace"": [{""span"": ""El padre de Maricarmen desapareció en 2009 y su madre murió de un infarto en 2016 sin saber qué había pasado con su esposo."", ""doc_id"": ""Coahuila_Gersain C M_5"", ""offset"": -1}, {""span"": ""La búsqueda del padre de Maricarmen ha sido un proceso lento y difícil, con la Comisión Ejecutiva de Atención a Víctimas en el Estado contando con 11 asesores jurídicos para aproximadamente 400 familiares."", ""doc_id"": ""Coahuila_Gersain C M_5"", ""offset"": -1}], ""vic_grupo_social"": [{""span"": ""La situación económica de la familia empeoró después de la desaparición del padre."", ""doc_id"": ""Coahuila_Gersain C M_5"", ""offset"": -1}, {""span"": ""La búsqueda del padre ha sido un esfuerzo constante de la madre y la hija, con la ayuda de la Comisión Ejecutiva de Atención a Víctimas en el Estado."", ""doc_id"": ""Coahuila_Gersain C M_5"", ""offset"": -1}], ""captura_tipo"": [{""span"": ""Gersain Cardona Martínez desapareció en una camioneta con otros 11 vendedores de cambaceo en la ciudad fronteriza de Piedras Negras, Coahuila."", ""doc_id"": ""Coahuila_Gersain C M_5"", ""offset"": -1}, {""span"": ""La búsqueda del padre de Maricarmen ha sido un proceso lento y difícil, con la Comisión Ejecutiva de Atención a Víctimas en el Estado contando con 11 asesores jurídicos para aproximadamente 400 familiares."", ""doc_id"": ""Coahuila_Gersain C M_5"", ""offset"": -1}], ""desenlace_tipo"": [{""span"": ""La búsqueda del padre de Maricarmen ha sido un proceso lento y difícil, con la Comisión Ejecutiva de Atención a Víctimas en el Estado contando con 11 asesores jurídicos para aproximadamente 400 familiares."", ""doc_id"": ""Coahuila_Gersain C M_5"", ""offset"": -1}, {""span"": ""La búsqueda del padre ha sido un esfuerzo constante de la madre y la hija, con la ayuda de la Comisión Ejecutiva de Atención a Víctimas en el Estado."", ""doc_id"": ""Coahuila_Gersain C M_5"", ""offset"": -1}]}, ""summary"": ""La desaparición del padre de Maricarmen Cardona Martínez en 2009 y la muerte de su madre en 2016 sin saber qué había pasado con su esposo, han sido un proceso lento y difícil para la familia. La búsqueda del padre ha sido un esfuerzo constante de la madre y la hija, con la ayuda de la Comisión Ejecutiva de Atención a Víctimas en el Estado. La situación económica de la familia empeoró después de la desaparición del padre, y la búsqueda del padre ha sido un proceso lento y difícil, con la Comisión Ejecutiva de Atención a Víctimas en el Estado contando con 11 asesores jurídicos para aproximadamente 400 familiares.""}, ""error"": """"}]"
Coahuila_Heber Eusebio R R,hugging-quants/Meta-Llama-3.1-8B-Instruct-AWQ-INT4,1,"[{""victim_id"": ""Coahuila_Heber Eusebio R R"", ""model"": ""hugging-quants/Meta-Llama-3.1-8B-Instruct-AWQ-INT4"", ""turn_index"": 0, ""task_name"": ""conversation_summary"", ""doc_id"": ""Coahuila_Heber Eusebio R R_1"", ""values"": {""info_found"": ""TRUE"", ""relevant_context"": [""desenlace"", ""vic_grupo_social"", ""captura_tipo"", ""desenlace_tipo""], ""summary_by_item"": {""desenlace"": [{""span"": ""El entonces Procurador General de Justicia de Coahuila, Jesùs Torres Charles."", ""doc_id"": ""Coahuila_Heber Eusebio R R_1"", ""offset"": -1}], ""vic_grupo_social"": [{""span"": ""La muerte de uno de los presuntos implicados dejó el caso con ocho detenidos, y se espera que sean sentenciados este año."", ""doc_id"": ""Coahuila_Heber Eusebio R R_1"", ""offset"": 10169}], ""captura_tipo"": [{""span"": ""La policía del municipio Francisco I. Madero, Coahuila, detuvo a un grupo de hombres que viajaban por la carretera hacia Torreón, Coahuila."", ""doc_id"": ""Coahuila_Heber Eusebio R R_1"", ""offset"": -1}], ""desenlace_tipo"": [{""span"": ""La policía no llegó al sitio sino hasta cinco días después, para confirmar que no había nadie dentro del vehículo."", ""doc_id"": ""Coahuila_Heber Eusebio R R_1"", ""offset"": -1}]}, ""summary"": ""El caso de desaparición de siete personas en Coahuila, México, involucra a la policía del municipio Francisco I. Madero, Coahuila, que detuvo a un grupo de hombres que viajaban por la carretera hacia Torreón, Coahuila. El entonces Procurador General de Justicia de Coahuila, Jesùs Torres Charles, estuvo involucrado en el caso. La policía no llegó al sitio sino hasta cinco días después, para confirmar que no había nadie dentro del vehículo. La muerte de uno de los presuntos implicados dejó el caso con ocho detenidos, y se espera que sean sentenciados este año.""}, ""error"": """"}]"
Coahuila_Arleth Lilian T P,hugging-quants/Meta-Llama-3.1-8B-Instruct-AWQ-INT4,1,"[{""victim_id"": ""Coahuila_Arleth Lilian T P"", ""model"": ""hugging-quants/Meta-Llama-3.1-8B-Instruct-AWQ-INT4"", ""turn_index"": 0, ""task_name"": ""conversation_summary"", ""doc_id"": ""Coahuila_Arleth Lilian T P_3"", ""values"": {""info_found"": ""<TRUE>"", ""relevant_context"": [""desenlace"", ""vic_grupo_social"", ""captura_tipo"", ""desenlace_tipo""], ""summary_by_item"": {""desenlace"": [{""span"": ""El resultado de la desaparició, si se especifica."", ""doc_id"": ""Coahuila_Arleth Lilian T P_3"", ""offset"": -1}], ""vic_grupo_social"": [{""span"": ""Las familias que casi siempre lo impulsan, no hay resultados para ellasâÂ¬Â¬Â¬Â¬Â¬Â¬Â¬Â¬Â¬Â¬Â¬Â¬Â¬Â¬Â¬Â¬Â¬Â¬Â¬Â¬Â¬Â¬Â¬Â¬Â¬Â¬Â¬Â¬Â¬Â¬Â¬Â¬Â¬Â¬Â¬Â¬Â¬Â¬Â¬Â¬Â¬Â¬Â¬Â¬Â¬Â¬Â¬Â¬Â¬Â¬Â¬Â¬Â¬Â¬Â¬Â¬Â¬Â¬Â¬Â¬Â¬Â¬Â¬Â¬Â¬Â¬Â¬Â¬Â¬Â¬Â¬Â¬Â¬Â¬Â¬Â¬Â¬Â¬Â¬Â¬Â¬Â¬Â¬Â¬Â¬Â¬Â¬Â¬Â¬Â¬Â¬Â¬Â¬Â¬Â¬Â¬Â¬Â¬Â¬Â¬Â¬Â¬Â¬Â¬Â¬Â¬Â¬Â¬Â¬Â¬Â¬Â¬Â¬Â¬Â¬Â¬Â¬Â¬Â¬Â¬Â¬Â¬Â¬Â¬Â¬Â¬Â¬Â¬Â¬Â¬Â¬Â¬Â¬"", ""doc_id"": ""Coahuila_Arleth Lilian T P_3"", ""offset"": -1}]}, ""summary"": null}, ""error"": """"}]"
Coahuila_Dora Elba S P,hugging-quants/Meta-Llama-3.1-8B-Instruct-AWQ-INT4,2,"[{""victim_id"": ""Coahuila_Dora Elba S P"", ""model"": ""hugging-quants/Meta-Llama-3.1-8B-Instruct-AWQ-INT4"", ""turn_index"": 0, ""task_name"": ""conversation_summary"", ""doc_id"": ""Coahuila_Dora Elba S P_1"", ""values"": {""info_found"": ""TRUE"", ""relevant_context"": [""vic_grupo_social"", ""captura_tipo"", ""desenlace_tipo""], ""summary_by_item"": {""vic_grupo_social"": [{""span"": ""Los hombres, mujeres, niños y profesionales que se convirtieron en trabajadores forzados para grupos delictivos."", ""doc_id"": ""Coahuila_Dora Elba S P_1"", ""offset"": 435}], ""captura_tipo"": [{""span"": ""instalaciones clandestinas de telecomunicación en Sonora (siete antenas y 20 repetidoras), Chihuahua (una antena y una repetidora) y, en agosto reciente, en Veracruz (13 antenas), Tamaulipas (dos antenas y una repetidora), así como en la carretera Monterrey Nuevo-Laredo, la misma donde fue raptado el ingeniero Moreno Baca (donde se descubrió una antena de 50 metros y una repetidora)."", ""doc_id"": ""Coahuila_Dora Elba S P_1"", ""offset"": 5461}], ""desenlace_tipo"": [{""span"": ""se ignora su paradero."", ""doc_id"": ""Coahuila_Dora Elba S P_1"", ""offset"": 2706}]}, ""summary"": ""Los hombres, mujeres, niños y profesionales que se convirtieron en trabajadores forzados para grupos delictivos. Los grupos delictivos han instalado clandestinamente antenas y repetidoras en diferentes lugares, incluyendo Sonora, Chihuahua, Veracruz y Tamaulipas. Se ignora el paradero de las personas secuestradas.""}, ""error"": """"}, {""victim_id"": ""Coahuila_Dora Elba S P"", ""model"": ""hugging-quants/Meta-Llama-3.1-8B-Instruct-AWQ-INT4"", ""turn_index"": 1, ""task_name"": ""conversation_summary"", ""doc_id"": ""Coahuila_Dora Elba S P_2"", ""values"": {""info_found"": ""TRUE"", ""relevant_context"": [""vic_grupo_social"", ""captura_tipo"", ""desenlace_tipo""], ""summary_by_item"": {""vic_grupo_social"": [{""span"": ""Los hombres, mujeres, niños y profesionales que se convirtieron en trabajadores forzados para grupos delictivos."", ""doc_id"": ""Coahuila_Dora Elba S P_2"", ""offset"": -1}, {""span"": ""Los grupos delictivos han instalado clandestinamente antenas y repetidoras en diferentes lugares, incluyendo Sonora, Chihuahua, Veracruz y Tamaulipas."", ""doc_id"": ""Coahuila_Dora Elba S P_2"", ""offset"": -1}], ""captura_tipo"": [{""span"": ""instalaciones clandestinas de telecomunicación en Sonora (siete antenas y 20 repetidoras), Chihuahua (una antena y una repetidora) y, en agosto reciente, en Veracruz (13 antenas), Tamaulipas (dos antenas y una repetidora), así como en la carretera Monterrey Nuevo-Laredo, la misma donde fue raptado el ingeniero Moreno Baca (donde se descubrió una antena de 50 metros y una repetidora)."", ""doc_id"": ""Coahuila_Dora Elba S P_2"", ""offset"": 4778}], ""desenlace_tipo"": [{""span"": ""se ignora su paradero."", ""doc_id"": ""Coahuila_Dora Elba S P_2"", ""offset"": 1666}]}, ""summary"": ""Los hombres, mujeres, niños y profesionales que se convirtieron en trabajadores forzados para grupos delictivos. Los grupos delictivos han instalado clandestinamente antenas y repetidoras en diferentes lugares, incluyendo Sonora, Chihuahua, Veracruz y Tamaulipas. Se ignora el paradero de las personas secuestradas.""}, ""error"": """"}]"
Coahuila_Evelyn A G,hugging-quants/Meta-Llama-3.1-8B-Instruct-AWQ-INT4,6,"[{""victim_id"": ""Coahuila_Evelyn A G"", ""model"": ""hugging-quants/Meta-Llama-3.1-8B-Instruct-AWQ-INT4"", ""turn_index"": 0, ""task_name"": ""conversation_summary"", ""doc_id"": ""Coahuila_Evelyn A G_2"", ""values"": {""info_found"": ""TRUE"", ""relevant_context"": [""desenlace"", ""vic_grupo_social"", ""captura_tipo"", ""desenlace_tipo""], ""summary_by_item"": {""desenlace"": [{""span"": ""se aclare su muerte y se castigue al responsable"", ""doc_id"": ""Coahuila_Evelyn A G_2"", ""offset"": 563}], ""vic_grupo_social"": [{""span"": ""era transexual y fue asesinada este fin de semana"", ""doc_id"": ""Coahuila_Evelyn A G_2"", ""offset"": 832}], ""captura_tipo"": [{""span"": ""fue reportado como desaparecido"", ""doc_id"": ""Coahuila_Evelyn A G_2"", ""offset"": 3202}], ""desenlace_tipo"": [{""span"": ""apuñalado en varias partes del cuerpo"", ""doc_id"": ""Coahuila_Evelyn A G_2"", ""offset"": 3331}]}, ""summary"": ""El asesinato de Evelin Abigaíl, una joven transexual de 24 años, fue condenado por la Asociación San Aelredo y la Administración Municipal de Nava. La policía atribuyó los hechos a la intolerancia y la falta de valores humanos. La víctima fue reportada como desaparecida el pasado sábado y su cuerpo fue encontrado apuñalado en un lote baldío el martes. La comunidad LGBTI se unió para exigir que se aclare su muerte y se castigue al responsable.""}, ""error"": """"}, {""victim_id"": ""Coahuila_Evelyn A G"", ""model"": ""hugging-quants/Meta-Llama-3.1-8B-Instruct-AWQ-INT4"", ""turn_index"": 1, ""task_name"": ""conversation_summary"", ""doc_id"": ""Coahuila_Evelyn A G_3"", ""values"": {""info_found"": ""TRUE"", ""relevant_context"": [""desenlace"", ""vic_grupo_social"", ""captura_tipo"", ""desenlace_tipo""], ""summary_by_item"": {""desenlace"": [{""span"": ""se aclare su muerte y se castigue al responsable"", ""doc_id"": ""Coahuila_Evelyn A G_3"", ""offset"": -1}, {""span"": ""se aclare su muerte y se castigue al responsable"", ""doc_id"": ""Coahuila_Evelyn A G_3"", ""offset"": -1}], ""vic_grupo_social"": [{""span"": ""era transexual y fue asesinada este fin de semana"", ""doc_id"": ""Coahuila_Evelyn A G_3"", ""offset"": -1}, {""span"": ""era transexual y fue asesinada este fin de semana"", ""doc_id"": ""Coahuila_Evelyn A G_3"", ""offset"": -1}], ""captura_tipo"": [{""span"": ""fue reportado como desaparecido"", ""doc_id"": ""Coahuila_Evelyn A G_3"", ""offset"": -1}, {""span"": ""fue reportado como desaparecido"", ""doc_id"": ""Coahuila_Evelyn A G_3"", ""offset"": -1}], ""desenlace_tipo"": [{""span"": ""apuñalado en varias partes del cuerpo"", ""doc_id"": ""Coahuila_Evelyn A G_3"", ""offset"": -1}, {""span"": ""apuñalado en un lote baldío"", ""doc_id"": ""Coahuila_Evelyn A G_3"", ""offset"": -1}]}, ""summary"": ""El asesinato de Evelin Abigaíl, una joven transexual de 24 años, fue condenado por la Asociación San Aelredo y la Administración Municipal de Nava. La policía atribuyó los hechos a la intolerancia y la falta de valores humanos. La víctima fue reportada como desaparecida el pasado sábado y su cuerpo fue encontrado apuñalado en un lote baldío el martes. La comunidad LGBTI se unió para exigir que se aclare su muerte y se castigue al responsable.""}, ""error"": """"}, {""victim_id"": ""Coahuila_Evelyn A G"", ""model"": ""hugging-quants/Meta-Llama-3.1-8B-Instruct-AWQ-INT4"", ""turn_index"": 2, ""task_name"": ""conversation_summary"", ""doc_id"": ""Coahuila_Evelyn A G_4"", ""values"": {""info_found"": ""TRUE"", ""relevant_context"": [""desenlace"", ""vic_grupo_social"", ""captura_tipo"", ""desenlace_tipo""], ""summary_by_item"": {""desenlace"": [{""span"": ""se aclare su muerte y se castigue al responsable"", ""doc_id"": ""Coahuila_Evelyn A G_4"", ""offset"": -1}, {""span"": ""se aclare su muerte y se castigue al responsable"", ""doc_id"": ""Coahuila_Evelyn A G_4"", ""offset"": -1}], ""vic_grupo_social"": [{""span"": ""era transexual y fue asesinada este fin de semana"", ""doc_id"": ""Coahuila_Evelyn A G_4"", ""offset"": -1}, {""span"": ""era transexual y fue asesinada este fin de semana"", ""doc_id"": ""Coahuila_Evelyn A G_4"", ""offset"": -1}], ""captura_tipo"": [{""span"": ""fue reportado como desaparecido"", ""doc_id"": ""Coahuila_Evelyn A G_4"", ""offset"": -1}, {""span"": ""fue reportado como desaparecido"", ""doc_id"": ""Coahuila_Evelyn A G_4"", ""offset"": -1}], ""desenlace_tipo"": [{""span"": ""apuñalado en un lote baldío"", ""doc_id"": ""Coahuila_Evelyn A G_4"", ""offset"": -1}, {""span"": ""apuñalado en un lote baldío"", ""doc_id"": ""Coahuila_Evelyn A G_4"", ""offset"": -1}]}, ""summary"": ""El asesinato de Evelin Abigaíl, una joven transexual de 24 años, fue condenado por la Asociación San Aelredo y la Administración Municipal de Nava. La policía atribuyó los hechos a la intolerancia y la falta de valores humanos. La víctima fue reportada como desaparecida el pasado sábado y su cuerpo fue encontrado apuñalado en un lote baldío el martes. La comunidad LGBTI se unió para exigir que se aclare su muerte y se castigue al responsable.""}, ""error"": """"}, {""victim_id"": ""Coahuila_Evelyn A G"", ""model"": ""hugging-quants/Meta-Llama-3.1-8B-Instruct-AWQ-INT4"", ""turn_index"": 3, ""task_name"": ""conversation_summary"", ""doc_id"": ""Coahuila_Evelyn A G_5"", ""values"": {""info_found"": ""TRUE"", ""relevant_context"": [""vic_grupo_social"", ""captura_tipo"", ""desenlace_tipo"", ""desenlace""], ""summary_by_item"": {""vic_grupo_social"": [{""span"": ""era transexual y fue asesinada este fin de semana"", ""doc_id"": ""Coahuila_Evelyn A G_5"", ""offset"": -1}, {""span"": ""era transexual y fue asesinada este fin de semana"", ""doc_id"": ""Coahuila_Evelyn A G_5"", ""offset"": -1}], ""captura_tipo"": [{""span"": ""fue reportado como desaparecido"", ""doc_id"": ""Coahuila_Evelyn A G_5"", ""offset"": -1}, {""span"": ""fue reportado como desaparecido"", ""doc_id"": ""Coahuila_Evelyn A G_5"", ""offset"": -1}], ""desenlace_tipo"": [{""span"": ""apuñalado en un lote baldío"", ""doc_id"": ""Coahuila_Evelyn A G_5"", ""offset"": -1}, {""span"": ""apuñalado en un lote baldío"", ""doc_id"": ""Coahuila_Evelyn A G_5"", ""offset"": -1}], ""desenlace"": [{""span"": ""se aclare su muerte y se castigue al responsable"", ""doc_id"": ""Coahuila_Evelyn A G_5"", ""offset"": -1}, {""span"": ""se aclare su muerte y se castigue al responsable"", ""doc_id"": ""Coahuila_Evelyn A G_5"", ""offset"": -1}]}, ""summary"": ""La víctima, Evelin Abigaíl, era transexual y fue asesinada este fin de semana. Fue reportado como desaparecido y su cuerpo fue encontrado apuñalado en un lote baldío. La comunidad LGBTI se unió para exigir que se aclare su muerte y se castigue al responsable.""}, ""error"": """"}, {""victim_id"": ""Coahuila_Evelyn A G"", ""model"": ""hugging-quants/Meta-Llama-3.1-8B-Instruct-AWQ-INT4"", ""turn_index"": 4, ""task_name"": ""conversation_summary"", ""doc_id"": ""Coahuila_Evelyn A G_6"", ""values"": {""info_found"": ""TRUE"", ""relevant_context"": [""vic_grupo_social"", ""captura_tipo"", ""desenlace_tipo"", ""desenlace""], ""summary_by_item"": {""vic_grupo_social"": [{""span"": ""era transexual y fue asesinada este fin de semana"", ""doc_id"": ""Coahuila_Evelyn A G_6"", ""offset"": -1}, {""span"": ""era transexual y fue asesinada este fin de semana"", ""doc_id"": ""Coahuila_Evelyn A G_6"", ""offset"": -1}], ""captura_tipo"": [{""span"": ""fue reportado como desaparecido"", ""doc_id"": ""Coahuila_Evelyn A G_6"", ""offset"": -1}, {""span"": ""fue reportado como desaparecido"", ""doc_id"": ""Coahuila_Evelyn A G_6"", ""offset"": -1}], ""desenlace_tipo"": [{""span"": ""apuñalado en un lote baldío"", ""doc_id"": ""Coahuila_Evelyn A G_6"", ""offset"": -1}, {""span"": ""apuñalado en un lote baldío"", ""doc_id"": ""Coahuila_Evelyn A G_6"", ""offset"": -1}], ""desenlace"": [{""span"": ""se aclare su muerte y se castigue al responsable"", ""doc_id"": ""Coahuila_Evelyn A G_6"", ""offset"": -1}, {""span"": ""se aclare su muerte y se castigue al responsable"", ""doc_id"": ""Coahuila_Evelyn A G_6"", ""offset"": -1}]}, ""summary"": ""La víctima, Evelin Abigaíl, era transexual y fue asesinada este fin de semana. Fue reportado como desaparecido y su cuerpo fue encontrado apuñalado en un lote baldío. La comunidad LGBTI se unió para exigir que se aclare su muerte y se castigue al responsable.""}, ""error"": """"}, {""victim_id"": ""Coahuila_Evelyn A G"", ""model"": ""hugging-quants/Meta-Llama-3.1-8B-Instruct-AWQ-INT4"", ""turn_index"": 5, ""task_name"": ""conversation_summary"", ""doc_id"": ""Coahuila_Evelyn A G_7"", ""values"": {""info_found"": ""TRUE"", ""relevant_context"": [""vic_grupo_social"", ""captura_tipo"", ""desenlace_tipo"", ""desenlace""], ""summary_by_item"": {""vic_grupo_social"": [{""span"": ""era transexual y fue asesinada este fin de semana"", ""doc_id"": ""Coahuila_Evelyn A G_7"", ""offset"": -1}, {""span"": ""era transexual y fue asesinada este fin de semana"", ""doc_id"": ""Coahuila_Evelyn A G_7"", ""offset"": -1}], ""captura_tipo"": [{""span"": ""fue reportado como desaparecido"", ""doc_id"": ""Coahuila_Evelyn A G_7"", ""offset"": -1}, {""span"": ""fue reportado como desaparecido"", ""doc_id"": ""Coahuila_Evelyn A G_7"", ""offset"": -1}], ""desenlace_tipo"": [{""span"": ""apuñalado en un lote baldío"", ""doc_id"": ""Coahuila_Evelyn A G_7"", ""offset"": -1}, {""span"": ""apuñalado en un lote baldío"", ""doc_id"": ""Coahuila_Evelyn A G_7"", ""offset"": -1}], ""desenlace"": [{""span"": ""se aclare su muerte y se castigue al responsable"", ""doc_id"": ""Coahuila_Evelyn A G_7"", ""offset"": -1}, {""span"": ""se aclare su muerte y se castigue al responsable"", ""doc_id"": ""Coahuila_Evelyn A G_7"", ""offset"": -1}]}, ""summary"": ""La víctima, Evelin Abigaíl, era transexual y fue asesinada este fin de semana. Fue reportado como desaparecido y su cuerpo fue encontrado apuñalado en un lote baldío. La comunidad LGBTI se unió para exigir que se aclare su muerte y se castigue al responsable.""}, ""error"": """"}]"
Coahuila_Ezequiel C T,hugging-quants/Meta-Llama-3.1-8B-Instruct-AWQ-INT4,4,"[{""victim_id"": ""Coahuila_Ezequiel C T"", ""model"": ""hugging-quants/Meta-Llama-3.1-8B-Instruct-AWQ-INT4"", ""turn_index"": 0, ""task_name"": ""conversation_summary"", ""doc_id"": ""Coahuila_Ezequiel C T_1"", ""values"": {""info_found"": ""FALSE"", ""relevant_context"": [], ""summary_by_item"": {}, ""summary"": ""La página solicitada no existe. Es posible que haya sido movida o eliminada. Puede acceder a la página de inicio.""}, ""error"": """"}, {""victim_id"": ""Coahuila_Ezequiel C T"", ""model"": ""hugging-quants/Meta-Llama-3.1-8B-Instruct-AWQ-INT4"", ""turn_index"": 1, ""task_name"": ""conversation_summary"", ""doc_id"": ""Coahuila_Ezequiel C T_2"", ""values"": {""info_found"": ""TRUE"", ""relevant_context"": [""desenlace"", ""vic_grupo_social"", ""captura_tipo"", ""desenlace_tipo""], ""summary_by_item"": {""desenlace"": [{""span"": ""El plagio habría ocurrido cuando los sinaloenses viajaban por una carretera cercana a Francisco I. Madero, localizado a unos 30 kilómetros al norponiente de Torreón."", ""doc_id"": ""Coahuila_Ezequiel C T_2"", ""offset"": 3384}], ""vic_grupo_social"": [{""span"": ""Los cuatro ciudadanos originarios de Sinaloa que presuntamente fueron secuestrados por policía preventivos de Francisco I. Madero el pasado 15 de junio, habría sido entregados por sus captores a integrantes de un grupo del crimen organizado que opera en la Comarca Lagunera."", ""doc_id"": ""Coahuila_Ezequiel C T_2"", ""offset"": -1}], ""captura_tipo"": [{""span"": ""El plagio habría ocurrido cuando los sinaloenses viajaban por una carretera cercana a Francisco I. Madero, localizado a unos 30 kilómetros al norponiente de Torreón."", ""doc_id"": ""Coahuila_Ezequiel C T_2"", ""offset"": 3384}], ""desenlace_tipo"": [{""span"": ""Los cuatro ciudadanos originarios de Sinaloa que presuntamente fueron secuestrados por policía preventivos de Francisco I. Madero el pasado 15 de junio, habría sido entregados por sus captores a integrantes de un grupo del crimen organizado que opera en la Comarca Lagunera."", ""doc_id"": ""Coahuila_Ezequiel C T_2"", ""offset"": -1}]}, ""summary"": ""El plagio ocurrió cuando los sinaloenses viajaban por una carretera cercana a Francisco I. Madero, localizado a unos 30 kilómetros al norponiente de Torreón. Los cuatro ciudadanos originarios de Sinaloa que presuntamente fueron secuestrados por policía preventivos de Francisco I. Madero el pasado 15 de junio, habría sido entregados por sus captores a integrantes de un grupo del crimen organizado que opera en la Comarca Lagunera.""}, ""error"": """"}, {""victim_id"": ""Coahuila_Ezequiel C T"", ""model"": ""hugging-quants/Meta-Llama-3.1-8B-Instruct-AWQ-INT4"", ""turn_index"": 2, ""task_name"": ""conversation_summary"", ""doc_id"": ""Coahuila_Ezequiel C T_6"", ""values"": {""info_found"": ""TRUE"", ""relevant_context"": [""desenlace"", ""vic_grupo_social"", ""captura_tipo"", ""desenlace_tipo""], ""summary_by_item"": {""desenlace"": [{""span"": ""El plagio habría ocurrido cuando los sinaloenses viajaban por una carretera cercana a Francisco I. Madero, localizado a unos 30 kilómetros al norponiente de Torreón."", ""doc_id"": ""Coahuila_Ezequiel C T_6"", ""offset"": -1}, {""span"": ""Los cuatro ciudadanos originarios de Sinaloa que presuntamente fueron secuestrados por policía preventivos de Francisco I. Madero el pasado 15 de junio, habría sido entregados por sus captores a integrantes de un grupo del crimen organizado que opera en la Comarca Lagunera."", ""doc_id"": ""Coahuila_Ezequiel C T_6"", ""offset"": -1}], ""vic_grupo_social"": [{""span"": ""Los cuatro ciudadanos originarios de Sinaloa que presuntamente fueron secuestrados por policía preventivos de Francisco I. Madero el pasado 15 de junio, habría sido entregados por sus captores a integrantes de un grupo del crimen organizado que opera en la Comarca Lagunera."", ""doc_id"": ""Coahuila_Ezequiel C T_6"", ""offset"": -1}], ""captura_tipo"": [{""span"": ""El plagio habría ocurrido cuando los sinaloenses viajaban por una carretera cercana a Francisco I. Madero, localizado a unos 30 kilómetros al norponiente de Torreón."", ""doc_id"": ""Coahuila_Ezequiel C T_6"", ""offset"": -1}], ""desenlace_tipo"": [{""span"": ""Los cuatro ciudadanos originarios de Sinaloa que presuntamente fueron secuestrados por policía preventivos de Francisco I. Madero el pasado 15 de junio, habría sido entregados por sus captores a integrantes de un grupo del crimen organizado que opera en la Comarca Lagunera."", ""doc_id"": ""Coahuila_Ezequiel C T_6"", ""offset"": -1}], ""summary"": [{""span"": ""El plagio habría ocurrido cuando los sinaloenses viajaban por una carretera cercana a Francisco I. Madero, localizado a unos 30 kilómetros al norponiente de Torreón. Los cuatro ciudadanos originarios de Sinaloa que presuntamente fueron secuestrados por policía preventivos de Francisco I. Madero el pasado 15 de junio, habría sido entregados por sus captores a integrantes de un grupo del crimen organizado que opera en la Comarca Lagunera."", ""doc_id"": ""Coahuila_Ezequiel C T_6"", ""offset"": -1}]}, ""summary"": null}, ""error"": """"}, {""victim_id"": ""Coahuila_Ezequiel C T"", ""model"": ""hugging-quants/Meta-Llama-3.1-8B-Instruct-AWQ-INT4"", ""turn_index"": 3, ""task_name"": ""conversation_summary"", ""doc_id"": ""Coahuila_Ezequiel C T_8"", ""values"": {""info_found"": ""TRUE"", ""relevant_context"": [""desenlace"", ""vic_grupo_social"", ""captura_tipo"", ""desenlace_tipo""], ""summary_by_item"": {""desenlace"": [{""span"": ""El entonces Procurador General de Justicia de Coahuila, Jesùs Torres Charles."", ""doc_id"": ""Coahuila_Ezequiel C T_8"", ""offset"": -1}], ""vic_grupo_social"": [{""span"": ""La muerte de uno de los presuntos implicados dejó el caso con ocho detenidos, y se espera que sean sentenciados este año."", ""doc_id"": ""Coahuila_Ezequiel C T_8"", ""offset"": 10169}], ""captura_tipo"": [{""span"": ""La policía del municipio Francisco I. Madero, Coahuila, detuvo a un grupo de hombres que viajaban por la carretera hacia Torreón, Coahuila."", ""doc_id"": ""Coahuila_Ezequiel C T_8"", ""offset"": -1}], ""desenlace_tipo"": [{""span"": ""La policía no llegó al sitio sino hasta cinco días después, para confirmar que no había nadie dentro del vehículo."", ""doc_id"": ""Coahuila_Ezequiel C T_8"", ""offset"": -1}]}, ""summary"": ""El caso de desaparición de siete personas en Coahuila, México, involucra a la policía del municipio Francisco I. Madero, Coahuila, que detuvo a un grupo de hombres que viajaban por la carretera hacia Torreón, Coahuila. El entonces Procurador General de Justicia de Coahuila, Jesùs Torres Charles, estuvo involucrado en el caso. La policía no llegó al sitio sino hasta cinco días después, para confirmar que no había nadie dentro del vehículo. La muerte de uno de los presuntos implicados dejó el caso con ocho detenidos, y se espera que sean sentenciados este año.""}, ""error"": """"}]"
Coahuila_Emanuel L R,hugging-quants/Meta-Llama-3.1-8B-Instruct-AWQ-INT4,1,"[{""victim_id"": ""Coahuila_Emanuel L R"", ""model"": ""hugging-quants/Meta-Llama-3.1-8B-Instruct-AWQ-INT4"", ""turn_index"": 0, ""task_name"": ""conversation_summary"", ""doc_id"": ""Coahuila_Emanuel L R_2"", ""values"": {""info_found"": ""TRUE"", ""relevant_context"": [""desenlace"", ""vic_grupo_social"", ""captura_tipo"", ""desenlace_tipo""], ""summary_by_item"": {""desenlace"": [{""span"": ""The outcome of the disappearance, if specified."", ""doc_id"": ""Coahuila_Emanuel L R_2"", ""offset"": -1}], ""vic_grupo_social"": [{""span"": ""Is the victim a member of a distinct social group? "", ""doc_id"": ""Coahuila_Emanuel L R_2"", ""offset"": -1}], ""captura_tipo"": [{""span"": ""The type of place from which the victim disappeared if it is specified. Categories belonging to HURIDOCS (https://www.huridocs.org/resource/micro-thesauri/)."", ""doc_id"": ""Coahuila_Emanuel L R_2"", ""offset"": -1}], ""desenlace_tipo"": [{""span"": ""The type of place where the outcome occurred according to HURIDOCS."", ""doc_id"": ""Coahuila_Emanuel L R_2"", ""offset"": -1}], ""captura_metodo"": [], ""perp_tipo1"": [], ""perp_tipo2"": [], ""perp_tipo3"": [], ""perp_tipo4"": [], ""perp_tipo5"": [], ""perp_tipo6"": [], ""perp_tipo7"": [], ""perp_tipo8"": [], ""perp_tipo9"": [], ""perp_tipo10"": [], ""perp_tipo11"": [], ""perp_tipo12"": [], ""perp_tipo13"": [], ""perp_tipo14"": [], ""perp_tipo15"": [], ""perp_tipo16"": [], ""perp_tipo17"": [], ""perp_tipo18"": [], ""perp_tipo19"": [], ""perp_tipo20"": []}, ""summary"": ""La desaparición de personas en Monclova no es reportada por las familias. El desenlace de la desaparición, si se especifica, es desconocido. La víctima puede ser miembro de un grupo social distinto. El tipo de lugar desde el que la víctima desapareció, si se especifica, es un lugar en Coahuila, México. El tipo de lugar donde ocurrió el desenlace, según HURIDOCS, es desconocido.""}, ""error"": """"}]"
Coahuila_Hector S G,hugging-quants/Meta-Llama-3.1-8B-Instruct-AWQ-INT4,1,"[{""victim_id"": ""Coahuila_Hector S G"", ""model"": ""hugging-quants/Meta-Llama-3.1-8B-Instruct-AWQ-INT4"", ""turn_index"": 0, ""task_name"": ""conversation_summary"", ""doc_id"": ""Coahuila_Hector S G_2"", ""values"": {""info_found"": ""TRUE"", ""relevant_context"": [""vic_grupo_social"", ""captura_tipo"", ""desenlace_tipo""], ""summary_by_item"": {""vic_grupo_social"": [{""span"": ""Muchos muchachos aquí en el barrio andaban ahí y sí, lo llegaron a invitar y él siempre, ‘no’."", ""doc_id"": ""Coahuila_Hector S G_2"", ""offset"": -1}, {""span"": ""Mataron amigos de él por andar en la delincuencia y decía ‘¿ves?, ¿ves mami lo que les pasa?’"", ""doc_id"": ""Coahuila_Hector S G_2"", ""offset"": -1}], ""captura_tipo"": [{""span"": ""Víctor se despidió de su madre, que iba a grabar un cd de rap al estudio de un compa, dijo, y no volvió más."", ""doc_id"": ""Coahuila_Hector S G_2"", ""offset"": 838}, {""span"": ""Heladio se duchó, se arregló, agarró una muda de ropa y avisó a sus familiares que se iba para Monclova, a una fiesta."", ""doc_id"": ""Coahuila_Hector S G_2"", ""offset"": 947}, {""span"": ""Héctor vino a casa de sus parientes para anunciarles que se iba de mojado a trabajar a los Estados Unidos, como hacía cada y tanto."", ""doc_id"": ""Coahuila_Hector S G_2"", ""offset"": 1105}], ""desenlace_tipo"": [{""span"": ""La gente está decepcionada de que las investigaciones no avanzan. No nomás es mi hijo son muchos."", ""doc_id"": ""Coahuila_Hector S G_2"", ""offset"": -1}, {""span"": ""Dice que mi hijo le habló diciéndole que rehiciera su vida, que estaba joven. Que si no volvía es que no iba a volver y si volvía pues… Ella se volvió a casar."", ""doc_id"": ""Coahuila_Hector S G_2"", ""offset"": -1}]}, ""summary"": ""La gente desapareció en Piedras Negras, como si la tierra los hubiera tragado. Víctor, Heladio y Héctor eran muchachos que desaparecieron en la región de los Cinco Manantiales. Víctor era rapero y salió a grabar un cd de rap, pero nunca regresó. Heladio se fue a una fiesta y nunca volvió. Héctor se fue a trabajar a los Estados Unidos, pero nunca regresó. La gente está decepcionada de que las investigaciones no avanzan. Los padres de los desaparecidos están buscando respuestas y justicia.""}, ""error"": """"}]"
Coahuila_Cosme Humberto A B,hugging-quants/Meta-Llama-3.1-8B-Instruct-AWQ-INT4,4,"[{""victim_id"": ""Coahuila_Cosme Humberto A B"", ""model"": ""hugging-quants/Meta-Llama-3.1-8B-Instruct-AWQ-INT4"", ""turn_index"": 0, ""task_name"": ""conversation_summary"", ""doc_id"": ""Coahuila_Cosme Humberto A B_1"", ""values"": {""info_found"": ""TRUE"", ""relevant_context"": [""desenlace"", ""vic_grupo_social"", ""captura_tipo"", ""desenlace_tipo""], ""summary_by_item"": {""desenlace"": [{""span"": ""El ignorado pueblo de Coahuila marcha de familiares de desaparecidos y otras que hacían alusión al Coahuila de los Moreira, pues fue durante la administración del actual presidente nacional del PRI, cuando se registraron la mayor parte de los hechos en que desaparecieron personas."", ""doc_id"": ""Coahuila_Cosme Humberto A B_1"", ""offset"": -1}], ""vic_grupo_social"": [{""span"": ""El contingente de unas 150 personas estuvo integrado por parientes de unos 120 desaparecidos en esa entidad del norte del país, donde este fenómeno se ha recrudecido a partir de 2007, año en que la guerra de Felipe Calderón contra el narcotráfico desbordó la violencia en el país."", ""doc_id"": ""Coahuila_Cosme Humberto A B_1"", ""offset"": 1587}], ""captura_tipo"": [{""span"": ""El contingente de unas 150 personas estuvo integrado por parientes de unos 120 desaparecidos en esa entidad del norte del país, donde este fenómeno se ha recrudecido a partir de 2007, año en que la guerra de Felipe Calderón contra el narcotráfico desbordó la violencia en el país."", ""doc_id"": ""Coahuila_Cosme Humberto A B_1"", ""offset"": 1587}], ""desenlace_tipo"": [{""span"": ""El ignorado pueblo de Coahuila marcha de familiares de desaparecidos y otras que hacían alusión al Coahuila de los Moreira, pues fue durante la administración del actual presidente nacional del PRI, cuando se registraron la mayor parte de los hechos en que desaparecieron personas."", ""doc_id"": ""Coahuila_Cosme Humberto A B_1"", ""offset"": -1}]}, ""summary"": ""La familia de desaparecidos en Coahuila inician diálogo con Blake. El contingente de unas 150 personas estuvo integrado por parientes de unos 120 desaparecidos en esa entidad del norte del país, donde este fenómeno se ha recrudecido a partir de 2007. El ignorado pueblo de Coahuila marcha de familiares de desaparecidos y otras que hacían alusión al Coahuila de los Moreira, pues fue durante la administración del actual presidente nacional del PRI, cuando se registraron la mayor parte de los hechos en que desaparecieron personas.""}, ""error"": """"}, {""victim_id"": ""Coahuila_Cosme Humberto A B"", ""model"": ""hugging-quants/Meta-Llama-3.1-8B-Instruct-AWQ-INT4"", ""turn_index"": 1, ""task_name"": ""conversation_summary"", ""doc_id"": ""Coahuila_Cosme Humberto A B_3"", ""values"": {""info_found"": ""TRUE"", ""relevant_context"": [""desenlace"", ""vic_grupo_social"", ""captura_tipo"", ""desenlace_tipo""], ""summary_by_item"": {""desenlace"": [{""span"": ""El ignorado pueblo de Coahuila marcha de familiares de desaparecidos y otras que hacían alusión al Coahuila de los Moreira, pues fue durante la administración del actual presidente nacional del PRI, cuando se registraron la mayor parte de los hechos en que desaparecieron personas."", ""doc_id"": ""Coahuila_Cosme Humberto A B_3"", ""offset"": -1}], ""vic_grupo_social"": [{""span"": ""El contingente de unas 150 personas estuvo integrado por parientes de unos 120 desaparecidos en esa entidad del norte del país, donde este fenómeno se ha recrudecido a partir de 2007, año en que la guerra de Felipe Calderón contra el narcotráfico desbordó la violencia en el país."", ""doc_id"": ""Coahuila_Cosme Humberto A B_3"", ""offset"": -1}], ""captura_tipo"": [{""span"": ""El contingente de unas 150 personas estuvo integrado por parientes de unos 120 desaparecidos en esa entidad del norte del país, donde este fenómeno se ha recrudecido a partir de 2007, año en que la guerra de Felipe Calderón contra el narcotráfico desbordó la violencia en el país."", ""doc_id"": ""Coahuila_Cosme Humberto A B_3"", ""offset"": -1}], ""desenlace_tipo"": [{""span"": ""El ignorado pueblo de Coahuila marcha de familiares de desaparecidos y otras que hacían alusión al Coahuila de los Moreira, pues fue durante la administración del actual presidente nacional del PRI, cuando se registraron la mayor parte de los hechos en que desaparecieron personas."", ""doc_id"": ""Coahuila_Cosme Humberto A B_3"", ""offset"": -1}]}, ""summary"": ""La familia de desaparecidos en Coahuila inician diálogo con Blake. El contingente de unas 150 personas estuvo integrado por parientes de unos 120 desaparecidos en esa entidad del norte del país, donde este fenómeno se ha recrudecido a partir de 2007. El ignorado pueblo de Coahuila marcha de familiares de desaparecidos y otras que hacían alusión al Coahuila de los Moreira, pues fue durante la administración del actual presidente nacional del PRI, cuando se registraron la mayor parte de los hechos en que desaparecieron personas.""}, ""error"": """"}, {""victim_id"": ""Coahuila_Cosme Humberto A B"", ""model"": ""hugging-quants/Meta-Llama-3.1-8B-Instruct-AWQ-INT4"", ""turn_index"": 2, ""task_name"": ""conversation_summary"", ""doc_id"": ""Coahuila_Cosme Humberto A B_4"", ""values"": {""info_found"": ""<TRUE>"", ""relevant_context"": [""desenlace"", ""vic_grupo_social"", ""captura_tipo"", ""desenlace_tipo""], ""summary_by_item"": {""desenlace"": [{""span"": ""El ignorado pueblo de Coahuila marcha de familiares de desaparecidos y otras que hacían alusión al Coahuila de los Moreira, pues fue durante la administración del actual presidente nacional del PRI, cuando se registraron la mayor parte de los hechos en que desaparecieron personas."", ""doc_id"": ""Coahuila_Cosme Humberto A B_4"", ""offset"": -1}], ""vic_grupo_social"": [{""span"": ""El contingente de unas 150 personas estuvo integrado por parientes de unos 120 desaparecidos en esa entidad del norte del país, donde este fenómeno se ha recrudecido a partir de 2007, año en que la guerra de Felipe Calderón contra el narcotráfico desbordó la violencia en el país."", ""doc_id"": ""Coahuila_Cosme Humberto A B_4"", ""offset"": 1588}], ""captura_tipo"": [{""span"": ""El contingente de unas 150 personas estuvo integrado por parientes de unos 120 desaparecidos en esa entidad del norte del país, donde este fenómeno se ha recrudecido a partir de 2007, año en que la guerra de Felipe Calderón contra el narcotráfico desbordó la violencia en el país."", ""doc_id"": ""Coahuila_Cosme Humberto A B_4"", ""offset"": 1588}], ""desenlace_tipo"": [{""span"": ""El ignorado pueblo de Coahuila marcha de familiares de desaparecidos y otras que hacían alusión al Coahuila de los Moreira, pues fue durante la administración del actual presidente nacional del PRI, cuando se registraron la mayor parte de los hechos en que desaparecieron personas."", ""doc_id"": ""Coahuila_Cosme Humberto A B_4"", ""offset"": -1}]}, ""summary"": ""La familia de desaparecidos en Coahuila inicia diálogo con Blake. El contingente de unas 150 personas estuvo integrado por parientes de unos 120 desaparecidos en esa entidad del norte del país, donde este fenómeno se ha recrudecido a partir de 2007. El ignorado pueblo de Coahuila marcha de familiares de desaparecidos y otras que hacían alusión al Coahuila de los Moreira, pues fue durante la administración del actual presidente nacional del PRI, cuando se registraron la mayor parte de los hechos en que desaparecieron personas.""}, ""error"": """"}, {""victim_id"": ""Coahuila_Cosme Humberto A B"", ""model"": ""hugging-quants/Meta-Llama-3.1-8B-Instruct-AWQ-INT4"", ""turn_index"": 3, ""task_name"": ""conversation_summary"", ""doc_id"": ""Coahuila_Cosme Humberto A B_6"", ""values"": {""info_found"": ""TRUE"", ""relevant_context"": [""desenlace"", ""vic_grupo_social"", ""captura_tipo"", ""desenlace_tipo""], ""summary_by_item"": {""desenlace"": [{""span"": ""El ignorado pueblo de Coahuila marcha de familiares de desaparecidos y otras que hacían alusión al Coahuila de los Moreira, pues fue durante la administración del actual presidente nacional del PRI, cuando se registraron la mayor parte de los hechos en que desaparecieron personas."", ""doc_id"": ""Coahuila_Cosme Humberto A B_6"", ""offset"": -1}], ""vic_grupo_social"": [{""span"": ""El contingente de unas 150 personas estuvo integrado por parientes de unos 120 desaparecidos en esa entidad del norte del país, donde este fenómeno se ha recrudecido a partir de 2007, año en que la guerra de Felipe Calderón contra el narcotráfico desbordó la violencia en el país."", ""doc_id"": ""Coahuila_Cosme Humberto A B_6"", ""offset"": -1}], ""captura_tipo"": [{""span"": ""El contingente de unas 150 personas estuvo integrado por parientes de unos 120 desaparecidos en esa entidad del norte del país, donde este fenómeno se ha recrudecido a partir de 2007, año en que la guerra de Felipe Calderón contra el narcotráfico desbordó la violencia en el país."", ""doc_id"": ""Coahuila_Cosme Humberto A B_6"", ""offset"": -1}], ""desenlace_tipo"": [{""span"": ""El ignorado pueblo de Coahuila marcha de familiares de desaparecidos y otras que hacían alusión al Coahuila de los Moreira, pues fue durante la administración del actual presidente nacional del PRI, cuando se registraron la mayor parte de los hechos en que desaparecieron personas."", ""doc_id"": ""Coahuila_Cosme Humberto A B_6"", ""offset"": -1}]}, ""summary"": ""La familia de desaparecidos en Coahuila inicia diálogo con Blake. El contingente de unas 150 personas estuvo integrado por parientes de unos 120 desaparecidos en esa entidad del norte del país, donde este fenómeno se ha recrudecido a partir de 2007. El ignorado pueblo de Coahuila marcha de familiares de desaparecidos y otras que hacían alusión al Coahuila de los Moreira, pues fue durante la administración del actual presidente nacional del PRI, cuando se registraron la mayor parte de los hechos en que desaparecieron personas.""}, ""error"": """"}]"
Coahuila_Aurora Zuzeth T P,hugging-quants/Meta-Llama-3.1-8B-Instruct-AWQ-INT4,2,"[{""victim_id"": ""Coahuila_Aurora Zuzeth T P"", ""model"": ""hugging-quants/Meta-Llama-3.1-8B-Instruct-AWQ-INT4"", ""turn_index"": 0, ""task_name"": ""conversation_summary"", ""doc_id"": ""Coahuila_Aurora Zuzeth T P_1"", ""values"": {""info_found"": ""TRUE"", ""relevant_context"": [""desenlace"", ""vic_grupo_social"", ""captura_tipo"", ""desenlace_tipo""], ""summary_by_item"": {""desenlace"": [{""span"": ""La mañana del 13 de septiembre de 2012, a doña Dora Alicia de la Garza Hernández, se le aflojaron las piernas y sintió que iba a desmayarse. Le había atacado un agudo dolor en el cerebro después que su hija la mayor fue a buscarla hasta la ciudad fronteriza de Eagle Pass, en el Estado de Texas, para darle una noticia tremenda: Que 15 de los familiares de Dora Alicia, entre hijos, nietos, nueras y su esposo, estaban perdidos y no los encontraban."", ""doc_id"": ""Coahuila_Aurora Zuzeth T P_1"", ""offset"": 593}, {""span"": ""La lista del árbol genealógico de Dora, arrancado a pedazos, es tan larga como enredada. De Villas del Carmen desaparecieron a su esposo Juan Carlos Tapia Martínez (53 años), a su hijo Juan Carlos Tapia de la Garza, 'Junior', (34 años), y a la esposa de éste, Johanna Honey | Patrocinado You're Probably Overpaying at Amazon - This Genius Trick Will Fix That Lee el siguiente artículo 2/23 7/16/2019 La mujer que llora 11 desaparecidos | Vanguardia Michel Rodríguez (24 años); al otro hijo de Dora Alicia, José Luis Tapia de la Garza (32 años), a su mujer Nelly Elizeth Sánchez Hernández (31 años), a su nena de 15 días de nacida, a su otra hija Lesly Elizabeth Tapia Sánchez (13 años) y a otros cuatro niños, también nietos de Dora, a los que ella no quiere mencionar por temor a que algo más les pase y ya es bastante con lo que les pasó, dice."", ""doc_id"": ""Coahuila_Aurora Zuzeth T P_1"", ""offset"": -1}, {""span"": ""De la colonia Acoros, se llevaron a su exnuera Aurora Margarita Pérez Gonzáles (35 años) y a sus cuatro hijos: Aurora Zuzeth Tapia Pérez (16 años), Alejandra Jaquelin Tapia Pérez (15 años), Arleth Lilian Tapia Pérez (11 años) y Juan Carlos Tapia Pérez (13 años)."", ""doc_id"": ""Coahuila_Aurora Zuzeth T P_1"", ""offset"": 2172}], ""vic_grupo_social"": [{""span"": ""La lista del árbol genealógico de Dora, arrancado a pedazos, es tan larga como enredada. De Villas del Carmen desaparecieron a su esposo Juan Carlos Tapia Martínez (53 años), a su hijo Juan Carlos Tapia de la Garza, 'Junior', (34 años), y a la esposa de éste, Johanna Honey | Patrocinado You're Probably Overpaying at Amazon - This Genius Trick Will Fix That Lee el siguiente artículo 2/23 7/16/2019 La mujer que llora 11 desaparecidos | Vanguardia Michel Rodríguez (24 años); al otro hijo de Dora Alicia, José Luis Tapia de la Garza (32 años), a su mujer Nelly Elizeth Sánchez Hernández (31 años), a su nena de 15 días de nacida, a su otra hija Lesly Elizabeth Tapia Sánchez (13 años) y a otros cuatro niños, también nietos de Dora, a los que ella no quiere mencionar por temor a que algo más les pase y ya es bastante con lo que les pasó, dice."", ""doc_id"": ""Coahuila_Aurora Zuzeth T P_1"", ""offset"": -1}, {""span"": ""De la colonia Acoros, se llevaron a su exnuera Aurora Margarita Pérez Gonzáles (35 años) y a sus cuatro hijos: Aurora Zuzeth Tapia Pérez (16 años), Alejandra Jaquelin Tapia Pérez (15 años), Arleth Lilian Tapia Pérez (11 años) y Juan Carlos Tapia Pérez (13 años)."", ""doc_id"": ""Coahuila_Aurora Zuzeth T P_1"", ""offset"": 2172}], ""captura_tipo"": [{""span"": ""La lista del árbol genealógico de Dora, arrancado a pedazos, es tan larga como enredada. De Villas del Carmen desaparecieron a su esposo Juan Carlos Tapia Martínez (53 años), a su hijo Juan Carlos Tapia de la Garza, 'Junior', (34 años), y a la esposa de éste, Johanna Honey | Patrocinado You're Probably Overpaying at Amazon - This Genius Trick Will Fix That Lee el siguiente artículo 2"", ""doc_id"": ""Coahuila_Aurora Zuzeth T P_1"", ""offset"": 1324}]}, ""summary"": null}, ""error"": """"}, {""victim_id"": ""Coahuila_Aurora Zuzeth T P"", ""model"": ""hugging-quants/Meta-Llama-3.1-8B-Instruct-AWQ-INT4"", ""turn_index"": 1, ""task_name"": ""conversation_summary"", ""doc_id"": ""Coahuila_Aurora Zuzeth T P_2"", ""values"": {""info_found"": ""TRUE"", ""relevant_context"": [""desenlace"", ""vic_grupo_social"", ""captura_tipo"", ""desenlace_tipo""], ""summary_by_item"": {""desenlace"": [{""span"": ""Fue su hija mayor quien le dio la inesperada noticia: “No hay avances, estoy desesperada y destrozada, estoy de pie porque tengo niños que me dejaron sin sus padres”"", ""doc_id"": ""Coahuila_Aurora Zuzeth T P_2"", ""offset"": -1}], ""vic_grupo_social"": [{""span"": ""15 de sus familiares, entre hijos, nietos, nueras y su esposo, estaban desaparecidos"", ""doc_id"": ""Coahuila_Aurora Zuzeth T P_2"", ""offset"": -1}], ""captura_tipo"": [{""span"": ""La ciudad de Piedras Negras vivía una época brava llena de secuestros, granadazos y balceras"", ""doc_id"": ""Coahuila_Aurora Zuzeth T P_2"", ""offset"": -1}], ""desenlace_tipo"": [{""span"": ""Una semana después del secuestro de sus familiares, cuatro de sus nietos, lo más pequeños, fueron hallados en la Casa Cuna del DIF en Piedras Negras"", ""doc_id"": ""Coahuila_Aurora Zuzeth T P_2"", ""offset"": -1}]}, ""summary"": ""La desaparición de 11 personas en Piedras Negras, Coahuila, fue un evento trágico que afectó a una familia entera. La señora Dora Alicia de la Garza perdió a 15 de sus seres queridos, incluyendo a su esposo, hijos, nietos y nueras. La ciudad de Piedras Negras vivía una época de violencia y secuestros en ese momento. Una semana después del secuestro, cuatro de los nietos de la señora Dora fueron hallados en la Casa Cuna del DIF en Piedras Negras.""}, ""error"": """"}]"
Coahuila_Emma Margarita R J,hugging-quants/Meta-Llama-3.1-8B-Instruct-AWQ-INT4,2,"[{""victim_id"": ""Coahuila_Emma Margarita R J"", ""model"": ""hugging-quants/Meta-Llama-3.1-8B-Instruct-AWQ-INT4"", ""turn_index"": 0, ""task_name"": ""conversation_summary"", ""doc_id"": ""Coahuila_Emma Margarita R J_1"", ""values"": {""info_found"": ""TRUE"", ""relevant_context"": [""desenlace"", ""vic_grupo_social"", ""captura_tipo""], ""summary_by_item"": {""desenlace"": [{""span"": ""Hasta el cierre de la edición se desconocía su paradero."", ""doc_id"": ""Coahuila_Emma Margarita R J_1"", ""offset"": 669}], ""vic_grupo_social"": [{""span"": ""Emma Margarita Romero Jiménez, vecina de la calle Hidalgo en la Zona Centro,"", ""doc_id"": ""Coahuila_Emma Margarita R J_1"", ""offset"": 273}], ""captura_tipo"": [{""span"": ""abordó su camioneta Jeep Patriot, avisó que sólo atendería unos pendientes y regresaría."", ""doc_id"": ""Coahuila_Emma Margarita R J_1"", ""offset"": 580}]}, ""summary"": ""La desaparición de Emma Margarita Romero Jiménez, una mujer de 55 años, en San Buenaventura encendió las alertas en las corporaciones policíacas. Hasta el cierre de la edición se desconocía su paradero. La familia de la mujer reportada como desaparecida abordó su camioneta Jeep Patriot y avisó que sólo atendería unos pendientes y regresaría. La búsqueda continúa.""}, ""error"": """"}, {""victim_id"": ""Coahuila_Emma Margarita R J"", ""model"": ""hugging-quants/Meta-Llama-3.1-8B-Instruct-AWQ-INT4"", ""turn_index"": 1, ""task_name"": ""conversation_summary"", ""doc_id"": ""Coahuila_Emma Margarita R J_2"", ""values"": {""info_found"": ""TRUE"", ""relevant_context"": [""desenlace"", ""vic_grupo_social"", ""captura_tipo""], ""summary_by_item"": {""desenlace"": [{""span"": ""Hasta el cierre de la edición se desconocía su paradero."", ""doc_id"": ""Coahuila_Emma Margarita R J_2"", ""offset"": 669}, {""span"": ""La búsqueda continúa."", ""doc_id"": ""Coahuila_Emma Margarita R J_2"", ""offset"": -1}], ""vic_grupo_social"": [{""span"": ""Emma Margarita Romero Jiménez, vecina de la calle Hidalgo en la Zona Centro,"", ""doc_id"": ""Coahuila_Emma Margarita R J_2"", ""offset"": 273}], ""captura_tipo"": [{""span"": ""abordó su camioneta Jeep Patriot, avisó que sólo atendería unos pendientes y regresaría."", ""doc_id"": ""Coahuila_Emma Margarita R J_2"", ""offset"": 580}], ""desenlace_tipo"": [{""span"": ""La búsqueda continúa."", ""doc_id"": ""Coahuila_Emma Margarita R J_2"", ""offset"": -1}], ""captura_metodo"": [{""span"": ""abordó su camioneta Jeep Patriot, avisó que sólo atendería unos pendientes y regresaría."", ""doc_id"": ""Coahuila_Emma Margarita R J_2"", ""offset"": 580}]}, ""summary"": ""La desaparición de Emma Margarita Romero Jiménez, una mujer de 55 años, en San Buenaventura encendió las alertas en las corporaciones policíacas. Hasta el cierre de la edición se desconocía su paradero. La familia de la mujer reportada como desaparecida abordó su camioneta Jeep Patriot y avisó que sólo atendería unos pendientes y regresaría. La búsqueda continúa.""}, ""error"": """"}]"
Coahuila_Cecilia P,hugging-quants/Meta-Llama-3.1-8B-Instruct-AWQ-INT4,6,"[{""victim_id"": ""Coahuila_Cecilia P"", ""model"": ""hugging-quants/Meta-Llama-3.1-8B-Instruct-AWQ-INT4"", ""turn_index"": 0, ""task_name"": ""conversation_summary"", ""doc_id"": ""Coahuila_Cecilia P_1"", ""values"": {""info_found"": ""TRUE"", ""relevant_context"": [""desenlace"", ""vic_grupo_social"", ""captura_tipo"", ""desenlace_tipo""], ""summary_by_item"": {""desenlace"": [{""span"": ""los cuerpos no han sido encontrados, pero dentro de la investigación ya sabemos lo que pasó"", ""doc_id"": ""Coahuila_Cecilia P_1"", ""offset"": 1193}], ""vic_grupo_social"": [{""span"": ""alumnos de séptimo semestre de la Facultad de Contaduría y Administració de Monclava"", ""doc_id"": ""Coahuila_Cecilia P_1"", ""offset"": -1}], ""captura_tipo"": [{""span"": ""los detenidos por las autoridades estatales, además de dos sujetos que fueron capturados por la Policía Federal"", ""doc_id"": ""Coahuila_Cecilia P_1"", ""offset"": 843}], ""desenlace_tipo"": [{""span"": ""no se menciona el lugar donde se encuentran los cuerpos"", ""doc_id"": ""Coahuila_Cecilia P_1"", ""offset"": -1}]}, ""summary"": ""Los cuerpos de los cuatro estudiantes desaparecidos en Coahuila no han sido encontrados. Los estudiantes eran alumnos de séptimo semestre de la Facultad de Contaduría y Administración de Monclava. Fueron detenidos por las autoridades estatales y dos sujetos por la Policía Federal. La investigación ya sabe lo que pasó, pero no se menciona el lugar donde se encuentran los cuerpos.""}, ""error"": """"}, {""victim_id"": ""Coahuila_Cecilia P"", ""model"": ""hugging-quants/Meta-Llama-3.1-8B-Instruct-AWQ-INT4"", ""turn_index"": 1, ""task_name"": ""conversation_summary"", ""doc_id"": ""Coahuila_Cecilia P_11"", ""values"": {""info_found"": ""TRUE"", ""relevant_context"": [""desenlace"", ""vic_grupo_social"", ""captura_tipo"", ""desenlace_tipo""], ""summary_by_item"": {""desenlace"": [{""span"": ""los cuerpos no han sido encontrados, pero dentro de la investigación ya sabemos lo que pasó"", ""doc_id"": ""Coahuila_Cecilia P_11"", ""offset"": -1}, {""span"": ""los cuerpos no han sido encontrados"", ""doc_id"": ""Coahuila_Cecilia P_11"", ""offset"": -1}], ""vic_grupo_social"": [{""span"": ""alumnos de séptimo semestre de la Facultad de Contaduría y Administración de Monclava"", ""doc_id"": ""Coahuila_Cecilia P_11"", ""offset"": -1}, {""span"": ""alumnos de séptimo semestre de la Facultad de Contaduría y Administración de Monclava"", ""doc_id"": ""Coahuila_Cecilia P_11"", ""offset"": -1}], ""captura_tipo"": [{""span"": ""los detenidos por las autoridades estatales, además de dos sujetos que fueron capturados por la Policía Federal"", ""doc_id"": ""Coahuila_Cecilia P_11"", ""offset"": -1}, {""span"": ""los detenidos por las autoridades estatales"", ""doc_id"": ""Coahuila_Cecilia P_11"", ""offset"": -1}], ""desenlace_tipo"": [{""span"": ""no se menciona el lugar donde se encuentran los cuerpos"", ""doc_id"": ""Coahuila_Cecilia P_11"", ""offset"": -1}, {""span"": ""no se menciona el lugar donde se encuentran los cuerpos"", ""doc_id"": ""Coahuila_Cecilia P_11"", ""offset"": -1}]}, ""summary"": ""La investigación ya sabe lo que pasó con los cuatro estudiantes desaparecidos en Coahuila. Los estudiantes eran alumnos de séptimo semestre de la Facultad de Contaduría y Administración de Monclava. Fueron detenidos por las autoridades estatales y dos sujetos por la Policía Federal. Los cuerpos no han sido encontrados, pero se sabe que los detenidos por las autoridades estatales y dos sujetos por la Policía Federal están involucrados en la desaparición. No se menciona el lugar donde se encuentran los cuerpos.""}, ""error"": """"}, {""victim_id"": ""Coahuila_Cecilia P"", ""model"": ""hugging-quants/Meta-Llama-3.1-8B-Instruct-AWQ-INT4"", ""turn_index"": 2, ""task_name"": ""conversation_summary"", ""doc_id"": ""Coahuila_Cecilia P_4"", ""values"": {""info_found"": ""TRUE"", ""relevant_context"": [""desenlace"", ""vic_grupo_social"", ""captura_tipo"", ""desenlace_tipo""], ""summary_by_item"": {""desenlace"": [{""span"": ""los cuerpos no han sido encontrados, pero dentro de la investigación ya sabemos lo que pasó"", ""doc_id"": ""Coahuila_Cecilia P_4"", ""offset"": 968}, {""span"": ""los cuerpos no han sido encontrados"", ""doc_id"": ""Coahuila_Cecilia P_4"", ""offset"": 968}], ""vic_grupo_social"": [{""span"": ""alumnos de séptimo semestre de la Facultad de Contaduría y Administración de Monclava"", ""doc_id"": ""Coahuila_Cecilia P_4"", ""offset"": 2124}, {""span"": ""alumnos de séptimo semestre de la Facultad de Contaduría y Administración de Monclava"", ""doc_id"": ""Coahuila_Cecilia P_4"", ""offset"": 2124}], ""captura_tipo"": [{""span"": ""los detenidos por las autoridades estatales, además de dos sujetos que fueron capturados por la Policía Federal"", ""doc_id"": ""Coahuila_Cecilia P_4"", ""offset"": 2397}, {""span"": ""los detenidos por las autoridades estatales"", ""doc_id"": ""Coahuila_Cecilia P_4"", ""offset"": 625}], ""desenlace_tipo"": [{""span"": ""no se menciona el lugar donde se encuentran los cuerpos"", ""doc_id"": ""Coahuila_Cecilia P_4"", ""offset"": -1}, {""span"": ""no se menciona el lugar donde se encuentran los cuerpos"", ""doc_id"": ""Coahuila_Cecilia P_4"", ""offset"": -1}]}, ""summary"": ""La investigación ya sabe lo que pasó con los cuatro estudiantes desaparecidos en Coahuila. Los estudiantes eran alumnos de séptimo semestre de la Facultad de Contaduría y Administración de Monclava. Fueron detenidos por las autoridades estatales y dos sujetos por la Policía Federal. Los cuerpos no han sido encontrados, pero se sabe que los detenidos por las autoridades estatales y dos sujetos por la Policía Federal están involucrados en la desaparición. No se menciona el lugar donde se encuentran los cuerpos.""}, ""error"": """"}, {""victim_id"": ""Coahuila_Cecilia P"", ""model"": ""hugging-quants/Meta-Llama-3.1-8B-Instruct-AWQ-INT4"", ""turn_index"": 3, ""task_name"": ""conversation_summary"", ""doc_id"": ""Coahuila_Cecilia P_5"", ""values"": {""info_found"": ""TRUE"", ""relevant_context"": [""vic_grupo_social"", ""captura_tipo"", ""desenlace_tipo""], ""summary_by_item"": {""vic_grupo_social"": [{""span"": ""alumnos de séptimo semestre de la Facultad de Contaduría y Administración de Monclava"", ""doc_id"": ""Coahuila_Cecilia P_5"", ""offset"": -1}, {""span"": ""alumnos de séptimo semestre de la Facultad de Contaduría y Administración de Monclava"", ""doc_id"": ""Coahuila_Cecilia P_5"", ""offset"": -1}], ""captura_tipo"": [{""span"": ""los detenidos por las autoridades estatales, además de dos sujetos que fueron capturados por la Policía Federal"", ""doc_id"": ""Coahuila_Cecilia P_5"", ""offset"": -1}, {""span"": ""los detenidos por las autoridades estatales"", ""doc_id"": ""Coahuila_Cecilia P_5"", ""offset"": -1}], ""desenlace_tipo"": [{""span"": ""no se menciona el lugar donde se encuentran los cuerpos"", ""doc_id"": ""Coahuila_Cecilia P_5"", ""offset"": -1}, {""span"": ""no se menciona el lugar donde se encuentran los cuerpos"", ""doc_id"": ""Coahuila_Cecilia P_5"", ""offset"": -1}]}, ""summary"": ""La investigación ya sabe lo que pasó con los cuatro estudiantes desaparecidos en Coahuila. Los estudiantes eran alumnos de séptimo semestre de la Facultad de Contaduría y Administración de Monclava. Fueron detenidos por las autoridades estatales y dos sujetos por la Policía Federal. Los cuerpos no han sido encontrados, pero se sabe que los detenidos por las autoridades estatales y dos sujetos por la Policía Federal están involucrados en la desaparición. No se menciona el lugar donde se encuentran los cuerpos. El operativo para buscar a los estudiantes desaparecidos ya está en marcha, con la participación de la Policía Federal Preventiva y la Subprocuraduría para la Investigación y Búsqueda de Personas no Localizadas en Coahuila. Los padres de los estudiantes se presentaron a formalizar la denuncia y han estado en contacto con la universidad y la policía para obtener información sobre la investigación. La búsqueda de los estudiantes se inició desde que se puso la denuncia y ya hay gente de la subprocuraduría trabajando en la búsqueda y localización de los estudiantes.""}, ""error"": """"}, {""victim_id"": ""Coahuila_Cecilia P"", ""model"": ""hugging-quants/Meta-Llama-3.1-8B-Instruct-AWQ-INT4"", ""turn_index"": 4, ""task_name"": ""conversation_summary"", ""doc_id"": ""Coahuila_Cecilia P_7"", ""values"": {""info_found"": ""TRUE"", ""relevant_context"": [""vic_grupo_social"", ""captura_tipo"", ""desenlace_tipo""], ""summary_by_item"": {""vic_grupo_social"": [{""span"": ""alumnos de séptimo semestre de la Facultad de Contaduría y Administración de Monclava"", ""doc_id"": ""Coahuila_Cecilia P_7"", ""offset"": -1}, {""span"": ""alumnos de séptimo semestre de la Facultad de Contaduría y Administración de Monclava"", ""doc_id"": ""Coahuila_Cecilia P_7"", ""offset"": -1}], ""captura_tipo"": [{""span"": ""los detenidos por las autoridades estatales, además de dos sujetos que fueron capturados por la Policía Federal"", ""doc_id"": ""Coahuila_Cecilia P_7"", ""offset"": -1}, {""span"": ""los detenidos por las autoridades estatales"", ""doc_id"": ""Coahuila_Cecilia P_7"", ""offset"": -1}], ""desenlace_tipo"": [{""span"": ""no se menciona el lugar donde se encuentran los cuerpos"", ""doc_id"": ""Coahuila_Cecilia P_7"", ""offset"": -1}, {""span"": ""no se menciona el lugar donde se encuentran los cuerpos"", ""doc_id"": ""Coahuila_Cecilia P_7"", ""offset"": -1}]}, ""summary"": ""Veintiséis personas se encuentran detenidas debido a la desaparición de cuatro estudiantes de la Facultad de Contaduría y Administración de la Universidad Autónoma de Coahuila en Monclova. Los hechos ocurrieron la noche del 11 de abril pasado, pero las autoridades no han conseguido dar con el paradero de los estudiantes, que de acuerdo con las declaraciones de los detenidos, murieron cuando el vehículo Stratus en que se desplazaban fue atacado a balazos. El procurador Homero Ramos Gloria, dijo que se trata de 20 detenidos, pero el subprocurador para la Investigación y Búsqueda de Personas no Localizadas, Juan José Yáñez Arreola precisó que se trata de 26, los cuales están presos por este y otros hechos. Los desaparecidos son Cecilia Picazo, Marlyn Peña, Cintia Rivera y Carlos Núñez, alumnos del séptimo semestre de contaduría, que habrían sido atacados tras salir de las instalaciones universitarias. De acuerdo con la Procuraduría, el vehículo en que viajaban fue interceptado por hombres armados que los atacaron tras confundir la unidad con una de un grupo criminal contrario. Ramos Gloria dijo que entre los detenidos están algunos autores de la desaparición y del ataque a tiros, pero ninguno ha dado información suficiente para encontrar a los estudiantes vivos o muertos. Los detenidos manifiestan alrededor de estos hechos que vieron que los muchachos salían de un lugar apartado. Hubo una confusión, pues se les ubicó como integrantes de algún grupo delincuencial. Los trataron de parar, los muchachos se espantaron aceleraron y hubo una serie de acontecimientos que concluyeron con la pérdida de la vida de estos estudiantes.""}, ""error"": """"}, {""victim_id"": ""Coahuila_Cecilia P"", ""model"": ""hugging-quants/Meta-Llama-3.1-8B-Instruct-AWQ-INT4"", ""turn_index"": 5, ""task_name"": ""conversation_summary"", ""doc_id"": ""Coahuila_Cecilia P_9"", ""values"": {""info_found"": ""TRUE"", ""relevant_context"": [""vic_grupo_social"", ""captura_tipo"", ""desenlace_tipo""], ""summary_by_item"": {""vic_grupo_social"": [{""span"": ""alumnos del séptimo semestre de contaduría"", ""doc_id"": ""Coahuila_Cecilia P_9"", ""offset"": -1}], ""captura_tipo"": [{""span"": ""los detenidos por las autoridades estatales"", ""doc_id"": ""Coahuila_Cecilia P_9"", ""offset"": -1}], ""desenlace_tipo"": [{""span"": ""no se menciona el lugar donde se encuentran los cuerpos"", ""doc_id"": ""Coahuila_Cecilia P_9"", ""offset"": -1}]}, ""summary"": ""Veintiséis personas se encuentran detenidas debido a la desaparición de cuatro estudiantes de la Facultad de Contaduría y Administración de la Universidad Autónoma de Coahuila en Monclova. Los hechos ocurrieron la noche del 11 de abril pasado, pero las autoridades no han conseguido dar con el paradero de los estudiantes, que de acuerdo con las declaraciones de los detenidos, murieron cuando el vehículo Stratus en que se desplazaban fue atacado a balazos. Los desaparecidos son Cecilia Picazo, Marlyn Peña, Cintia Rivera y Carlos Núñez, alumnos del séptimo semestre de contaduría, que habrían sido atacados tras salir de las instalaciones universitarias.""}, ""error"": """"}]"
Coahuila_Agustin Alberto N M,hugging-quants/Meta-Llama-3.1-8B-Instruct-AWQ-INT4,4,"[{""victim_id"": ""Coahuila_Agustin Alberto N M"", ""model"": ""hugging-quants/Meta-Llama-3.1-8B-Instruct-AWQ-INT4"", ""turn_index"": 0, ""task_name"": ""conversation_summary"", ""doc_id"": ""Coahuila_Agustin Alberto N M_1"", ""values"": {""info_found"": ""TRUE"", ""relevant_context"": [""desenlace"", ""vic_grupo_social"", ""captura_tipo"", ""desenlace_tipo""], ""summary_by_item"": {""desenlace"": [{""span"": ""La desaparición forzada es una violación de los derechos humanos, y a nivel internacional está calificado como crimen contra la humanidad. En este sentido el Estado mexicano tiene la responsabilidad de evitar que se den las desapariciones, y cuando se dan, poner todos los recursos posibles para investigar y poder encontrar con vida a las personas. No podemos estar simplemente sumando a las listas"", ""doc_id"": ""Coahuila_Agustin Alberto N M_1"", ""offset"": 651}], ""vic_grupo_social"": [{""span"": ""Familiares de por lo menos 21 personas desparecidas a lo largo del año en Coahuila unieron sus voces para exigir justicia a la Fiscalía del Estado. Entre quienes exigían información estaba la esposa del jefe de celadores en el Cereso varonil de Saltillo, quien desapareció hace unos meses."", ""doc_id"": ""Coahuila_Agustin Alberto N M_1"", ""offset"": 1910}], ""captura_tipo"": [{""span"": ""Con esto puedo probar que las autoridades no han investigado la desaparición de mi hijo y de sus compañeros. Ellos se dedicaban a vender oro y traían un monto considerable de dinero; viajaban en un carro color rojo, de cuatro puertas, modelo 2005, y hasta la fecha no se les ha encontrado"", ""doc_id"": ""Coahuila_Agustin Alberto N M_1"", ""offset"": 5327}], ""desenlace_tipo"": [{""span"": ""La desaparición forzada es una violación de los derechos humanos, y a nivel internacional está calificado como crimen contra la humanidad. En este sentido el Estado mexicano tiene la responsabilidad de evitar que se den las desapariciones, y cuando se dan, poner todos los recursos posibles para investigar y poder encontrar con vida a las personas. No podemos estar simplemente sumando a las listas"", ""doc_id"": ""Coahuila_Agustin Alberto N M_1"", ""offset"": 651}]}, ""summary"": ""La desaparición forzada es una violación de los derechos humanos y un crimen contra la humanidad. El Estado mexicano tiene la responsabilidad de evitar que se den las desapariciones y poner todos los recursos posibles para investigar y encontrar con vida a las personas. Familiares de 21 personas desparecidas en Coahuila unieron sus voces para exigir justicia a la Fiscalía del Estado. Las autoridades no han investigado la desaparición de algunos de los desaparecidos, como el hijo de Agustín Núñez, quien se dedicaba a vender oro y traía un monto considerable de dinero. La desaparición forzada es una tragedia que afecta a muchas familias y requiere una respuesta inmediata de las autoridades.""}, ""error"": """"}, {""victim_id"": ""Coahuila_Agustin Alberto N M"", ""model"": ""hugging-quants/Meta-Llama-3.1-8B-Instruct-AWQ-INT4"", ""turn_index"": 1, ""task_name"": ""conversation_summary"", ""doc_id"": ""Coahuila_Agustin Alberto N M_2"", ""values"": {""info_found"": ""TRUE"", ""relevant_context"": [""vic_grupo_social"", ""captura_tipo"", ""desenlace_tipo""], ""summary_by_item"": {""vic_grupo_social"": [{""span"": ""Familiares de por lo menos 21 personas desparecidas a lo largo del año en Coahuila unieron sus voces para exigir justicia a la Fiscalía del Estado. Entre quienes exigían información estaba la esposa del jefe de celadores en el Cereso varonil de Saltillo, quien desapareció hace unos meses."", ""doc_id"": ""Coahuila_Agustin Alberto N M_2"", ""offset"": -1}], ""captura_tipo"": [{""span"": ""Con esto puedo probar que las autoridades no han investigado la desaparición de mi hijo y de sus compañeros. Ellos se dedicaban a vender oro y traían un monto considerable de dinero; viajaban en un carro color rojo, de cuatro puertas, modelo 2005, y hasta la fecha no se les ha encontrado"", ""doc_id"": ""Coahuila_Agustin Alberto N M_2"", ""offset"": -1}], ""desenlace_tipo"": [{""span"": ""La desaparición forzada es una violación de los derechos humanos, y a nivel internacional está calificado como crimen contra la humanidad. En este sentido el Estado mexicano tiene la responsabilidad de evitar que se den las desapariciones, y cuando se dan, poner todos los recursos posibles para investigar y poder encontrar con vida a las personas. No podemos estar simplemente sumando a las listas"", ""doc_id"": ""Coahuila_Agustin Alberto N M_2"", ""offset"": -1}]}, ""summary"": ""La desaparición forzada es una violación de los derechos humanos y un crimen contra la humanidad. El Estado mexicano tiene la responsabilidad de evitar que se den las desapariciones y poner todos los recursos posibles para investigar y encontrar con vida a las personas. Familiares de 21 personas desparecidas en Coahuila unieron sus voces para exigir justicia a la Fiscalía del Estado. Las autoridades no han investigado la desaparición de algunos de los desaparecidos, como el hijo de Agustín Núñez, quien se dedicaba a vender oro y traía un monto considerable de dinero. La desaparición forzada es una tragedia que afecta a muchas familias y requiere una respuesta inmediata de las autoridades.""}, ""error"": """"}, {""victim_id"": ""Coahuila_Agustin Alberto N M"", ""model"": ""hugging-quants/Meta-Llama-3.1-8B-Instruct-AWQ-INT4"", ""turn_index"": 2, ""task_name"": ""conversation_summary"", ""doc_id"": ""Coahuila_Agustin Alberto N M_5"", ""values"": {""info_found"": ""<TRUE>"", ""relevant_context"": [""vic_grupo_social"", ""captura_tipo"", ""desenlace_tipo""], ""summary_by_item"": {""vic_grupo_social"": [{""span"": ""Familiares de por lo menos 21 personas desparecidas a lo largo del año en Coahuila unieron sus voces para exigir justicia a la Fiscalía del Estado. Entre quienes exigían información estaba la esposa del jefe de celadores en el Cereso varonil de Saltillo, quien desapareció hace unos meses."", ""doc_id"": ""Coahuila_Agustin Alberto N M_5"", ""offset"": -1}, {""span"": ""La desaparición forzada es una violación de los derechos humanos y un crimen contra la humanidad. El Estado mexicano tiene la responsabilidad de evitar que se den las desapariciones y poner todos los recursos posibles para investigar y encontrar con vida a las personas. Familiares de 21 personas desparecidas en Coahuila unieron sus voces para exigir justicia a la Fiscalía del Estado. Las autoridades no han investigado la desaparición de algunos de los desaparecidos, como el hijo de Agustín Núñez, quien se dedicaba a vender oro y traía un monto considerable de dinero. La desaparición forzada es una tragedia que afecta a muchas familias y requiere una respuesta inmediata de las autoridades."", ""doc_id"": ""Coahuila_Agustin Alberto N M_5"", ""offset"": -1}], ""captura_tipo"": [{""span"": ""Con esto puedo probar que las autoridades no han investigado la desaparición de mi hijo y de sus compañeros. Ellos se dedicaban a vender oro y traían un monto considerable de dinero; viajaban en un carro color rojo, de cuatro puertas, modelo 2005, y hasta la fecha no se les ha encontrado"", ""doc_id"": ""Coahuila_Agustin Alberto N M_5"", ""offset"": -1}, {""span"": ""La desaparición forzada es una violación de los derechos humanos, y a nivel internacional está calificado como crimen contra la humanidad. En este sentido el Estado mexicano tiene la responsabilidad de evitar que se den las desapariciones, y cuando se dan, poner todos los recursos posibles para investigar y poder encontrar con vida a las personas. No podemos estar simplemente sumando a las listas"", ""doc_id"": ""Coahuila_Agustin Alberto N M_5"", ""offset"": -1}], ""desenlace_tipo"": [{""span"": ""La desaparición forzada es una violación de los derechos humanos, y a nivel internacional está calificado como crimen contra la humanidad. En este sentido el Estado mexicano tiene la responsabilidad de evitar que se den las desapariciones, y cuando se dan, poner todos los recursos posibles para investigar y poder encontrar con vida a las personas. No podemos estar simplemente sumando a las listas"", ""doc_id"": ""Coahuila_Agustin Alberto N M_5"", ""offset"": -1}, {""span"": ""La desaparición forzada es una violación de los derechos humanos y un crimen contra la humanidad. El Estado mexicano tiene la responsabilidad de evitar que se den las desapariciones y poner todos los recursos posibles para investigar y encontrar con vida a las personas. Familiares de 21 personas desparecidas en Coahuila unieron sus voces para exigir justicia a la Fiscalía del Estado. Las autoridades no han investigado la desaparición de algunos de los desaparecidos, como el hijo de Agustín Núñez, quien se dedicaba a vender oro y traía un monto considerable de dinero. La desaparición forzada es una tragedia que afecta a muchas familias y requiere una respuesta inmediata de las autoridades."", ""doc_id"": ""Coahuila_Agustin Alberto N M_5"", ""offset"": -1}], ""summary"": [{""span"": ""La desaparición forzada es una violación de los derechos humanos y un crimen contra la humanidad. El Estado mexicano tiene la responsabilidad de evitar que se den las desapariciones y poner todos los recursos posibles para investigar y encontrar con vida a las personas. Familiares de 21 personas desparecidas en Coahuila unieron sus voces para exigir justicia a la Fiscalía del Estado. Las autoridades no han investigado la desaparición de algunos de los desaparecidos, como el hijo de Agustín Núñez, quien se dedicaba a vender oro y traía un monto considerable de dinero. La desaparición forzada es una tragedia que afecta a muchas familias y requiere una respuesta inmediata de las autoridades."", ""doc_id"": ""Coahuila_Agustin Alberto N M_5"", ""offset"": -1}, {""span"": ""La desaparición forzada es una violación de los derechos humanos, y a nivel internacional está calificado como crimen contra la humanidad. En este sentido el Estado mexicano tiene la responsabilidad de evitar que se den las desapariciones, y cuando se dan, poner"", ""doc_id"": ""Coahuila_Agustin Alberto N M_5"", ""offset"": -1}]}, ""summary"": null}, ""error"": """"}, {""victim_id"": ""Coahuila_Agustin Alberto N M"", ""model"": ""hugging-quants/Meta-Llama-3.1-8B-Instruct-AWQ-INT4"", ""turn_index"": 3, ""task_name"": ""conversation_summary"", ""doc_id"": ""Coahuila_Agustin Alberto N M_9"", ""values"": {""info_found"": ""TRUE"", ""relevant_context"": [""desenlace"", ""vic_grupo_social"", ""captura_tipo"", ""desenlace_tipo""], ""summary_by_item"": {""desenlace"": [{""span"": ""El objetivo es que los familiares o dependientes puedan cobrar seguros, pensiones y cualquier otro derecho del ausente."", ""doc_id"": ""Coahuila_Agustin Alberto N M_9"", ""offset"": 7698}], ""vic_grupo_social"": [{""span"": ""son ciudadanos desaparecidos a la fuerza por grupos armados no identificados. No aceptamos que digan que están relacionados con el crimen organizado y tampoco que sean levantones, porque no forman parte de las peleas entre grupos del narcotráfico."", ""doc_id"": ""Coahuila_Agustin Alberto N M_9"", ""offset"": -1}], ""captura_tipo"": [{""span"": ""Entre las entidades con más víctimas de este delito está Coahuila, que junto con Durango integra la región de La Laguna, que ya se conoce como el nuevo 'triángulo de las Bermudas' (Proceso 1594, 1677, 1704) porque en los últimos tres años han desaparecido ahí 86 personas sin que ninguna autoridad, incluida la Presidencia de la República, haya atendido y resuelto ni un solo caso, pese a las denuncias de familias de por lo menos siete estados."", ""doc_id"": ""Coahuila_Agustin Alberto N M_9"", ""offset"": 1749}], ""desenlace_tipo"": [{""span"": ""El objetivo es que los familiares o dependientes puedan cobrar seguros, pensiones y cualquier otro derecho del ausente."", ""doc_id"": ""Coahuila_Agustin Alberto N M_9"", ""offset"": 7698}]}, ""summary"": ""La desaparición forzada de personas es un problema grave en México, especialmente en el norte del país. Las organizaciones civiles han denunciado que la mayoría de las víctimas no están relacionadas con el crimen organizado, sino que son ciudadanos desaparecidos a la fuerza por grupos armados no identificados. El objetivo es que los familiares o dependientes puedan cobrar seguros, pensiones y cualquier otro derecho del ausente. En Coahuila, que junto con Durango integra la región de La Laguna, han desaparecido 86 personas sin que ninguna autoridad haya atendido y resuelto ni un solo caso. Las autoridades han sido criticadas por no investigar adecuadamente las denuncias y por estigmatizar a las víctimas.""}, ""error"": """"}]"
Coahuila_Emyr L R,hugging-quants/Meta-Llama-3.1-8B-Instruct-AWQ-INT4,2,"[{""victim_id"": ""Coahuila_Emyr L R"", ""model"": ""hugging-quants/Meta-Llama-3.1-8B-Instruct-AWQ-INT4"", ""turn_index"": 0, ""task_name"": ""conversation_summary"", ""doc_id"": ""Coahuila_Emyr L R_1"", ""values"": {""info_found"": ""TRUE"", ""relevant_context"": [""desenlace"", ""vic_grupo_social"", ""captura_tipo"", ""desenlace_tipo""], ""summary_by_item"": {""desenlace"": [{""span"": ""El resultado del desaparición, si se especifica."", ""doc_id"": ""Coahuila_Emyr L R_1"", ""offset"": -1}], ""vic_grupo_social"": [{""span"": ""El padre del pequeño Emir Leonardo Ruiz Castillo ha buscado el apoyo de las autoridades para localizar a su hijo, sin embargo, poco ha sido lo que ha logrado ya que, por encontrarse con su madre, no figura como desaparecido."", ""doc_id"": ""Coahuila_Emyr L R_1"", ""offset"": -1}], ""captura_tipo"": [{""span"": ""La Policía de Arteaga, en Coahuila, ha sido contactada para localizar al menor."", ""doc_id"": ""Coahuila_Emyr L R_1"", ""offset"": -1}], ""desenlace_tipo"": [{""span"": ""El resultado del desaparición, si se especifica."", ""doc_id"": ""Coahuila_Emyr L R_1"", ""offset"": -1}]}, ""summary"": ""El padre del pequeño Emir Leonardo Ruiz Castillo ha buscado el apoyo de las autoridades para localizar a su hijo, sin embargo, poco ha sido lo que ha logrado ya que, por encontrarse con su madre, no figura como desaparecido. La Policía de Arteaga, en Coahuila, ha sido contactada para localizar al menor. El resultado del desaparición, si se especifica, es desconocido.""}, ""error"": """"}, {""victim_id"": ""Coahuila_Emyr L R"", ""model"": ""hugging-quants/Meta-Llama-3.1-8B-Instruct-AWQ-INT4"", ""turn_index"": 1, ""task_name"": ""conversation_summary"", ""doc_id"": ""Coahuila_Emyr L R_2"", ""values"": {""info_found"": ""TRUE"", ""relevant_context"": [""desenlace"", ""vic_grupo_social"", ""captura_tipo"", ""desenlace_tipo""], ""summary_by_item"": {""desenlace"": [{""span"": ""El resultado del desaparición, si se especifica, es desconocido."", ""doc_id"": ""Coahuila_Emyr L R_2"", ""offset"": -1}, {""span"": ""El resultado del desaparición, si se especifica, es desconocido."", ""doc_id"": ""Coahuila_Emyr L R_2"", ""offset"": -1}], ""vic_grupo_social"": [{""span"": ""El padre del pequeño Emir Leonardo Ruiz Castillo ha buscado el apoyo de las autoridades para localizar a su hijo, sin embargo, poco ha sido lo que ha logrado ya que, por encontrarse con su madre, no figura como desaparecido."", ""doc_id"": ""Coahuila_Emyr L R_2"", ""offset"": -1}], ""captura_tipo"": [{""span"": ""La Policía de Arteaga, en Coahuila, ha sido contactada para localizar al menor."", ""doc_id"": ""Coahuila_Emyr L R_2"", ""offset"": -1}], ""desenlace_tipo"": [{""span"": ""El resultado del desaparición, si se especifica, es desconocido."", ""doc_id"": ""Coahuila_Emyr L R_2"", ""offset"": -1}]}, ""summary"": ""La Policía de Arteaga, en Coahuila, ha sido contactada para localizar al menor. El resultado del desaparición, si se especifica, es desconocido. El padre del pequeño Emir Leonardo Ruiz Castillo ha buscado el apoyo de las autoridades para localizar a su hijo, sin embargo, poco ha sido lo que ha logrado ya que, por encontrarse con su madre, no figura como desaparecido.""}, ""error"": """"}]"
Coahuila_Heladio S,hugging-quants/Meta-Llama-3.1-8B-Instruct-AWQ-INT4,2,"[{""victim_id"": ""Coahuila_Heladio S"", ""model"": ""hugging-quants/Meta-Llama-3.1-8B-Instruct-AWQ-INT4"", ""turn_index"": 0, ""task_name"": ""conversation_summary"", ""doc_id"": ""Coahuila_Heladio S_1"", ""values"": {""info_found"": ""TRUE"", ""relevant_context"": [""desenlace"", ""vic_grupo_social"", ""captura_tipo"", ""desenlace_tipo""], ""summary_by_item"": {""desenlace"": [{""span"": ""La mañana del 13 de septiembre de 2012, a doña Dora Alicia de la Garza Hernández, se le aflojaron las piernas y sintió que iba a desmayarse. Le había atacado un agudo dolor en el cerebro después que su hija la mayor fue a buscarla hasta la ciudad fronteriza de Eagle Pass, en el Estado de Texas, para darle una noticia tremenda: Que 15 de los familiares de Dora Alicia, entre hijos, nietos, nueras y su esposo, estaban perdidos y no los encontraban."", ""doc_id"": ""Coahuila_Heladio S_1"", ""offset"": 593}, {""span"": ""La lista del árbol genealógico de Dora, arrancado a pedazos, es tan larga como enredada. De Villas del Carmen desaparecieron a su esposo Juan Carlos Tapia Martínez (53 años), a su hijo Juan Carlos Tapia de la Garza, 'Junior', (34 años), y a la esposa de éste, Johanna Honey | Patrocinado You're Probably Overpaying at Amazon - This Genius Trick Will Fix That Lee el siguiente artículo 2/23 7/16/2019 La mujer que llora 11 desaparecidos | Vanguardia Michel Rodríguez (24 años); al otro hijo de Dora Alicia, José Luis Tapia de la Garza (32 años), a su mujer Nelly Elizeth Sánchez Hernández (31 años), a su nena de 15 días de nacida, a su otra hija Lesly Elizabeth Tapia Sánchez (13 años) y a otros cuatro niños, también nietos de Dora, a los que ella no quiere mencionar por temor a que algo más les pase y ya es bastante con lo que les pasó, dice."", ""doc_id"": ""Coahuila_Heladio S_1"", ""offset"": -1}, {""span"": ""De la colonia Acoros, se llevaron a su exnuera Aurora Margarita Pérez Gonzáles (35 años) y a sus cuatro hijos: Aurora Zuzeth Tapia Pérez (16 años), Alejandra Jaquelin Tapia Pérez (15 años), Arleth Lilian Tapia Pérez (11 años) y Juan Carlos Tapia Pérez (13 años)."", ""doc_id"": ""Coahuila_Heladio S_1"", ""offset"": 2172}], ""vic_grupo_social"": [{""span"": ""La lista del árbol genealógico de Dora, arrancado a pedazos, es tan larga como enredada. De Villas del Carmen desaparecieron a su esposo Juan Carlos Tapia Martínez (53 años), a su hijo Juan Carlos Tapia de la Garza, 'Junior', (34 años), y a la esposa de éste, Johanna Honey | Patrocinado You're Probably Overpaying at Amazon - This Genius Trick Will Fix That Lee el siguiente artículo 2/23 7/16/2019 La mujer que llora 11 desaparecidos | Vanguardia Michel Rodríguez (24 años); al otro hijo de Dora Alicia, José Luis Tapia de la Garza (32 años), a su mujer Nelly Elizeth Sánchez Hernández (31 años), a su nena de 15 días de nacida, a su otra hija Lesly Elizabeth Tapia Sánchez (13 años) y a otros cuatro niños, también nietos de Dora, a los que ella no quiere mencionar por temor a que algo más les pase y ya es bastante con lo que les pasó, dice."", ""doc_id"": ""Coahuila_Heladio S_1"", ""offset"": -1}, {""span"": ""De la colonia Acoros, se llevaron a su exnuera Aurora Margarita Pérez Gonzáles (35 años) y a sus cuatro hijos: Aurora Zuzeth Tapia Pérez (16 años), Alejandra Jaquelin Tapia Pérez (15 años), Arleth Lilian Tapia Pérez (11 años) y Juan Carlos Tapia Pérez (13 años)."", ""doc_id"": ""Coahuila_Heladio S_1"", ""offset"": 2172}], ""captura_tipo"": [{""span"": ""La lista del árbol genealógico de Dora, arrancado a pedazos, es tan larga como enredada. De Villas del Carmen desaparecieron a su esposo Juan Carlos Tapia Martínez (53 años), a su hijo Juan Carlos Tapia de la Garza, 'Junior', (34 años), y a la esposa de éste, Johanna Honey | Patrocinado You're Probably Overpaying at Amazon - This Genius Trick Will Fix That Lee el siguiente artículo 2"", ""doc_id"": ""Coahuila_Heladio S_1"", ""offset"": 1324}]}, ""summary"": null}, ""error"": """"}, {""victim_id"": ""Coahuila_Heladio S"", ""model"": ""hugging-quants/Meta-Llama-3.1-8B-Instruct-AWQ-INT4"", ""turn_index"": 1, ""task_name"": ""conversation_summary"", ""doc_id"": ""Coahuila_Heladio S_2"", ""values"": {""info_found"": ""<TRUE>"", ""relevant_context"": [""desenlace"", ""vic_grupo_social"", ""captura_tipo"", ""desenlace_tipo""], ""summary_by_item"": {""desenlace"": [{""span"": ""No hay paz en Piedras Negras, las heridas están abiertas"", ""doc_id"": ""Coahuila_Heladio S_2"", ""offset"": 0}], ""vic_grupo_social"": [{""span"": ""Muchos muchachos aquí en el barrio andaban ahí y sí, lo llegaron a invitar y él siempre, no"", ""doc_id"": ""Coahuila_Heladio S_2"", ""offset"": 6851}], ""captura_tipo"": [{""span"": ""El Pocito es eso, un pocito, una especie de declive con casas desperdigadas y al fondo el Río Bravo"", ""doc_id"": ""Coahuila_Heladio S_2"", ""offset"": 3312}], ""desenlace_tipo"": [{""span"": ""Se los tragó la tierra"", ""doc_id"": ""Coahuila_Heladio S_2"", ""offset"": 2643}]}, ""summary"": ""La desaparición de personas en Piedras Negras es un problema grave y persistente. La gente desaparece sin dejar rastro, como si se los hubiera tragado la tierra. Los casos de desaparición se remontan a la época del terror en los Cinco Manantiales, cuando la delincuencia se hizo con el control de las calles y de las gentes. La mayoría de los desaparecidos son hombres jóvenes, que se van a trabajar o a visitar a amigos y familiares, pero nunca regresan. Las familias de los desaparecidos buscan a sus seres queridos en las calles, en los cuarteles y en las autoridades, pero no encuentran respuestas. La desaparición de personas en Piedras Negras es un tema delicado y sensible, que requiere una investigación exhaustiva y una respuesta efectiva de las autoridades.""}, ""error"": """"}]"
Coahuila_Edson Amadeo R C,hugging-quants/Meta-Llama-3.1-8B-Instruct-AWQ-INT4,2,"[{""victim_id"": ""Coahuila_Edson Amadeo R C"", ""model"": ""hugging-quants/Meta-Llama-3.1-8B-Instruct-AWQ-INT4"", ""turn_index"": 0, ""task_name"": ""conversation_summary"", ""doc_id"": ""Coahuila_Edson Amadeo R C_1"", ""values"": {""info_found"": ""TRUE"", ""relevant_context"": [""desenlace"", ""vic_grupo_social"", ""captura_tipo"", ""desenlace_tipo""], ""summary_by_item"": {""desenlace"": [{""span"": ""Para Delia Gárcia, madre de un joven desaparecido los dos años de Rubén Moreira como gobernador de Coahuila no han sido de resultados. "", ""doc_id"": ""Coahuila_Edson Amadeo R C_1"", ""offset"": -1}], ""vic_grupo_social"": [{""span"": ""Fuerzas Unidas por Nuestros Desaparecidos en Coahuila"", ""doc_id"": ""Coahuila_Edson Amadeo R C_1"", ""offset"": 1160}, {""span"": ""Fuundec"", ""doc_id"": ""Coahuila_Edson Amadeo R C_1"", ""offset"": 1151}], ""captura_tipo"": [{""span"": ""camionetas"", ""doc_id"": ""Coahuila_Edson Amadeo R C_1"", ""offset"": 2752}, {""span"": ""unas camionetas"", ""doc_id"": ""Coahuila_Edson Amadeo R C_1"", ""offset"": 2747}], ""desenlace_tipo"": [{""span"": ""no han encontrado a nadie, ni uno solo"", ""doc_id"": ""Coahuila_Edson Amadeo R C_1"", ""offset"": -1}, {""span"": ""ni muertos los han encontrado"", ""doc_id"": ""Coahuila_Edson Amadeo R C_1"", ""offset"": -1}]}, ""summary"": ""Para Delia Gárcia, madre de un joven desaparecido los dos años de Rubén Moreira como gobernador de Coahuila no han sido de resultados. Fuerzas Unidas por Nuestros Desaparecidos en Coahuila (Fuundec) continúan buscando a los desaparecidos. El desaparecimiento ocurrió en camionetas, y no se ha encontrado a nadie, ni muertos. La madre de un joven desaparecido, Delia Gárcia, expresó su frustración con el gobernador de Coahuila, Rubén Moreira, por no haber encontrado a nadie, ni muertos. Fuundec continúa buscando a los desaparecidos y exigiendo justicia. El desaparecimiento de los jóvenes fue en camionetas, y no se ha encontrado a nadie, ni muertos. La madre de un joven desaparecido, Delia Gárcia, expresó su frustración con el gobernador de Coahuila, Rubén Moreira, por no haber encontrado a nadie, ni muertos. Fuundec continúa buscando a los desaparecidos y exigiendo justicia. El desaparecimiento de los jóvenes fue en camionetas, y no se ha encontrado a nadie, ni muertos. La madre de un joven desaparecido, Delia Gárcia, expresó su frustración con el gobernador de Coahuila, Rubén Moreira, por no haber encontrado a nadie, ni muertos. Fuundec continúa buscando a los desaparecidos y exigiendo justicia. El desaparecimiento de los jóvenes fue en camionetas, y no se ha encontrado a nadie, ni muertos. La madre de un joven desaparecido, Delia Gárcia, expresó su frustración con el gobernador de Coahuila, Rubén Moreira, por no haber encontrado a nadie, ni muertos. Fuundec continúa buscando a los desaparecidos y exigiendo justicia. El desaparecimiento de los jóvenes fue en camionetas, y no se ha encontrado a nadie, ni muertos. La madre de un joven desaparecido, Delia Gárcia, expresó su frustración con el gobernador de Coahuila, Rubén Moreira, por no haber encontrado a nadie, ni muertos. Fuundec continúa buscando a los desaparecidos y exigiendo justicia. El desaparecimiento de los jóvenes fue en camionetas, y no se ha encontrado a nadie, ni muertos. La madre de un joven desaparecido, Delia Gárcia, expresó su frustración con el gobernador de Coahuila, Rubén Moreira, por no haber encontrado a nadie, ni muertos. Fuundec continúa buscando a los desaparecidos y exigiendo justicia. El desaparecimiento de los jóvenes fue en camionetas, y no se ha encontrado a nadie, ni muertos. La madre de un joven desaparecido, Delia G\\u00e""}, ""error"": """"}, {""victim_id"": ""Coahuila_Edson Amadeo R C"", ""model"": ""hugging-quants/Meta-Llama-3.1-8B-Instruct-AWQ-INT4"", ""turn_index"": 1, ""task_name"": ""conversation_summary"", ""doc_id"": ""Coahuila_Edson Amadeo R C_3"", ""values"": {""info_found"": ""TRUE"", ""relevant_context"": [""desenlace"", ""vic_grupo_social"", ""captura_tipo"", ""desenlace_tipo""], ""summary_by_item"": {""desenlace"": [{""span"": ""Para Delia Gárcia, madre de un joven desaparecido los dos años de Rubén Moreira como gobernador de Coahuila no han sido de resultados. "", ""doc_id"": ""Coahuila_Edson Amadeo R C_3"", ""offset"": -1}, {""span"": ""El desaparecimiento de los jóvenes fue en camionetas, y no se ha encontrado a nadie, ni muertos. "", ""doc_id"": ""Coahuila_Edson Amadeo R C_3"", ""offset"": -1}], ""vic_grupo_social"": [{""span"": ""Fuerzas Unidas por Nuestros Desaparecidos en Coahuila"", ""doc_id"": ""Coahuila_Edson Amadeo R C_3"", ""offset"": -1}, {""span"": ""Fuundec"", ""doc_id"": ""Coahuila_Edson Amadeo R C_3"", ""offset"": -1}], ""captura_tipo"": [{""span"": ""camionetas"", ""doc_id"": ""Coahuila_Edson Amadeo R C_3"", ""offset"": -1}, {""span"": ""unas camionetas"", ""doc_id"": ""Coahuila_Edson Amadeo R C_3"", ""offset"": -1}], ""desenlace_tipo"": [{""span"": ""no han encontrado a nadie, ni uno solo"", ""doc_id"": ""Coahuila_Edson Amadeo R C_3"", ""offset"": -1}, {""span"": ""ni muertos los han encontrado"", ""doc_id"": ""Coahuila_Edson Amadeo R C_3"", ""offset"": -1}]}, ""summary"": ""Para Delia Gárcia, madre de un joven desaparecido los dos años de Rubén Moreira como gobernador de Coahuila no han sido de resultados. Fuerzas Unidas por Nuestros Desaparecidos en Coahuila (Fuundec) continúan buscando a los desaparecidos. El desaparecimiento de los jóvenes fue en camionetas, y no se ha encontrado a nadie, ni muertos. La madre de un joven desaparecido, Delia Gárcia, expresó su frustración con el gobernador de Coahuila, Rubén Moreira, por no haber encontrado a nadie, ni muertos. Fuundec continúa buscando a los desaparecidos y exigiendo justicia. El desaparecimiento de los jóvenes fue en camionetas, y no se ha encontrado a nadie, ni muertos. La madre de un joven desaparecido, Delia Gárcia, expresó su frustración con el gobernador de Coahuila, Rubén Moreira, por no haber encontrado a nadie, ni muertos. Fuundec continúa buscando a los desaparecidos y exigiendo justicia. El desaparecimiento de los jóvenes fue en camionetas, y no se ha encontrado a nadie, ni muertos. La madre de un joven desaparecido, Delia Gárcia, expresó su frustración con el gobernador de Coahuila, Rubén Moreira, por no haber encontrado a nadie, ni muertos. Fuundec continúa buscando a los desaparecidos y exigiendo justicia. El desaparecimiento de los jóvenes fue en camionetas, y no se ha encontrado a nadie, ni muertos. La madre de un joven desaparecido, Delia Gárcia, expresó su frustración con el gobernador de Coahuila, Rubén Moreira, por no haber encontrado a nadie, ni muertos. Fuundec continúa buscando a los desaparecidos y exigiendo justicia. El desaparecimiento de los jóvenes fue en camionetas, y no se ha encontrado a nadie, ni muertos. La madre de un joven desaparecido, Delia Gárcia, expresó su frustración con el gobernador de Coahuila, Rubén Moreira, por no haber encontrado a nadie, ni muertos. Fuundec continúa buscando a los desaparecidos y exigiendo justicia. El desaparecimiento de los jóvenes fue en camionetas, y no se ha encontrado a nadie, ni muertos. La madre de un joven desaparecido, Delia Gárcia, expresó su frustración con el gobernador de Coahuila, Rubén Moreira, por no haber encontrado a nadie, ni muertos. Fuundec continúa buscando a los desaparecidos y exigiendo justicia. El desaparecimiento de los jóvenes fue en camionetas, y no se ha encontrado a nadie, ni muertos. La madre de un joven desaparecido, Delia Gárcia, expresó su frustración con el gobernador de Coahuila, Rubén Moreira, por no haber encontrado a nadie, ni muertos. Fuundec continúa buscando a los desaparecidos y exigiendo justicia. El desaparecimiento de los jóvenes fue en camionetas, y no se ha encontrado a nadie, ni muertos. La madre de un joven desaparecido, Delia Gárcia, expresó""}, ""error"": """"}]"
Coahuila_Hector Armando T O,hugging-quants/Meta-Llama-3.1-8B-Instruct-AWQ-INT4,5,"[{""victim_id"": ""Coahuila_Hector Armando T O"", ""model"": ""hugging-quants/Meta-Llama-3.1-8B-Instruct-AWQ-INT4"", ""turn_index"": 0, ""task_name"": ""conversation_summary"", ""doc_id"": ""Coahuila_Hector Armando T O_1"", ""values"": {""info_found"": ""TRUE"", ""relevant_context"": [""desenlace"", ""vic_grupo_social"", ""captura_tipo"", ""desenlace_tipo""], ""summary_by_item"": {""desenlace"": [{""span"": ""Si especificado"", ""doc_id"": ""Coahuila_Hector Armando T O_1"", ""offset"": -1}], ""vic_grupo_social"": [{""span"": ""familias"", ""doc_id"": ""Coahuila_Hector Armando T O_1"", ""offset"": 1786}], ""captura_tipo"": [{""span"": ""Torreón"", ""doc_id"": ""Coahuila_Hector Armando T O_1"", ""offset"": 52}], ""desenlace_tipo"": [{""span"": ""intactos"", ""doc_id"": ""Coahuila_Hector Armando T O_1"", ""offset"": 1574}]}, ""summary"": ""El árbol de esperanza en Torreón ha sido decorado con esferas con los rostros de los desaparecidos. Las familias han elaborado estas esferas con el rostro de sus familiares desaparecidos, que permanecerán en el árbol por tiempo indefinido. El árbol simboliza la esperanza y la fuerza, y representa la vida y la raíz de los desaparecidos. El desenlace del caso, si especificado, es que los nombres de los desaparecidos permanecen intactos. La víctima es miembro de una familia, y el tipo de lugar desde el que desapareció es Torreón. El tipo de lugar donde ocurrió el desenlace es el árbol de esperanza, donde los nombres de los desaparecidos permanecen intactos.""}, ""error"": """"}, {""victim_id"": ""Coahuila_Hector Armando T O"", ""model"": ""hugging-quants/Meta-Llama-3.1-8B-Instruct-AWQ-INT4"", ""turn_index"": 1, ""task_name"": ""conversation_summary"", ""doc_id"": ""Coahuila_Hector Armando T O_2"", ""values"": {""info_found"": ""TRUE"", ""relevant_context"": [""desenlace"", ""vic_grupo_social"", ""captura_tipo"", ""desenlace_tipo""], ""summary_by_item"": {""desenlace"": [{""span"": ""Los nombres de los desaparecidos permanecen intactos."", ""doc_id"": ""Coahuila_Hector Armando T O_2"", ""offset"": -1}, {""span"": ""El desenlace del caso, si especificado, es que los nombres de los desaparecidos permanecen intactos."", ""doc_id"": ""Coahuila_Hector Armando T O_2"", ""offset"": -1}], ""vic_grupo_social"": [{""span"": ""familias"", ""doc_id"": ""Coahuila_Hector Armando T O_2"", ""offset"": 996}, {""span"": ""miembro de una familia"", ""doc_id"": ""Coahuila_Hector Armando T O_2"", ""offset"": -1}], ""captura_tipo"": [{""span"": ""Torreón"", ""doc_id"": ""Coahuila_Hector Armando T O_2"", ""offset"": 462}, {""span"": ""Torreón"", ""doc_id"": ""Coahuila_Hector Armando T O_2"", ""offset"": 462}], ""desenlace_tipo"": [{""span"": ""intactos"", ""doc_id"": ""Coahuila_Hector Armando T O_2"", ""offset"": -1}, {""span"": ""intactos"", ""doc_id"": ""Coahuila_Hector Armando T O_2"", ""offset"": -1}]}, ""summary"": ""La víctima es miembro de una familia y desapareció en Torreón. El tipo de lugar donde ocurrió el desenlace es el árbol de esperanza, donde los nombres de los desaparecidos permanecen intactos. Las familias han elaborado esferas con el rostro de sus familiares desaparecidos, que permanecerán en el árbol por tiempo indefinido. El árbol simboliza la esperanza y la fuerza, y representa la vida y la raíz de los desaparecidos.""}, ""error"": """"}, {""victim_id"": ""Coahuila_Hector Armando T O"", ""model"": ""hugging-quants/Meta-Llama-3.1-8B-Instruct-AWQ-INT4"", ""turn_index"": 2, ""task_name"": ""conversation_summary"", ""doc_id"": ""Coahuila_Hector Armando T O_3"", ""values"": {""info_found"": ""TRUE"", ""relevant_context"": [""desenlace"", ""vic_grupo_social"", ""captura_tipo"", ""desenlace_tipo""], ""summary_by_item"": {""desenlace"": [{""span"": ""Los nombres de los desaparecidos permanecen intactos."", ""doc_id"": ""Coahuila_Hector Armando T O_3"", ""offset"": -1}, {""span"": ""El desenlace del caso, si especificado, es que los nombres de los desaparecidos permanecen intactos."", ""doc_id"": ""Coahuila_Hector Armando T O_3"", ""offset"": -1}], ""vic_grupo_social"": [{""span"": ""miembro de una familia"", ""doc_id"": ""Coahuila_Hector Armando T O_3"", ""offset"": -1}, {""span"": ""familias"", ""doc_id"": ""Coahuila_Hector Armando T O_3"", ""offset"": -1}], ""captura_tipo"": [{""span"": ""Torreón"", ""doc_id"": ""Coahuila_Hector Armando T O_3"", ""offset"": 66}, {""span"": ""Torreón"", ""doc_id"": ""Coahuila_Hector Armando T O_3"", ""offset"": 66}], ""desenlace_tipo"": [{""span"": ""intactos"", ""doc_id"": ""Coahuila_Hector Armando T O_3"", ""offset"": -1}, {""span"": ""intactos"", ""doc_id"": ""Coahuila_Hector Armando T O_3"", ""offset"": -1}]}, ""summary"": ""La víctima es miembro de una familia y desapareció en Torreón. El tipo de lugar donde ocurrió el desenlace es el árbol de esperanza, donde los nombres de los desaparecidos permanecen intactos. Las familias han elaborado esferas con el rostro de sus familiares desaparecidos, que permanecerán en el árbol por tiempo indefinido. El árbol simboliza la esperanza y la fuerza, y representa la vida y la raíz de los desaparecidos.""}, ""error"": """"}, {""victim_id"": ""Coahuila_Hector Armando T O"", ""model"": ""hugging-quants/Meta-Llama-3.1-8B-Instruct-AWQ-INT4"", ""turn_index"": 3, ""task_name"": ""conversation_summary"", ""doc_id"": ""Coahuila_Hector Armando T O_4"", ""values"": {""info_found"": ""TRUE"", ""relevant_context"": [""desenlace"", ""vic_grupo_social"", ""captura_tipo"", ""desenlace_tipo""], ""summary_by_item"": {""desenlace"": [{""span"": ""Los nombres de los desaparecidos permanecen intactos."", ""doc_id"": ""Coahuila_Hector Armando T O_4"", ""offset"": -1}, {""span"": ""El desenlace del caso, si especificado, es que los nombres de los desaparecidos permanecen intactos."", ""doc_id"": ""Coahuila_Hector Armando T O_4"", ""offset"": -1}], ""vic_grupo_social"": [{""span"": ""miembro de una familia"", ""doc_id"": ""Coahuila_Hector Armando T O_4"", ""offset"": -1}, {""span"": ""familias"", ""doc_id"": ""Coahuila_Hector Armando T O_4"", ""offset"": -1}], ""captura_tipo"": [{""span"": ""Torreón"", ""doc_id"": ""Coahuila_Hector Armando T O_4"", ""offset"": 189}, {""span"": ""Torreón"", ""doc_id"": ""Coahuila_Hector Armando T O_4"", ""offset"": 189}], ""desenlace_tipo"": [{""span"": ""intactos"", ""doc_id"": ""Coahuila_Hector Armando T O_4"", ""offset"": -1}, {""span"": ""intactos"", ""doc_id"": ""Coahuila_Hector Armando T O_4"", ""offset"": -1}]}, ""summary"": ""La víctima es miembro de una familia y desapareció en Torreón. El tipo de lugar donde ocurrió el desenlace es el árbol de esperanza, donde los nombres de los desaparecidos permanecen intactos. Las familias han elaborado esferas con el rostro de sus familiares desaparecidos, que permanecerán en el árbol por tiempo indefinido. El árbol simboliza la esperanza y la fuerza, y representa la vida y la raíz de los desaparecidos.""}, ""error"": """"}, {""victim_id"": ""Coahuila_Hector Armando T O"", ""model"": ""hugging-quants/Meta-Llama-3.1-8B-Instruct-AWQ-INT4"", ""turn_index"": 4, ""task_name"": ""conversation_summary"", ""doc_id"": ""Coahuila_Hector Armando T O_5"", ""values"": {""info_found"": ""TRUE"", ""relevant_context"": [""desenlace"", ""vic_grupo_social"", ""captura_tipo"", ""desenlace_tipo""], ""summary_by_item"": {""desenlace"": [{""span"": ""El árbol de esperanza, donde los nombres de los desaparecidos permanecen intactos."", ""doc_id"": ""Coahuila_Hector Armando T O_5"", ""offset"": -1}, {""span"": ""El árbol simboliza la esperanza y la fuerza, y representa la vida y la raíz de los desaparecidos."", ""doc_id"": ""Coahuila_Hector Armando T O_5"", ""offset"": -1}], ""vic_grupo_social"": [{""span"": ""miembro de una familia"", ""doc_id"": ""Coahuila_Hector Armando T O_5"", ""offset"": -1}], ""captura_tipo"": [{""span"": ""Torreón"", ""doc_id"": ""Coahuila_Hector Armando T O_5"", ""offset"": 1309}], ""desenlace_tipo"": [{""span"": ""intactos"", ""doc_id"": ""Coahuila_Hector Armando T O_5"", ""offset"": -1}]}, ""summary"": ""La víctima, miembro de una familia, desapareció en Torreón. El tipo de lugar donde ocurrió el desenlace es el árbol de esperanza, donde los nombres de los desaparecidos permanecen intactos. Las familias han elaborado esferas con el rostro de sus familiares desaparecidos, que permanecerán en el árbol por tiempo indefinido. El árbol simboliza la esperanza y la fuerza, y representa la vida y la raíz de los desaparecidos.""}, ""error"": """"}]"
Coahuila_Gerardo A R,hugging-quants/Meta-Llama-3.1-8B-Instruct-AWQ-INT4,5,"[{""victim_id"": ""Coahuila_Gerardo A R"", ""model"": ""hugging-quants/Meta-Llama-3.1-8B-Instruct-AWQ-INT4"", ""turn_index"": 0, ""task_name"": ""conversation_summary"", ""doc_id"": ""Coahuila_Gerardo A R_10"", ""values"": {""info_found"": ""FALSE"", ""relevant_context"": [], ""summary_by_item"": {}, ""summary"": ""La página solicitada no se encontró. Es posible que haya sido eliminada, renombrada o no exista desde el principio.""}, ""error"": """"}, {""victim_id"": ""Coahuila_Gerardo A R"", ""model"": ""hugging-quants/Meta-Llama-3.1-8B-Instruct-AWQ-INT4"", ""turn_index"": 1, ""task_name"": ""conversation_summary"", ""doc_id"": ""Coahuila_Gerardo A R_12"", ""values"": {""info_found"": ""TRUE"", ""relevant_context"": [""desenlace"", ""vic_grupo_social"", ""captura_tipo""], ""summary_by_item"": {""desenlace"": [{""span"": ""Las únicas pistas que le dan las autoridades es que fueron integrantes del crimen organizado quienes los privaron de la libertad, pero no le dan a conocer si existe rastro de que estén con vida."", ""doc_id"": ""Coahuila_Gerardo A R_12"", ""offset"": 1217}], ""vic_grupo_social"": [{""span"": ""La afectada compareció a una reunión que sostuvo la Funndec con la Subprocuraduría de Investigación y Büqueda de Personas no Localizadas, en las instalaciones del Centro de Justicia Penal."", ""doc_id"": ""Coahuila_Gerardo A R_12"", ""offset"": -1}], ""captura_tipo"": [{""span"": ""a la altura del kilómetro 13 de la carretera Saltillo-Monterrey fueron interceptados y subidos por la fuerza a otra camioneta."", ""doc_id"": ""Coahuila_Gerardo A R_12"", ""offset"": 1611}]}, ""summary"": ""Casi han pasado 7 años del plagio de familia en la Saltillo-Monterrey. La afectada compareció a una reunión que sostuvo la Funndec con la Subprocuraduría de Investigación y Büqueda de Personas no Localizadas, en las instalaciones del Centro de Justicia Penal. Las únicas pistas que le dan las autoridades es que fueron integrantes del crimen organizado quienes los privaron de la libertad, pero no le dan a conocer si existe rastro de que estén con vida. La afectada es la madre de Brandon, quien fue secuestrado junto con su pap¡ y sus tíos en el mes de agosto del 2009 en el municipio de Ramos Arizpe. La afectada compareció a una reunión que sostuvo la Funndec con la Subprocuraduría de Investigación y Büqueda de Personas no Localizadas, en las instalaciones del Centro de Justicia Penal. Habló con una voz entrecortada al cumplirse casi siete años de no encontrar al pequeño, quien contaba con 8 años de edad, y el pap¡ Esteban Acosta Rodríguez, quien se desempeñá como jefe de Seguridad y Custodia del Centro de Readaptación Social Varonil en Saltillo. Sus cuñados Gerardo y Gualberto Acosta Rodríguez también fueron privados de la libertad, y hasta la fecha nada sabe de su paradero. La afectada es la madre de Brandon, quien fue secuestrado junto con su pap¡ y sus tíos en el mes de agosto del 2009 en el municipio de Ramos Arizpe. La afectada compareció a una reunión que sostuvo la Funndec con la Subprocuraduría de Investigación y Büqueda de Personas no Localizadas, en las instalaciones del Centro de Justicia Penal. Habló con una voz entrecortada al cumplirse casi siete años de no encontrar al pequeño, quien contaba con 8 años de edad, y el pap¡ Esteban Acosta Rodríguez, quien se desempeñá como jefe de Seguridad y Custodia del Centro de Readaptación Social Varonil en Saltillo. Sus cuñados Gerardo y Gualberto Acosta Rodríguez también fueron privados de la libertad, y hasta la fecha nada sabe de su paradero. La afectada es la madre de Brandon, quien fue secuestrado junto con su pap¡ y sus tíos en el mes de agosto del 2009 en el municipio de Ramos Arizpe. La afectada compareció a una reunión que sostuvo la Funndec con la Subprocuraduría de Investigación y Büqueda de Personas no Localizadas, en las instalaciones del Centro de Justicia Penal. Habló con""}, ""error"": """"}, {""victim_id"": ""Coahuila_Gerardo A R"", ""model"": ""hugging-quants/Meta-Llama-3.1-8B-Instruct-AWQ-INT4"", ""turn_index"": 2, ""task_name"": ""conversation_summary"", ""doc_id"": ""Coahuila_Gerardo A R_13"", ""values"": {""info_found"": ""TRUE"", ""relevant_context"": [""desenlace"", ""vic_grupo_social"", ""captura_tipo""], ""summary_by_item"": {""desenlace"": [{""span"": ""Las únicas pistas que le dan las autoridades es que fueron integrantes del crimen organizado quienes los privaron de la libertad, pero no le dan a conocer si existe rastro de que estén con vida."", ""doc_id"": ""Coahuila_Gerardo A R_13"", ""offset"": -1}, {""span"": ""Las únicas pistas que le dan las autoridades es que fueron integrantes del crimen organizado quienes los privaron de la libertad, pero no le dan a conocer si existe rastro de que estén con vida."", ""doc_id"": ""Coahuila_Gerardo A R_13"", ""offset"": -1}], ""vic_grupo_social"": [{""span"": ""La afectada compareció a una reunión que sostuvo la Funndec con la Subprocuraduría de Investigación y Büqueda de Personas no Localizadas, en las instalaciones del Centro de Justicia Penal."", ""doc_id"": ""Coahuila_Gerardo A R_13"", ""offset"": -1}, {""span"": ""La afectada compareció a una reunión que sostuvo la Funndec con la Subprocuraduría de Investigación y Büqueda de Personas no Localizadas, en las instalaciones del Centro de Justicia Penal."", ""doc_id"": ""Coahuila_Gerardo A R_13"", ""offset"": -1}], ""captura_tipo"": [{""span"": ""a la altura del kilómetro 13 de la carretera Saltillo-Monterrey fueron interceptados y subidos por la fuerza a otra camioneta."", ""doc_id"": ""Coahuila_Gerardo A R_13"", ""offset"": -1}, {""span"": ""a la altura del kilómetro 13 de la carretera Saltillo-Monterrey fueron interceptados y subidos por la fuerza a otra camioneta."", ""doc_id"": ""Coahuila_Gerardo A R_13"", ""offset"": -1}]}, ""summary"": ""Casi han pasado 7 años del plagio de familia en la Saltillo-Monterrey. La afectada compareció a una reunión que sostuvo la Funndec con la Subprocuraduría de Investigación y Büqueda de Personas no Localizadas, en las instalaciones del Centro de Justicia Penal. Las únicas pistas que le dan las autoridades es que fueron integrantes del crimen organizado quienes los privaron de la libertad, pero no le dan a conocer si existe rastro de que estén con vida. La afectada es la madre de Brandon, quien fue secuestrado junto con su pap¡ y sus tíos en el mes de agosto del 2009 en el municipio de Ramos Arizpe. La afectada compareció a una reunión que sostuvo la Funndec con la Subprocuraduría de Investigación y Büqueda de Personas no Localizadas, en las instalaciones del Centro de Justicia Penal. Habló con una voz entrecortada al cumplirse casi siete años de no encontrar al pequeño, quien contaba con 8 años de edad, y el pap¡ Esteban Acosta Rodríguez, quien se desempeñá como jefe de Seguridad y Custodia del Centro de Readaptación Social Varonil en Saltillo. Sus cuñados Gerardo y Gualberto Acosta Rodríguez también fueron privados de la libertad, y hasta la fecha nada sabe de su paradero. La afectada es la madre de Brandon, quien fue secuestrado junto con su pap¡ y sus tíos en el mes de agosto del 2009 en el municipio de Ramos Arizpe. La afectada compareció a una reunión que sostuvo la Funndec con la Subprocuraduría de Investigación y Büqueda de Personas no Localizadas, en las instalaciones del Centro de Justicia Penal. Habló con una voz entrecortada al cumplirse casi siete años de no encontrar al pequeño, quien contaba con 8 años de edad, y el pap¡ Esteban Acosta Rodríguez, quien se desempeñá como jefe de Seguridad y Custodia del Centro de Readaptación Social Varonil en Saltillo. Sus cuñados Gerardo y Gualberto Acosta Rodríguez también fueron privados de la libertad, y hasta la fecha nada sabe de su paradero. La afectada es la madre de Brandon, quien fue secuestrado junto con su pap¡ y sus tíos en el mes de agosto del 2009 en el municipio de Ramos Arizpe. La afectada compareció a una reunión que sostuvo la Funndec con la Subprocuraduría de Investigación y Büqueda de Personas no Localizadas, en las instalaciones del Centro de Justicia Penal. Habló con una voz entrecortada al cumplirse casi siete años de no encontrar al pequeño, quien contaba con 8 años de edad, y el pap¡ Esteban Acosta Rodríguez, quien se desempeñá como""}, ""error"": """"}, {""victim_id"": ""Coahuila_Gerardo A R"", ""model"": ""hugging-quants/Meta-Llama-3.1-8B-Instruct-AWQ-INT4"", ""turn_index"": 3, ""task_name"": ""conversation_summary"", ""doc_id"": ""Coahuila_Gerardo A R_14"", ""values"": {""info_found"": ""TRUE"", ""relevant_context"": [""desenlace"", ""vic_grupo_social"", ""captura_tipo""], ""summary_by_item"": {""desenlace"": [{""span"": ""Las únicas pistas que le dan las autoridades es que fueron integrantes del crimen organizado quienes los privaron de la libertad, pero no le dan a conocer si existe rastro de que estén con vida."", ""doc_id"": ""Coahuila_Gerardo A R_14"", ""offset"": -1}, {""span"": ""Las únicas pistas que le dan las autoridades es que fueron integrantes del crimen organizado quienes los privaron de la libertad, pero no le dan a conocer si existe rastro de que estén con vida."", ""doc_id"": ""Coahuila_Gerardo A R_14"", ""offset"": -1}], ""vic_grupo_social"": [{""span"": ""La afectada compareció a una reunión que sostuvo la Funndec con la Subprocuraduría de Investigación y Büqueda de Personas no Localizadas, en las instalaciones del Centro de Justicia Penal."", ""doc_id"": ""Coahuila_Gerardo A R_14"", ""offset"": -1}, {""span"": ""La afectada compareció a una reunión que sostuvo la Funndec con la Subprocuraduría de Investigación y Büqueda de Personas no Localizadas, en las instalaciones del Centro de Justicia Penal."", ""doc_id"": ""Coahuila_Gerardo A R_14"", ""offset"": -1}], ""captura_tipo"": [{""span"": ""a la altura del kilómetro 13 de la carretera Saltillo-Monterrey fueron interceptados y subidos por la fuerza a otra camioneta."", ""doc_id"": ""Coahuila_Gerardo A R_14"", ""offset"": -1}, {""span"": ""a la altura del kilómetro 13 de la carretera Saltillo-Monterrey fueron interceptados y subidos por la fuerza a otra camioneta."", ""doc_id"": ""Coahuila_Gerardo A R_14"", ""offset"": -1}]}, ""summary"": ""El niño que desapareció creyendo en Santa Claus El niño que desapareció creyendo en Santa Claus Por Diana Hurtado Lourdes Herrera tiene 8 años sin ver a su hijo Brandon Esteban y a su esposo Esteban Acosta Rodríguez. La mañana del 29 agosto de 2009 su vida cambio por completo. Ese día se despidió de ellos sin saber que no volverían. En ella todo ha cambiado, sin embargo, la mochila de Brandon, sus botas, ropa y juguetes están donde él los dejó antes de desaparecer. Todo sigue en su lugar, intacto. ‘Mami te quiero mucho, eres la mejor mamá’, se lee en una carta que escribió el pequeño, quien es recordado por su madre como un niño ocurrente y sentimental. Foto: Vanguardia NO CONTESTÓ EL CELULAR Según información de Vanguardia, los cuñados de Lourdes viajaron de Estados Unidos a Coahuila, México, para ver a su madre, ya que había entrado en coma. Ellos, su esposo e hijo se dirigían al aeropuerto de la ciudad cuando se les vio por última vez. Mientras, Lourdes se había ido al hospital. A las 12:00 horas, la mujer intentó comunicarse al celular de su marido pero este no contestó. Se comunicó con la carolina para ver si sus familiares habían abordado sus vuelos, pero no lo hicieron. Decidió acudir a la Fiscalía, donde fue llevada a una oficina. Ahí dentro pudo ver en el escritorio un tenis de su esposo y un par de tenis de su cuñado. ‘Unos decían que por un accidente, otros que un secuestro, otros que unos autos 1 of 4 9/10/2019, 9:33 AM El niño que desapareció creyendo en Santa Claus rodeaban un malibú color arena, nuestro coche, otros que había hombres armados’, relató Lourdes. Lourdes Herrera Foto: Vanguardia Desde aquel día, la esposa de Esteban llamaba todos los días a la Fiscalía y obtenía la misma respuesta: ""}, ""error"": """"}, {""victim_id"": ""Coahuila_Gerardo A R"", ""model"": ""hugging-quants/Meta-Llama-3.1-8B-Instruct-AWQ-INT4"", ""turn_index"": 4, ""task_name"": ""conversation_summary"", ""doc_id"": ""Coahuila_Gerardo A R_7"", ""values"": {""info_found"": ""TRUE"", ""relevant_context"": [""desenlace"", ""vic_grupo_social"", ""captura_tipo""], ""summary_by_item"": {""desenlace"": [{""span"": ""Las únicas pistas que le dan las autoridades es que fueron integrantes del crimen organizado quienes los privaron de la libertad, pero no le dan a conocer si existe rastro de que estén con vida."", ""doc_id"": ""Coahuila_Gerardo A R_7"", ""offset"": -1}, {""span"": ""Las únicas pistas que le dan las autoridades es que fueron integrantes del crimen organizado quienes los privaron de la libertad, pero no le dan a conocer si existe rastro de que estén con vida."", ""doc_id"": ""Coahuila_Gerardo A R_7"", ""offset"": -1}], ""vic_grupo_social"": [{""span"": ""La afectada compareció a una reunión que sostuvo la Funndec con la Subprocuraduría de Investigación y Büqueda de Personas no Localizadas, en las instalaciones del Centro de Justicia Penal."", ""doc_id"": ""Coahuila_Gerardo A R_7"", ""offset"": -1}, {""span"": ""La afectada compareció a una reunión que sostuvo la Funndec con la Subprocuraduría de Investigación y Büqueda de Personas no Localizadas, en las instalaciones del Centro de Justicia Penal."", ""doc_id"": ""Coahuila_Gerardo A R_7"", ""offset"": -1}], ""captura_tipo"": [{""span"": ""a la altura del kilómetro 13 de la carretera Saltillo-Monterrey fueron interceptados y subidos por la fuerza a otra camioneta."", ""doc_id"": ""Coahuila_Gerardo A R_7"", ""offset"": -1}, {""span"": ""a la altura del kilómetro 13 de la carretera Saltillo-Monterrey fueron interceptados y subidos por la fuerza a otra camioneta."", ""doc_id"": ""Coahuila_Gerardo A R_7"", ""offset"": -1}]}, ""summary"": ""El niño que desapareció creyendo en Santa Claus, Brandon Esteban, fue secuestrado junto con su padre y cuñados en Coahuila, México, el 29 de agosto de 2009. Las autoridades han dado pistas de que fueron integrantes del crimen organizado quienes los privaron de la libertad, pero no han proporcionado información sobre su paradero. La madre de Brandon, Lourdes Herrera, ha estado buscando a su hijo y esposo desde entonces, pero ha recibido la misma respuesta de la Fiscalía: que fueron secuestrados por integrantes del crimen organizado. La mayoría de los desaparecidos son comerciantes sin vínculos conocidos con el crimen organizado, y entre ellos se encuentra Esteban Acosta Rodríguez, jefe de custodios del Centro de Readaptación Social (Cereso) varonil de Saltillo. La familia de Brandon ha exigido justicia y ha denunciado que la Fiscalía y la PGR no han avanzado en las investigaciones.""}, ""error"": """"}]"
Coahuila_Deyanira T,hugging-quants/Meta-Llama-3.1-8B-Instruct-AWQ-INT4,7,"[{""victim_id"": ""Coahuila_Deyanira T"", ""model"": ""hugging-quants/Meta-Llama-3.1-8B-Instruct-AWQ-INT4"", ""turn_index"": 0, ""task_name"": ""conversation_summary"", ""doc_id"": ""Coahuila_Deyanira T_1"", ""values"": {""info_found"": ""TRUE"", ""relevant_context"": [""desenlace"", ""vic_grupo_social"", ""captura_tipo""], ""summary_by_item"": {""desenlace"": [{""span"": ""Trascendó ayer que se había presentado la denuncia formal por la desaparición de la expolicía."", ""doc_id"": ""Coahuila_Deyanira T_1"", ""offset"": -1}], ""vic_grupo_social"": [{""span"": ""La exagente de la Policía de Investigación Criminal Deyanira Tamayo, se encontraba reportada como desaparecida por parte de sus familiares, que se mostraban preocupados desde la semana pasada que fue la únltima vez que tuvieron contacto con ella."", ""doc_id"": ""Coahuila_Deyanira T_1"", ""offset"": -1}], ""captura_tipo"": [{""span"": ""La pick up que usaba para su trabajo como guardia de seguridad, fue localizada en Ciudad Acuña la semana pasada."", ""doc_id"": ""Coahuila_Deyanira T_1"", ""offset"": 1375}]}, ""summary"": ""La exagente de la Policía de Investigación Criminal Deyanira Tamayo se desapareció en Ciudad Acuña. Su familia presentó una denuncia formal por su desaparición. La pick up que usaba para su trabajo como guardia de seguridad fue localizada en Ciudad Acuña la semana pasada.""}, ""error"": """"}, {""victim_id"": ""Coahuila_Deyanira T"", ""model"": ""hugging-quants/Meta-Llama-3.1-8B-Instruct-AWQ-INT4"", ""turn_index"": 1, ""task_name"": ""conversation_summary"", ""doc_id"": ""Coahuila_Deyanira T_2"", ""values"": {""info_found"": ""TRUE"", ""relevant_context"": [""desenlace"", ""vic_grupo_social"", ""captura_tipo""], ""summary_by_item"": {""desenlace"": [{""span"": ""A horas de presentarse ante la Fiscalía General del Estado (FGE) para comparecer por la denuncia presentada por su desaparición y donde denunció haber sido privada de su libertad, torturada y amenazada; Deyanira Tamayo Abrego reveló en una entrevista que dichas acciones fueron realizadas por agentes de corporaciones de seguridad y la forma en cómo investigan el homicidio de Fernando Purón Johnston."", ""doc_id"": ""Coahuila_Deyanira T_2"", ""offset"": 379}, {""span"": ""Trascendó ayer que se había presentado la denuncia formal por la desaparición de la expolicía."", ""doc_id"": ""Coahuila_Deyanira T_2"", ""offset"": -1}], ""vic_grupo_social"": [{""span"": ""La exagente de la Policía de Investigación Criminal Deyanira Tamayo, se encontraba reportada como desaparecida por parte de sus familiares, que se mostraban preocupados desde la semana pasada que fue la únltima vez que tuvieron contacto con ella."", ""doc_id"": ""Coahuila_Deyanira T_2"", ""offset"": -1}, {""span"": ""La exagente de la Policía de Investigación Criminal Deyanira Tamayo se desapareció en Ciudad Acuña. Su familia presentó una denuncia formal por su desaparición."", ""doc_id"": ""Coahuila_Deyanira T_2"", ""offset"": -1}], ""captura_tipo"": [{""span"": ""La pick up que usaba para su trabajo como guardia de seguridad, fue localizada en Ciudad Acuña la semana pasada."", ""doc_id"": ""Coahuila_Deyanira T_2"", ""offset"": -1}, {""span"": ""La pick up que usaba para su trabajo como guardia de seguridad fue localizada en Ciudad Acuña la semana pasada."", ""doc_id"": ""Coahuila_Deyanira T_2"", ""offset"": -1}]}, ""summary"": ""La exagente de la Policía de Investigación Criminal Deyanira Tamayo se desapareció en Ciudad Acuña. Su familia presentó una denuncia formal por su desaparición. La pick up que usaba para su trabajo como guardia de seguridad fue localizada en Ciudad Acuña la semana pasada. A horas de presentarse ante la Fiscalía General del Estado (FGE) para comparecer por la denuncia presentada por su desaparición y donde denunció haber sido privada de su libertad, torturada y amenazada; Deyanira Tamayo Abrego reveló en una entrevista que dichas acciones fueron realizadas por agentes de corporaciones de seguridad y la forma en cómo investigan el homicidio de Fernando Purón Johnston.""}, ""error"": """"}, {""victim_id"": ""Coahuila_Deyanira T"", ""model"": ""hugging-quants/Meta-Llama-3.1-8B-Instruct-AWQ-INT4"", ""turn_index"": 2, ""task_name"": ""conversation_summary"", ""doc_id"": ""Coahuila_Deyanira T_3"", ""values"": {""info_found"": ""TRUE"", ""relevant_context"": [""desenlace"", ""vic_grupo_social"", ""captura_tipo""], ""summary_by_item"": {""desenlace"": [{""span"": ""A horas de presentarse ante la Fiscalía General del Estado (FGE) para comparecer por la denuncia presentada por su desaparición y donde denunció haber sido privada de su libertad, torturada y amenazada; Deyanira Tamayo Abrego reveló en una entrevista que dichas acciones fueron realizadas por agentes de corporaciones de seguridad y la forma en cómo investigan el homicidio de Fernando Purón Johnston."", ""doc_id"": ""Coahuila_Deyanira T_3"", ""offset"": -1}, {""span"": ""Trascendó ayer que se había presentado la denuncia formal por la desaparición de la expolicía."", ""doc_id"": ""Coahuila_Deyanira T_3"", ""offset"": -1}], ""vic_grupo_social"": [{""span"": ""La exagente de la Policía de Investigación Criminal Deyanira Tamayo, se encontraba reportada como desaparecida por parte de sus familiares, que se mostraban preocupados desde la semana pasada que fue la únltima vez que tuvieron contacto con ella."", ""doc_id"": ""Coahuila_Deyanira T_3"", ""offset"": -1}, {""span"": ""La exagente de la Policía de Investigación Criminal Deyanira Tamayo se desapareció en Ciudad Acuña. Su familia presentó una denuncia formal por su desaparición."", ""doc_id"": ""Coahuila_Deyanira T_3"", ""offset"": -1}], ""captura_tipo"": [{""span"": ""La pick up que usaba para su trabajo como guardia de seguridad, fue localizada en Ciudad Acuña la semana pasada."", ""doc_id"": ""Coahuila_Deyanira T_3"", ""offset"": -1}, {""span"": ""La pick up que usaba para su trabajo como guardia de seguridad fue localizada en Ciudad Acuña la semana pasada."", ""doc_id"": ""Coahuila_Deyanira T_3"", ""offset"": -1}]}, ""summary"": ""La exagente de la Policía de Investigación Criminal Deyanira Tamayo se desapareció en Ciudad Acuña. Su familia presentó una denuncia formal por su desaparición. La pick up que usaba para su trabajo como guardia de seguridad fue localizada en Ciudad Acuña la semana pasada. A horas de presentarse ante la Fiscalía General del Estado (FGE) para comparecer por la denuncia presentada por su desaparición y donde denunció haber sido privada de su libertad, torturada y amenazada; Deyanira Tamayo Abrego reveló en una entrevista que dichas acciones fueron realizadas por agentes de corporaciones de seguridad y la forma en cómo investigan el homicidio de Fernando Purón Johnston.""}, ""error"": """"}, {""victim_id"": ""Coahuila_Deyanira T"", ""model"": ""hugging-quants/Meta-Llama-3.1-8B-Instruct-AWQ-INT4"", ""turn_index"": 3, ""task_name"": ""conversation_summary"", ""doc_id"": ""Coahuila_Deyanira T_4"", ""values"": {""info_found"": ""TRUE"", ""relevant_context"": [""vic_grupo_social"", ""captura_tipo"", ""desenlace""], ""summary_by_item"": {""vic_grupo_social"": [{""span"": ""La exagente de la Policía de Investigación Criminal Deyanira Tamayo, se encontraba reportada como desaparecida por parte de sus familiares, que se mostraban preocupados desde la semana pasada que fue la únltima vez que tuvieron contacto con ella."", ""doc_id"": ""Coahuila_Deyanira T_4"", ""offset"": -1}, {""span"": ""La exagente de la Policía de Investigación Criminal Deyanira Tamayo se desapareció en Ciudad Acuña. Su familia presentó una denuncia formal por su desaparición."", ""doc_id"": ""Coahuila_Deyanira T_4"", ""offset"": -1}], ""captura_tipo"": [{""span"": ""La pick up que usaba para su trabajo como guardia de seguridad, fue localizada en Ciudad Acuña la semana pasada."", ""doc_id"": ""Coahuila_Deyanira T_4"", ""offset"": -1}, {""span"": ""La pick up que usaba para su trabajo como guardia de seguridad fue localizada en Ciudad Acuña la semana pasada."", ""doc_id"": ""Coahuila_Deyanira T_4"", ""offset"": -1}], ""desenlace"": [{""span"": ""A horas de presentarse ante la Fiscalía General del Estado (FGE) para comparecer por la denuncia presentada por su desaparición y donde denunció haber sido privada de su libertad, torturada y amenazada; Deyanira Tamayo Abrego reveló en una entrevista que dichas acciones fueron realizadas por agentes de corporaciones de seguridad y la forma en cómo investigan el homicidio de Fernando Purón Johnston."", ""doc_id"": ""Coahuila_Deyanira T_4"", ""offset"": -1}, {""span"": ""Trascendó ayer que se había presentado la denuncia formal por la desaparición de la expolicía."", ""doc_id"": ""Coahuila_Deyanira T_4"", ""offset"": -1}]}, ""summary"": ""La exagente de la Policía de Investigación Criminal Deyanira Tamayo se desapareció en Ciudad Acuña. Su familia presentó una denuncia formal por su desaparición. La pick up que usaba para su trabajo como guardia de seguridad fue localizada en Ciudad Acuña la semana pasada. A horas de presentarse ante la Fiscalía General del Estado (FGE) para comparecer por la denuncia presentada por su desaparición y donde denunció haber sido privada de su libertad, torturada y amenazada; Deyanira Tamayo Abrego reveló en una entrevista que dichas acciones fueron realizadas por agentes de corporaciones de seguridad y la forma en cómo investigan el homicidio de Fernando Purón Johnston.""}, ""error"": """"}, {""victim_id"": ""Coahuila_Deyanira T"", ""model"": ""hugging-quants/Meta-Llama-3.1-8B-Instruct-AWQ-INT4"", ""turn_index"": 4, ""task_name"": ""conversation_summary"", ""doc_id"": ""Coahuila_Deyanira T_5"", ""values"": {""info_found"": ""TRUE"", ""relevant_context"": [""vic_grupo_social"", ""captura_tipo"", ""desenlace""], ""summary_by_item"": {""vic_grupo_social"": [{""span"": ""La exagente de la Policía de Investigación Criminal Deyanira Tamayo, se encontraba reportada como desaparecida por parte de sus familiares, que se mostraban preocupados desde la semana pasada que fue la únltima vez que tuvieron contacto con ella."", ""doc_id"": ""Coahuila_Deyanira T_5"", ""offset"": -1}, {""span"": ""La exagente de la Policía de Investigación Criminal Deyanira Tamayo se desapareció en Ciudad Acuña. Su familia presentó una denuncia formal por su desaparición."", ""doc_id"": ""Coahuila_Deyanira T_5"", ""offset"": -1}], ""captura_tipo"": [{""span"": ""La pick up que usaba para su trabajo como guardia de seguridad, fue localizada en Ciudad Acuña la semana pasada."", ""doc_id"": ""Coahuila_Deyanira T_5"", ""offset"": -1}, {""span"": ""La pick up que usaba para su trabajo como guardia de seguridad fue localizada en Ciudad Acuña la semana pasada."", ""doc_id"": ""Coahuila_Deyanira T_5"", ""offset"": -1}], ""desenlace"": [{""span"": ""A horas de presentarse ante la Fiscalía General del Estado (FGE) para comparecer por la denuncia presentada por su desaparición y donde denunció haber sido privada de su libertad, torturada y amenazada; Deyanira Tamayo Abrego reveló en una entrevista que dichas acciones fueron realizadas por agentes de corporaciones de seguridad y la forma en cómo investigan el homicidio de Fernando Purón Johnston."", ""doc_id"": ""Coahuila_Deyanira T_5"", ""offset"": -1}, {""span"": ""Trascendó ayer que se había presentado la denuncia formal por la desaparición de la expolicía."", ""doc_id"": ""Coahuila_Deyanira T_5"", ""offset"": -1}]}, ""summary"": ""La exagente de la Policía de Investigación Criminal Deyanira Tamayo se desapareció en Ciudad Acuña. Su familia presentó una denuncia formal por su desaparición. La pick up que usaba para su trabajo como guardia de seguridad fue localizada en Ciudad Acuña la semana pasada. A horas de presentarse ante la Fiscalía General del Estado (FGE) para comparecer por la denuncia presentada por su desaparición y donde denunció haber sido privada de su libertad, torturada y amenazada; Deyanira Tamayo Abrego reveló en una entrevista que dichas acciones fueron realizadas por agentes de corporaciones de seguridad y la forma en cómo investigan el homicidio de Fernando Purón Johnston.""}, ""error"": """"}, {""victim_id"": ""Coahuila_Deyanira T"", ""model"": ""hugging-quants/Meta-Llama-3.1-8B-Instruct-AWQ-INT4"", ""turn_index"": 5, ""task_name"": ""conversation_summary"", ""doc_id"": ""Coahuila_Deyanira T_6"", ""values"": {""info_found"": ""TRUE"", ""relevant_context"": [""vic_grupo_social"", ""captura_tipo"", ""desenlace""], ""summary_by_item"": {""vic_grupo_social"": [{""span"": ""La exagente de la Policía de Investigación Criminal Deyanira Tamayo, se encontraba reportada como desaparecida por parte de sus familiares, que se mostraban preocupados desde la semana pasada que fue la únltima vez que tuvieron contacto con ella."", ""doc_id"": ""Coahuila_Deyanira T_6"", ""offset"": -1}, {""span"": ""La exagente de la Policía de Investigación Criminal Deyanira Tamayo se desapareció en Ciudad Acuña. Su familia presentó una denuncia formal por su desaparición."", ""doc_id"": ""Coahuila_Deyanira T_6"", ""offset"": -1}], ""captura_tipo"": [{""span"": ""La pick up que usaba para su trabajo como guardia de seguridad, fue localizada en Ciudad Acuña la semana pasada."", ""doc_id"": ""Coahuila_Deyanira T_6"", ""offset"": -1}, {""span"": ""La pick up que usaba para su trabajo como guardia de seguridad fue localizada en Ciudad Acuña la semana pasada."", ""doc_id"": ""Coahuila_Deyanira T_6"", ""offset"": -1}], ""desenlace"": [{""span"": ""A horas de presentarse ante la Fiscalía General del Estado (FGE) para comparecer por la denuncia presentada por su desaparición y donde denunció haber sido privada de su libertad, torturada y amenazada; Deyanira Tamayo Abrego reveló en una entrevista que dichas acciones fueron realizadas por agentes de corporaciones de seguridad y la forma en cómo investigan el homicidio de Fernando Purón Johnston."", ""doc_id"": ""Coahuila_Deyanira T_6"", ""offset"": -1}, {""span"": ""Trascendó ayer que se había presentado la denuncia formal por la desaparición de la expolicía."", ""doc_id"": ""Coahuila_Deyanira T_6"", ""offset"": -1}]}, ""summary"": ""La exagente de la Policía de Investigación Criminal Deyanira Tamayo se desapareció en Ciudad Acuña. Su familia presentó una denuncia formal por su desaparición. La pick up que usaba para su trabajo como guardia de seguridad fue localizada en Ciudad Acuña la semana pasada. A horas de presentarse ante la Fiscalía General del Estado (FGE) para comparecer por la denuncia presentada por su desaparición y donde denunció haber sido privada de su libertad, torturada y amenazada; Deyanira Tamayo Abrego reveló en una entrevista que dichas acciones fueron realizadas por agentes de corporaciones de seguridad y la forma en cómo investigan el homicidio de Fernando Purón Johnston.""}, ""error"": """"}, {""victim_id"": ""Coahuila_Deyanira T"", ""model"": ""hugging-quants/Meta-Llama-3.1-8B-Instruct-AWQ-INT4"", ""turn_index"": 6, ""task_name"": ""conversation_summary"", ""doc_id"": ""Coahuila_Deyanira T_7"", ""values"": {""info_found"": ""TRUE"", ""relevant_context"": [""vic_grupo_social"", ""captura_tipo"", ""desenlace""], ""summary_by_item"": {""vic_grupo_social"": [{""span"": ""La exagente de la Policía de Investigación Criminal Deyanira Tamayo, se encontraba reportada como desaparecida por parte de sus familiares, que se mostraban preocupados desde la semana pasada que fue la únltima vez que tuvieron contacto con ella."", ""doc_id"": ""Coahuila_Deyanira T_7"", ""offset"": -1}, {""span"": ""La exagente de la Policía de Investigación Criminal Deyanira Tamayo se desapareció en Ciudad Acuña. Su familia presentó una denuncia formal por su desaparición."", ""doc_id"": ""Coahuila_Deyanira T_7"", ""offset"": -1}], ""captura_tipo"": [{""span"": ""La pick up que usaba para su trabajo como guardia de seguridad, fue localizada en Ciudad Acuña la semana pasada."", ""doc_id"": ""Coahuila_Deyanira T_7"", ""offset"": -1}, {""span"": ""La pick up que usaba para su trabajo como guardia de seguridad fue localizada en Ciudad Acuña la semana pasada."", ""doc_id"": ""Coahuila_Deyanira T_7"", ""offset"": -1}], ""desenlace"": [{""span"": ""A horas de presentarse ante la Fiscalía General del Estado (FGE) para comparecer por la denuncia presentada por su desaparición y donde denunció haber sido privada de su libertad, torturada y amenazada; Deyanira Tamayo Abrego reveló en una entrevista que dichas acciones fueron realizadas por agentes de corporaciones de seguridad y la forma en cómo investigan el homicidio de Fernando Purón Johnston."", ""doc_id"": ""Coahuila_Deyanira T_7"", ""offset"": 379}, {""span"": ""Trascendó ayer que se había presentado la denuncia formal por la desaparición de la expolicía."", ""doc_id"": ""Coahuila_Deyanira T_7"", ""offset"": -1}]}, ""summary"": ""La exagente de la Policía de Investigación Criminal Deyanira Tamayo se desapareció en Ciudad Acuña. Su familia presentó una denuncia formal por su desaparición. La pick up que usaba para su trabajo como guardia de seguridad fue localizada en Ciudad Acuña la semana pasada. A horas de presentarse ante la Fiscalía General del Estado (FGE) para comparecer por la denuncia presentada por su desaparición y donde denunció haber sido privada de su libertad, torturada y amenazada; Deyanira Tamayo Abrego reveló en una entrevista que dichas acciones fueron realizadas por agentes de corporaciones de seguridad y la forma en cómo investigan el homicidio de Fernando Purón Johnston.""}, ""error"": """"}]"
Coahuila_Carlos C C,hugging-quants/Meta-Llama-3.1-8B-Instruct-AWQ-INT4,2,"[{""victim_id"": ""Coahuila_Carlos C C"", ""model"": ""hugging-quants/Meta-Llama-3.1-8B-Instruct-AWQ-INT4"", ""turn_index"": 0, ""task_name"": ""conversation_summary"", ""doc_id"": ""Coahuila_Carlos C C_1"", ""values"": {""info_found"": ""TRUE"", ""relevant_context"": [""desenlace"", ""vic_grupo_social"", ""captura_tipo"", ""desenlace_tipo""], ""summary_by_item"": {""desenlace"": [{""span"": ""El cuerpo del ex Alcalde de Hidalgo, Coahuila, Fernando Duarte Flores, fue encontrado en Nuevo Laredo, Tamaulipas."", ""doc_id"": ""Coahuila_Carlos C C_1"", ""offset"": -1}], ""vic_grupo_social"": [{""span"": ""Quien fuera Alcalde del 2003 al 2005 del municipio con menor población en Coahuila, ubicado en la franja fronteriza con Texas, fue asesinado y su cuerpo fue calcinado."", ""doc_id"": ""Coahuila_Carlos C C_1"", ""offset"": 219}], ""captura_tipo"": [{""span"": ""Las autoridades habrían dado primero con su vehículo, luego con el cuerpo al cual le practicaron pruebas de ADN."", ""doc_id"": ""Coahuila_Carlos C C_1"", ""offset"": 387}], ""desenlace_tipo"": [{""span"": ""El cuerpo del ex Alcalde de Hidalgo, Coahuila, Fernando Duarte Flores, fue encontrado en Nuevo Laredo, Tamaulipas."", ""doc_id"": ""Coahuila_Carlos C C_1"", ""offset"": -1}]}, ""summary"": ""El cuerpo del ex Alcalde de Hidalgo, Coahuila, Fernando Duarte Flores, fue encontrado en Nuevo Laredo, Tamaulipas. Quien fuera Alcalde del 2003 al 2005 del municipio con menor población en Coahuila, ubicado en la franja fronteriza con Texas, fue asesinado y su cuerpo fue calcinado. Las autoridades habrían dado primero con su vehículo, luego con el cuerpo al cual le practicaron pruebas de ADN. El cuerpo del ex Alcalde de Hidalgo, Coahuila, Fernando Duarte Flores, fue encontrado en Nuevo Laredo, Tamaulipas.""}, ""error"": """"}, {""victim_id"": ""Coahuila_Carlos C C"", ""model"": ""hugging-quants/Meta-Llama-3.1-8B-Instruct-AWQ-INT4"", ""turn_index"": 1, ""task_name"": ""conversation_summary"", ""doc_id"": ""Coahuila_Carlos C C_2"", ""values"": {""info_found"": ""TRUE"", ""relevant_context"": [""desenlace"", ""vic_grupo_social"", ""captura_tipo"", ""desenlace_tipo""], ""summary_by_item"": {""desenlace"": [{""span"": ""El cuerpo del ex Alcalde de Hidalgo, Coahuila, Fernando Duarte Flores, fue encontrado en Nuevo Laredo, Tamaulipas."", ""doc_id"": ""Coahuila_Carlos C C_2"", ""offset"": -1}, {""span"": ""El cuerpo del ex Alcalde de Hidalgo, Coahuila, Fernando Duarte Flores, fue encontrado en Nuevo Laredo, Tamaulipas."", ""doc_id"": ""Coahuila_Carlos C C_2"", ""offset"": -1}], ""vic_grupo_social"": [{""span"": ""Quien fuera Alcalde del 2003 al 2005 del municipio con menor población en Coahuila, ubicado en la franja fronteriza con Texas, fue asesinado y su cuerpo fue calcinado."", ""doc_id"": ""Coahuila_Carlos C C_2"", ""offset"": -1}, {""span"": ""Quien fuera Alcalde del 2003 al 2005 del municipio con menor población en Coahuila, ubicado en la franja fronteriza con Texas, fue asesinado y su cuerpo fue calcinado."", ""doc_id"": ""Coahuila_Carlos C C_2"", ""offset"": -1}], ""captura_tipo"": [{""span"": ""Las autoridades habrían dado primero con su vehículo, luego con el cuerpo al cual le practicaron pruebas de ADN."", ""doc_id"": ""Coahuila_Carlos C C_2"", ""offset"": -1}, {""span"": ""Las autoridades habrían dado primero con su vehículo, luego con el cuerpo al cual le practicaron pruebas de ADN."", ""doc_id"": ""Coahuila_Carlos C C_2"", ""offset"": -1}], ""desenlace_tipo"": [{""span"": ""El cuerpo del ex Alcalde de Hidalgo, Coahuila, Fernando Duarte Flores, fue encontrado en Nuevo Laredo, Tamaulipas."", ""doc_id"": ""Coahuila_Carlos C C_2"", ""offset"": -1}, {""span"": ""El cuerpo del ex Alcalde de Hidalgo, Coahuila, Fernando Duarte Flores, fue encontrado en Nuevo Laredo, Tamaulipas."", ""doc_id"": ""Coahuila_Carlos C C_2"", ""offset"": -1}]}, ""summary"": ""El cuerpo del ex Alcalde de Hidalgo, Coahuila, Fernando Duarte Flores, fue encontrado en Nuevo Laredo, Tamaulipas. Quien fuera Alcalde del 2003 al 2005 del municipio con menor población en Coahuila, ubicado en la franja fronteriza con Texas, fue asesinado y su cuerpo fue calcinado. Las autoridades habrían dado primero con su vehículo, luego con el cuerpo al cual le practicaron pruebas de ADN. El cuerpo del ex Alcalde de Hidalgo, Coahuila, Fernando Duarte Flores, fue encontrado en Nuevo Laredo, Tamaulipas.""}, ""error"": """"}]"
Coahuila_Ayleen Judith P S,hugging-quants/Meta-Llama-3.1-8B-Instruct-AWQ-INT4,5,"[{""victim_id"": ""Coahuila_Ayleen Judith P S"", ""model"": ""hugging-quants/Meta-Llama-3.1-8B-Instruct-AWQ-INT4"", ""turn_index"": 0, ""task_name"": ""conversation_summary"", ""doc_id"": ""Coahuila_Ayleen Judith P S_1"", ""values"": {""info_found"": ""TRUE"", ""relevant_context"": [""desenlace"", ""vic_grupo_social"", ""captura_tipo"", ""desenlace_tipo""], ""summary_by_item"": {""desenlace"": [{""span"": ""Luego de que a travás de redes sociales se difundío que Ayleen Judith P. no había podido ser localizada por sus familiares desde el pasado 25 de abril, la joven fue localizada, según fuentes cercanas a la Procuraduría General de Justicia del Estado."", ""doc_id"": ""Coahuila_Ayleen Judith P S_1"", ""offset"": -1}], ""vic_grupo_social"": [{""span"": ""Una de las menores que había sido reportada como desaparecida por parte de autoridades estatales, fue ubicada."", ""doc_id"": ""Coahuila_Ayleen Judith P S_1"", ""offset"": 1791}], ""captura_tipo"": [{""span"": ""Una de las menores que había sido reportada como desaparecida por parte de autoridades estatales, fue ubicada."", ""doc_id"": ""Coahuila_Ayleen Judith P S_1"", ""offset"": 1791}], ""desenlace_tipo"": [{""span"": ""Luego de que a travás de redes sociales se difundío que Ayleen Judith P. no había podido ser localizada por sus familiares desde el pasado 25 de abril, la joven fue localizada, según fuentes cercanas a la Procuraduría General de Justicia del Estado."", ""doc_id"": ""Coahuila_Ayleen Judith P S_1"", ""offset"": -1}]}, ""summary"": ""La menor Ayleen Judith P. fue localizada luego de ser reportada como desaparecida por parte de autoridades estatales. La joven fue encontrada gracias a la difusión de redes sociales sobre su desaparición.""}, ""error"": """"}, {""victim_id"": ""Coahuila_Ayleen Judith P S"", ""model"": ""hugging-quants/Meta-Llama-3.1-8B-Instruct-AWQ-INT4"", ""turn_index"": 1, ""task_name"": ""conversation_summary"", ""doc_id"": ""Coahuila_Ayleen Judith P S_2"", ""values"": {""info_found"": ""TRUE"", ""relevant_context"": [""desenlace"", ""vic_grupo_social"", ""captura_tipo"", ""desenlace_tipo""], ""summary_by_item"": {""desenlace"": [{""span"": ""Luego de que a travás de redes sociales se difundío que Ayleen Judith P. no había podido ser localizada por sus familiares desde el pasado 25 de abril, la joven fue localizada, según fuentes cercanas a la Procuraduría General de Justicia del Estado."", ""doc_id"": ""Coahuila_Ayleen Judith P S_2"", ""offset"": -1}], ""vic_grupo_social"": [{""span"": ""Una de las menores que había sido reportada como desaparecida por parte de autoridades estatales, fue ubicada."", ""doc_id"": ""Coahuila_Ayleen Judith P S_2"", ""offset"": -1}, {""span"": ""Una menor"", ""doc_id"": ""Coahuila_Ayleen Judith P S_2"", ""offset"": -1}], ""captura_tipo"": [{""span"": ""Una de las menores que había sido reportada como desaparecida por parte de autoridades estatales, fue ubicada."", ""doc_id"": ""Coahuila_Ayleen Judith P S_2"", ""offset"": -1}], ""desenlace_tipo"": [{""span"": ""Luego de que a travás de redes sociales se difundío que Ayleen Judith P. no había podido ser localizada por sus familiares desde el pasado 25 de abril, la joven fue localizada, según fuentes cercanas a la Procuraduría General de Justicia del Estado."", ""doc_id"": ""Coahuila_Ayleen Judith P S_2"", ""offset"": -1}]}, ""summary"": ""La menor Ayleen Judith P. fue localizada luego de ser reportada como desaparecida por parte de autoridades estatales. La joven fue encontrada gracias a la difusión de redes sociales sobre su desaparición.""}, ""error"": """"}, {""victim_id"": ""Coahuila_Ayleen Judith P S"", ""model"": ""hugging-quants/Meta-Llama-3.1-8B-Instruct-AWQ-INT4"", ""turn_index"": 2, ""task_name"": ""conversation_summary"", ""doc_id"": ""Coahuila_Ayleen Judith P S_3"", ""values"": {""info_found"": ""TRUE"", ""relevant_context"": [""desenlace"", ""vic_grupo_social"", ""captura_tipo"", ""desenlace_tipo""], ""summary_by_item"": {""desenlace"": [{""span"": ""Luego de que a travás de redes sociales se difundío que Ayleen Judith P. no había podido ser localizada por sus familiares desde el pasado 25 de abril, la joven fue localizada, según fuentes cercanas a la Procuraduría General de Justicia del Estado."", ""doc_id"": ""Coahuila_Ayleen Judith P S_3"", ""offset"": -1}, {""span"": ""La menor Ayleen Judith P. fue localizada luego de ser reportada como desaparecida por parte de autoridades estatales. La joven fue encontrada gracias a la difusión de redes sociales sobre su desaparición."", ""doc_id"": ""Coahuila_Ayleen Judith P S_3"", ""offset"": -1}], ""vic_grupo_social"": [{""span"": ""Una de las menores que había sido reportada como desaparecida por parte de autoridades estatales, fue ubicada."", ""doc_id"": ""Coahuila_Ayleen Judith P S_3"", ""offset"": -1}, {""span"": ""Una menor"", ""doc_id"": ""Coahuila_Ayleen Judith P S_3"", ""offset"": -1}], ""captura_tipo"": [{""span"": ""Una de las menores que había sido reportada como desaparecida por parte de autoridades estatales, fue ubicada."", ""doc_id"": ""Coahuila_Ayleen Judith P S_3"", ""offset"": -1}], ""desenlace_tipo"": [{""span"": ""Luego de que a travás de redes sociales se difundío que Ayleen Judith P. no había podido ser localizada por sus familiares desde el pasado 25 de abril, la joven fue localizada, según fuentes cercanas a la Procuraduría General de Justicia del Estado."", ""doc_id"": ""Coahuila_Ayleen Judith P S_3"", ""offset"": -1}]}, ""summary"": ""La menor Ayleen Judith P. fue localizada luego de ser reportada como desaparecida por parte de autoridades estatales. La joven fue encontrada gracias a la difusión de redes sociales sobre su desaparición.""}, ""error"": """"}, {""victim_id"": ""Coahuila_Ayleen Judith P S"", ""model"": ""hugging-quants/Meta-Llama-3.1-8B-Instruct-AWQ-INT4"", ""turn_index"": 3, ""task_name"": ""conversation_summary"", ""doc_id"": ""Coahuila_Ayleen Judith P S_4"", ""values"": {""info_found"": ""TRUE"", ""relevant_context"": [""desenlace"", ""vic_grupo_social"", ""captura_tipo"", ""desenlace_tipo""], ""summary_by_item"": {""desenlace"": [{""span"": ""Luego de que a travás de redes sociales se difundío que Ayleen Judith P. no había podido ser localizada por sus familiares desde el pasado 25 de abril, la joven fue localizada, según fuentes cercanas a la Procuraduría General de Justicia del Estado."", ""doc_id"": ""Coahuila_Ayleen Judith P S_4"", ""offset"": -1}, {""span"": ""La menor Ayleen Judith P. fue localizada luego de ser reportada como desaparecida por parte de autoridades estatales. La joven fue encontrada gracias a la difusión de redes sociales sobre su desaparición."", ""doc_id"": ""Coahuila_Ayleen Judith P S_4"", ""offset"": -1}], ""vic_grupo_social"": [{""span"": ""Una de las menores que había sido reportada como desaparecida por parte de autoridades estatales, fue ubicada."", ""doc_id"": ""Coahuila_Ayleen Judith P S_4"", ""offset"": -1}, {""span"": ""Una menor"", ""doc_id"": ""Coahuila_Ayleen Judith P S_4"", ""offset"": -1}], ""captura_tipo"": [{""span"": ""Una de las menores que había sido reportada como desaparecida por parte de autoridades estatales, fue ubicada."", ""doc_id"": ""Coahuila_Ayleen Judith P S_4"", ""offset"": -1}], ""desenlace_tipo"": [{""span"": ""Luego de que a travás de redes sociales se difundío que Ayleen Judith P. no había podido ser localizada por sus familiares desde el pasado 25 de abril, la joven fue localizada, según fuentes cercanas a la Procuraduría General de Justicia del Estado."", ""doc_id"": ""Coahuila_Ayleen Judith P S_4"", ""offset"": -1}]}, ""summary"": ""La menor Ayleen Judith P. fue localizada luego de ser reportada como desaparecida por parte de autoridades estatales. La joven fue encontrada gracias a la difusión de redes sociales sobre su desaparición.""}, ""error"": """"}, {""victim_id"": ""Coahuila_Ayleen Judith P S"", ""model"": ""hugging-quants/Meta-Llama-3.1-8B-Instruct-AWQ-INT4"", ""turn_index"": 4, ""task_name"": ""conversation_summary"", ""doc_id"": ""Coahuila_Ayleen Judith P S_5"", ""values"": {""info_found"": ""TRUE"", ""relevant_context"": [""desenlace"", ""vic_grupo_social"", ""captura_tipo"", ""desenlace_tipo""], ""summary_by_item"": {""desenlace"": [{""span"": ""Luego de que a travás de redes sociales se difundío que Ayleen Judith P. no había podido ser localizada por sus familiares desde el pasado 25 de abril, la joven fue localizada, según fuentes cercanas a la Procuraduría General de Justicia del Estado."", ""doc_id"": ""Coahuila_Ayleen Judith P S_5"", ""offset"": -1}, {""span"": ""La menor Ayleen Judith P. fue localizada luego de ser reportada como desaparecida por parte de autoridades estatales. La joven fue encontrada gracias a la difusión de redes sociales sobre su desaparición."", ""doc_id"": ""Coahuila_Ayleen Judith P S_5"", ""offset"": -1}], ""vic_grupo_social"": [{""span"": ""Una de las menores que había sido reportada como desaparecida por parte de autoridades estatales, fue ubicada."", ""doc_id"": ""Coahuila_Ayleen Judith P S_5"", ""offset"": -1}, {""span"": ""Una menor"", ""doc_id"": ""Coahuila_Ayleen Judith P S_5"", ""offset"": -1}], ""captura_tipo"": [{""span"": ""Una de las menores que había sido reportada como desaparecida por parte de autoridades estatales, fue ubicada."", ""doc_id"": ""Coahuila_Ayleen Judith P S_5"", ""offset"": -1}], ""desenlace_tipo"": [{""span"": ""Luego de que a travás de redes sociales se difundío que Ayleen Judith P. no había podido ser localizada por sus familiares desde el pasado 25 de abril, la joven fue localizada, según fuentes cercanas a la Procuraduría General de Justicia del Estado."", ""doc_id"": ""Coahuila_Ayleen Judith P S_5"", ""offset"": -1}]}, ""summary"": ""La menor Ayleen Judith P. fue localizada luego de ser reportada como desaparecida por parte de autoridades estatales. La joven fue encontrada gracias a la difusión de redes sociales sobre su desaparición.""}, ""error"": """"}]"
Coahuila_Agustin H G,hugging-quants/Meta-Llama-3.1-8B-Instruct-AWQ-INT4,3,"[{""victim_id"": ""Coahuila_Agustin H G"", ""model"": ""hugging-quants/Meta-Llama-3.1-8B-Instruct-AWQ-INT4"", ""turn_index"": 0, ""task_name"": ""conversation_summary"", ""doc_id"": ""Coahuila_Agustin H G_1"", ""values"": {""info_found"": ""<TRUE>"", ""relevant_context"": [""desenlace"", ""vic_grupo_social"", ""captura_tipo""], ""summary_by_item"": {""desenlace"": [{""span"": ""El fiscal ministerial de Investigación y Operación Policial de la FGE, Domingo González Favela, informó que estas personas salieron de Michoacán el 25 de septiembre, viajaban en un camión tortón color verde con franjas blancas y traían muebles rúsicos para vender, pero perdieron contacto con ellos desde hace casi mes y medio, el 18 de octubre."", ""doc_id"": ""Coahuila_Agustin H G_1"", ""offset"": -1}], ""vic_grupo_social"": [{""span"": ""siete comerciantes de Michoacán"", ""doc_id"": ""Coahuila_Agustin H G_1"", ""offset"": 327}], ""captura_tipo"": [{""span"": ""un camión tortón color verde con franjas blancas"", ""doc_id"": ""Coahuila_Agustin H G_1"", ""offset"": -1}]}, ""summary"": ""Se buscan a siete comerciantes de Michoacán que desaparecieron el 25 de septiembre de 2019. Viajaban en un camión tortón color verde con franjas blancas y perdieron contacto con ellos desde hace casi mes y medio. El fiscal ministerial de Investigación y Operación Policial de la FGE, Domingo González Favela, informó que estas personas salieron de Michoacán el 25 de septiembre y viajaban en un camión tortón color verde con franjas blancas y traían muebles rúsicos para vender.""}, ""error"": """"}, {""victim_id"": ""Coahuila_Agustin H G"", ""model"": ""hugging-quants/Meta-Llama-3.1-8B-Instruct-AWQ-INT4"", ""turn_index"": 1, ""task_name"": ""conversation_summary"", ""doc_id"": ""Coahuila_Agustin H G_3"", ""values"": {""info_found"": ""TRUE"", ""relevant_context"": [""desenlace"", ""vic_grupo_social"", ""captura_tipo""], ""summary_by_item"": {""desenlace"": [{""span"": ""El fiscal ministerial de Investigación y Operación Policial de la FGE, Domingo González Favela, informó que estas personas salieron de Michoacán el 25 de septiembre, viajaban en un camión tortón color verde con franjas blancas y traían muebles rúsicos para vender, pero perdieron contacto con ellos desde hace casi mes y medio, el 18 de octubre."", ""doc_id"": ""Coahuila_Agustin H G_3"", ""offset"": -1}, {""span"": ""El fiscal ministerial de Investigación y Operación Policial de la FGE, Domingo González Favela, informó que estas personas salieron de Michoacán el 25 de septiembre y viajaban en un camión tortón color verde con franjas blancas y traían muebles rúsicos para vender."", ""doc_id"": ""Coahuila_Agustin H G_3"", ""offset"": -1}], ""vic_grupo_social"": [{""span"": ""siete comerciantes de Michoacán"", ""doc_id"": ""Coahuila_Agustin H G_3"", ""offset"": -1}, {""span"": ""siete hombres originarios de Santiago Undameo, municipio de Morelia, Michoacán"", ""doc_id"": ""Coahuila_Agustin H G_3"", ""offset"": 475}], ""captura_tipo"": [{""span"": ""un camión tortón color verde con franjas blancas"", ""doc_id"": ""Coahuila_Agustin H G_3"", ""offset"": -1}, {""span"": ""un camión tortón color verde con franjas blancas"", ""doc_id"": ""Coahuila_Agustin H G_3"", ""offset"": -1}]}, ""summary"": ""Se buscan a siete comerciantes de Michoacán que desaparecieron el 25 de septiembre de 2019. Viajaban en un camión tortón color verde con franjas blancas y perdieron contacto con ellos desde hace casi mes y medio. El fiscal ministerial de Investigación y Operación Policial de la FGE, Domingo González Favela, informó que estas personas salieron de Michoacán el 25 de septiembre y viajaban en un camión tortón color verde con franjas blancas y traían muebles rúsicos para vender. Los ahora desaparecidos se dedican a la venta de muebles rústicos, para lo cual, cotidianamente se trasladan a San Luis Potosí, Nuevo León, Coahuila y Chihuahua, entidades que recorren los últimos tres meses del año, para comercializar su mercancía. El 20 de octubre pasado se tuvo el último contacto con los comerciantes y ante la ola de desapariciones de michoacanos en otros estados de la República, sus familiares solicitaron el apoyo de las autoridades locales. La desesperación por no saber nada de sus seres queridos llevó a los afectados a solicitar el apoyo de medios de comunicación para difundir este nuevo caso de extravío múltiple. ANÚNCIATE El pasado 30 de septiembre, 20 michoacanos desaparecieron en el puerto turístico de Acapulco. En una narcofosa, cerca del puerto, fueron localizados los cuerpos de 18 de ellos, hasta el momento, las otras dos personas aún permanecen en calidad de desaparecidas. La semana pasada, Carlos Montemayor González, El Charro, suegro de Édgar Valdez Villarreal La Barbie dijo que los michoacanos fueron confundidos con miembros de La Familia.""}, ""error"": """"}, {""victim_id"": ""Coahuila_Agustin H G"", ""model"": ""hugging-quants/Meta-Llama-3.1-8B-Instruct-AWQ-INT4"", ""turn_index"": 2, ""task_name"": ""conversation_summary"", ""doc_id"": ""Coahuila_Agustin H G_4"", ""values"": {""info_found"": ""TRUE"", ""relevant_context"": [""desenlace"", ""vic_grupo_social"", ""captura_tipo""], ""summary_by_item"": {""desenlace"": [{""span"": ""El fiscal ministerial de Investigación y Operación Policial de la FGE, Domingo González Favela, informó que estas personas salieron de Michoacán el 25 de septiembre, viajaban en un camión tortón color verde con franjas blancas y traían muebles rúsicos para vender, pero perdieron contacto con ellos desde hace casi mes y medio, el 18 de octubre."", ""doc_id"": ""Coahuila_Agustin H G_4"", ""offset"": -1}, {""span"": ""El fiscal ministerial de Investigación y Operación Policial de la FGE, Domingo González Favela, informó que estas personas salieron de Michoacán el 25 de septiembre y viajaban en un camión tortón color verde con franjas blancas y traían muebles rúsicos para vender."", ""doc_id"": ""Coahuila_Agustin H G_4"", ""offset"": -1}], ""vic_grupo_social"": [{""span"": ""siete comerciantes de Michoacán"", ""doc_id"": ""Coahuila_Agustin H G_4"", ""offset"": -1}, {""span"": ""siete hombres originarios de Santiago Undameo, municipio de Morelia, Michoacán"", ""doc_id"": ""Coahuila_Agustin H G_4"", ""offset"": -1}], ""captura_tipo"": [{""span"": ""un camión tortón color verde con franjas blancas"", ""doc_id"": ""Coahuila_Agustin H G_4"", ""offset"": -1}, {""span"": ""un camión tortón color verde con franjas blancas"", ""doc_id"": ""Coahuila_Agustin H G_4"", ""offset"": -1}]}, ""summary"": ""Se buscan a siete comerciantes de Michoacán que desaparecieron el 25 de septiembre de 2019. Viajaban en un camión tortón color verde con franjas blancas y perdieron contacto con ellos desde hace casi mes y medio. El fiscal ministerial de Investigación y Operación Policial de la FGE, Domingo González Favela, informó que estas personas salieron de Michoacán el 25 de septiembre y viajaban en un camión tortón color verde con franjas blancas y traían muebles rúsicos para vender. Los ahora desaparecidos se dedican a la venta de muebles rústicos, para lo cual, cotidianamente se trasladan a San Luis Potosí, Nuevo León, Coahuila y Chihuahua, entidades que recorren los últimos tres meses del año, para comercializar su mercancía. El 20 de octubre pasado se tuvo el último contacto con los comerciantes y ante la ola de desapariciones de michoacanos en otros estados de la República, sus familiares solicitaron el apoyo de las autoridades locales. La desesperación por no saber nada de sus seres queridos llevó a los afectados a solicitar el apoyo de medios de comunicación para difundir este nuevo caso de extravío múltiple. ANÚNCIATE El pasado 30 de septiembre, 20 michoacanos desaparecieron en el puerto turístico de Acapulco. En una narcofosa, cerca del puerto, fueron localizados los cuerpos de 18 de ellos, hasta el momento, las otras dos personas aún permanecen en calidad de desaparecidas. La semana pasada, Carlos Montemayor González, El Charro, suegro de Édgar Valdez Villarreal La Barbie dijo que los michoacanos fueron confundidos con miembros de La Familia.""}, ""error"": """"}]"
Coahuila_Bertha Alicia Z P,hugging-quants/Meta-Llama-3.1-8B-Instruct-AWQ-INT4,3,"[{""victim_id"": ""Coahuila_Bertha Alicia Z P"", ""model"": ""hugging-quants/Meta-Llama-3.1-8B-Instruct-AWQ-INT4"", ""turn_index"": 0, ""task_name"": ""conversation_summary"", ""doc_id"": ""Coahuila_Bertha Alicia Z P_1"", ""values"": {""info_found"": ""<TRUE>"", ""relevant_context"": [""desenlace"", ""vic_grupo_social"", ""captura_tipo"", ""desenlace_tipo""], ""summary_by_item"": {""desenlace"": [{""span"": ""La mujer detenida por elementos del Grupo de Armas y Tácticas Especiales (GATE), fue localizada en Ciudad Acuña y puesta a disposición del Agente Ministerio Público acusada de narcomenudeo."", ""doc_id"": ""Coahuila_Bertha Alicia Z P_1"", ""offset"": 286}], ""vic_grupo_social"": [{""span"": ""La representante legal de la asociación civil Familias Unidas en la Búsqueda y Localización de Personas Desaparecidas, Ariana García Bosque, informó que Bertha Alicia Zambrano Puente, inicialmente fue reportada como desaparecida junto con dos de sus hijos y donde se dio a conocer la participación de presuntos elementos del Grupo de Armas y Tácticas Especiales (GATE)."", ""doc_id"": ""Coahuila_Bertha Alicia Z P_1"", ""offset"": -1}], ""captura_tipo"": [{""span"": ""La mujer detenida por elementos del Grupo de Armas y Tácticas Especiales (GATE), fue localizada en Ciudad Acuña y puesta a disposición del Agente Ministerio Público acusada de narcomenudeo."", ""doc_id"": ""Coahuila_Bertha Alicia Z P_1"", ""offset"": 286}], ""desenlace_tipo"": [{""span"": ""La mujer detenida por elementos del Grupo de Armas y Tácticas Especiales (GATE), fue localizada en Ciudad Acuña y puesta a disposición del Agente Ministerio Público acusada de narcomenudeo."", ""doc_id"": ""Coahuila_Bertha Alicia Z P_1"", ""offset"": 286}]}, ""summary"": ""La mujer detenida por elementos del Grupo de Armas y Tácticas Especiales (GATE), fue localizada en Ciudad Acuña y puesta a disposición del Agente Ministerio Público acusada de narcomenudeo. La representante legal de la asociación civil Familias Unidas en la Búsqueda y Localización de Personas Desaparecidas, Ariana García Bosque, informó que Bertha Alicia Zambrano Puente, inicialmente fue reportada como desaparecida junto con dos de sus hijos y donde se dio a conocer la participación de presuntos elementos del Grupo de Armas y Tácticas Especiales (GATE). La mujer de 23 años fue puesta a disposición del Ministerio Público por resistencia al arresto; cuando al parecer no existe una orden de aprehensión de por medio. Los hijos de la ahora detenida están bajo resguardo de la abuela materna y así continuarán. La denuncia presentada por María Teresa Puente, madre de la mujer ahora detenida, es por privación ilegal de la libertad, por tortura psicológico y el ocultamiento del paradero de la joven.""}, ""error"": """"}, {""victim_id"": ""Coahuila_Bertha Alicia Z P"", ""model"": ""hugging-quants/Meta-Llama-3.1-8B-Instruct-AWQ-INT4"", ""turn_index"": 1, ""task_name"": ""conversation_summary"", ""doc_id"": ""Coahuila_Bertha Alicia Z P_2"", ""values"": {""info_found"": ""TRUE"", ""relevant_context"": [""desenlace"", ""vic_grupo_social"", ""captura_tipo"", ""desenlace_tipo""], ""summary_by_item"": {""desenlace"": [{""span"": ""La mujer detenida por elementos del Grupo de Armas y Tácticas Especiales (GATE), fue localizada en Ciudad Acuña y puesta a disposición del Agente Ministerio Público acusada de narcomenudeo."", ""doc_id"": ""Coahuila_Bertha Alicia Z P_2"", ""offset"": -1}, {""span"": ""Casi 12 horas después, vecinos informaron que los menores fueron localizados solos."", ""doc_id"": ""Coahuila_Bertha Alicia Z P_2"", ""offset"": 1347}], ""vic_grupo_social"": [{""span"": ""La representante legal de la asociación civil Familias Unidas en la Búsqueda y Localización de Personas Desaparecidas, Ariana García Bosque, informó que Bertha Alicia Zambrano Puente, inicialmente fue reportada como desaparecida junto con dos de sus hijos y donde se dio a conocer la participación de presuntos elementos del Grupo de Armas y Tácticas Especiales (GATE)."", ""doc_id"": ""Coahuila_Bertha Alicia Z P_2"", ""offset"": -1}, {""span"": ""La mujer de 23 años fue puesta a disposición del Ministerio Público por resistencia al arresto; cuando al parecer no existe una orden de aprehensión de por medio."", ""doc_id"": ""Coahuila_Bertha Alicia Z P_2"", ""offset"": -1}], ""captura_tipo"": [{""span"": ""La mujer detenida por elementos del Grupo de Armas y Tácticas Especiales (GATE), fue localizada en Ciudad Acuña y puesta a disposición del Agente Ministerio Público acusada de narcomenudeo."", ""doc_id"": ""Coahuila_Bertha Alicia Z P_2"", ""offset"": -1}], ""desenlace_tipo"": [{""span"": ""La mujer detenida por elementos del Grupo de Armas y Tácticas Especiales (GATE), fue localizada en Ciudad Acuña y puesta a disposición del Agente Ministerio Público acusada de narcomenudeo."", ""doc_id"": ""Coahuila_Bertha Alicia Z P_2"", ""offset"": -1}], ""summary"": """"}, ""summary"": null}, ""error"": """"}, {""victim_id"": ""Coahuila_Bertha Alicia Z P"", ""model"": ""hugging-quants/Meta-Llama-3.1-8B-Instruct-AWQ-INT4"", ""turn_index"": 2, ""task_name"": ""conversation_summary"", ""doc_id"": ""Coahuila_Bertha Alicia Z P_3"", ""values"": {""info_found"": ""TRUE"", ""relevant_context"": [""desenlace"", ""vic_grupo_social"", ""captura_tipo"", ""desenlace_tipo""], ""summary_by_item"": {""desenlace"": [{""span"": ""El Demócrata / 24 enero, 2016 La policía âÂ«de éliteâÂ» de Coahuila utiliza equipo sofisticado para âÂ«levantarâÂ» a mujeres indefensas. Siguen los abusos de los GATES. Piedras Negras, Coah.- Los GATES volvieron a hacer de las suyas. En esta ocasión secuestraron a una joven mujer, de nombre Bertha Alicia Zambrano Puente, y la mantuvieron incomunicada por varias horas para después trasladarla a Acuña donde, como ya se hizo costumbre en cualquier detención que realizan, le sembraron droga y la entregaron al Ministerio Público. Ante la denuncia hecha por la madre de la secuestrada, María Teresa Puente quien solicitó la ayuda de organización civil Familias Unidad en la B··················································································································································································\\u00b"", ""doc_id"": ""Coahuila_Bertha Alicia Z P_3"", ""offset"": -1}]}, ""summary"": null}, ""error"": """"}]"
Coahuila_Gualberto A R,hugging-quants/Meta-Llama-3.1-8B-Instruct-AWQ-INT4,6,"[{""victim_id"": ""Coahuila_Gualberto A R"", ""model"": ""hugging-quants/Meta-Llama-3.1-8B-Instruct-AWQ-INT4"", ""turn_index"": 0, ""task_name"": ""conversation_summary"", ""doc_id"": ""Coahuila_Gualberto A R_11"", ""values"": {""info_found"": ""<TRUE>"", ""relevant_context"": [""desenlace"", ""vic_grupo_social"", ""captura_tipo"", ""desenlace_tipo""], ""summary_by_item"": {""desenlace"": [{""span"": ""El 18 de marzo de 2011 al menos 30 camionetas con hombres armados cerraron las entradas y salidas del municipio de Allende. Hombres, mujeres, niños… fueron llevados a la fuerza por los civiles armados. Las desapariciones masivas se extendieron también a la Región de Cinco Manantiales que abarca los municipios: Villa Unión, Nava, Morelos y Zaragoza. En total fueron cerca de 300 desaparecidos de toda la región."", ""doc_id"": ""Coahuila_Gualberto A R_11"", ""offset"": -1}], ""vic_grupo_social"": [{""span"": ""El 18 de marzo de 2011 al menos 30 camionetas con hombres armados cerraron las entradas y salidas del municipio de Allende. Hombres, mujeres, niños… fueron llevados a la fuerza por los civiles armados. Las desapariciones masivas se extendieron también a la Región de Cinco Manantiales que abarca los municipios: Villa Unión, Nava, Morelos y Zaragoza. En total fueron cerca de 300 desaparecidos de toda la región."", ""doc_id"": ""Coahuila_Gualberto A R_11"", ""offset"": -1}], ""captura_tipo"": [{""span"": ""La madrugada del 18 de julio de 2010 al menos 17 personas fueron asesinadas a tiros en una fiesta que se celebraba en la quinta Italia Inn en Torreón."", ""doc_id"": ""Coahuila_Gualberto A R_11"", ""offset"": 9570}], ""desenlace_tipo"": [{""span"": ""El 18 de marzo de 2011 al menos 30 camionetas con hombres armados cerraron las entradas y salidas del municipio de Allende. Hombres, mujeres, niños… fueron llevados a la fuerza por los civiles armados. Las desapariciones masivas"", ""doc_id"": ""Coahuila_Gualberto A R_11"", ""offset"": -1}], ""summary"": [{""span"": ""El 18 de marzo de 2011 al menos 30 camionetas con hombres armados cerraron las entradas y salidas del municipio de Allende. Hombres, mujeres, niños… fueron llevados a la fuerza por los civiles armados. Las desapariciones masivas se extendieron también a la Región de Cinco Manantiales que abarca los municipios: Villa Unión, Nava, Morelos y Zaragoza. En total fueron cerca de 300 desaparecidos de toda la región."", ""doc_id"": ""Coahuila_Gualberto A R_11"", ""offset"": -1}, {""span"": ""La madrugada del 18 de julio de 2010 al menos 17 personas fueron asesinadas a tiros en una fiesta que se celebraba en la quinta Italia Inn en Torreón."", ""doc_id"": ""Coahuila_Gualberto A R_11"", ""offset"": 9570}, {""span"": ""El 18 de marzo de 2011 al menos 30 camionetas con hombres armados cerraron las entradas y salidas del municipio de Allende. Hombres, mujeres, niños… fueron llevados a la fuerza por los civiles armados. Las desapariciones masivas se extendieron también a la Región de Cinco Manantiales que abarca los municipios: Villa Unión, Nava, Morelos y Zaragoza. En total fueron cerca de 300 desaparecidos de toda la región."", ""doc_id"": ""Coahuila_Gualberto A R_11"", ""offset"": -1}, {""span"": ""El 18 de marzo de 2011 al menos 30 camionetas con hombres armados cerraron las entradas y salidas del municipio de Allende. Hombres, mujeres, niños… fueron llevados a la fuerza por los civiles armados. Las desapariciones masivas se extendieron también a la Región de Cinco Manantiales que abarca los municipios: Villa Unión, Nava, Morelos y Zaragoza. En total fueron cerca de 300 desaparecidos de toda la región."", ""doc_id"": ""Coahuila_Gualberto A R_11"", ""offset"": -1}]}, ""summary"": null}, ""error"": """"}, {""victim_id"": ""Coahuila_Gualberto A R"", ""model"": ""hugging-quants/Meta-Llama-3.1-8B-Instruct-AWQ-INT4"", ""turn_index"": 1, ""task_name"": ""conversation_summary"", ""doc_id"": ""Coahuila_Gualberto A R_12"", ""values"": {""info_found"": ""<TRUE>"", ""relevant_context"": [""desenlace"", ""vic_grupo_social"", ""captura_tipo"", ""desenlace_tipo""], ""summary_by_item"": {""desenlace"": [{""span"": ""El trabajo de los antropólogos y los genetistas culmina cuando las madres o familiares de los desaparecidos reciben una urna con los restos de sus seres queridos."", ""doc_id"": ""Coahuila_Gualberto A R_12"", ""offset"": 10611}], ""vic_grupo_social"": [{""span"": ""Una mujer de 42 años. En el lado del corazón un botón: la foto de su hijo Brandon. Lo busca desde 2009."", ""doc_id"": ""Coahuila_Gualberto A R_12"", ""offset"": 686}], ""captura_tipo"": [{""span"": ""Una fotografía. Un niño de 6, 7, 8 años. Lleva playera a rayas, guindas y blancas."", ""doc_id"": ""Coahuila_Gualberto A R_12"", ""offset"": 166}], ""desenlace_tipo"": [{""span"": ""El laboratorio de ADN México fue contratado por la Subfiscalía de Personas desaparecidas de Coahuila para dar agilidad a la identificación de los miles de restos que se han localizado en fosas y sitios de inhumación clandestinos."", ""doc_id"": ""Coahuila_Gualberto A R_12"", ""offset"": 8956}]}, ""summary"": ""El trabajo de los antropólogos y los genetistas culmina cuando las madres o familiares de los desaparecidos reciben una urna con los restos de sus seres queridos. Una mujer de 42 años busca a su hijo Brandon desde 2009. Una fotografía muestra a un niño de 6, 7, 8 años que desapareció en 2009. El laboratorio de ADN México fue contratado por la Subfiscalía de Personas desaparecidas de Coahuila para dar agilidad a la identificación de los miles de restos que se han localizado en fosas y sitios de inhumación clandestinos.""}, ""error"": """"}, {""victim_id"": ""Coahuila_Gualberto A R"", ""model"": ""hugging-quants/Meta-Llama-3.1-8B-Instruct-AWQ-INT4"", ""turn_index"": 2, ""task_name"": ""conversation_summary"", ""doc_id"": ""Coahuila_Gualberto A R_13"", ""values"": {""info_found"": ""TRUE"", ""relevant_context"": [""desenlace"", ""vic_grupo_social"", ""captura_tipo"", ""desenlace_tipo""], ""summary_by_item"": {""desenlace"": [{""span"": ""El trabajo de los antropólogos y los genetistas culmina cuando las madres o familiares de los desaparecidos reciben una urna con los restos de sus seres queridos."", ""doc_id"": ""Coahuila_Gualberto A R_13"", ""offset"": -1}, {""span"": ""El laboratorio de ADN México fue contratado por la Subfiscalía de Personas desaparecidas de Coahuila para dar agilidad a la identificación de los miles de restos que se han localizado en fosas y sitios de inhumación clandestinos."", ""doc_id"": ""Coahuila_Gualberto A R_13"", ""offset"": -1}], ""vic_grupo_social"": [{""span"": ""Una mujer de 42 años. En el lado del corazón un botón: la foto de su hijo Brandon. Lo busca desde 2009."", ""doc_id"": ""Coahuila_Gualberto A R_13"", ""offset"": -1}], ""captura_tipo"": [{""span"": ""Una fotografía. Un niño de 6, 7, 8 años. Lleva playera a rayas, guindas y blancas."", ""doc_id"": ""Coahuila_Gualberto A R_13"", ""offset"": -1}], ""desenlace_tipo"": [{""span"": ""El laboratorio de ADN México fue contratado por la Subfiscalía de Personas desaparecidas de Coahuila para dar agilidad a la identificación de los miles de restos que se han localizado en fosas y sitios de inhumación clandestinos."", ""doc_id"": ""Coahuila_Gualberto A R_13"", ""offset"": -1}], ""summary"": [{""span"": ""El trabajo de los antropólogos y los genetistas culmina cuando las madres o familiares de los desaparecidos reciben una urna con los restos de sus seres queridos. Una mujer de 42 años busca a su hijo Brandon desde 2009. Una fotografía muestra a un niño de 6, 7, 8 años que desapareció en 2009. El laboratorio de ADN México fue contratado por la Subfiscalía de Personas desaparecidas de Coahuila para dar agilidad a la identificación de los miles de restos que se han localizado en fosas y sitios de inhumación clandestinos."", ""doc_id"": ""Coahuila_Gualberto A R_13"", ""offset"": -1}]}, ""summary"": null}, ""error"": """"}, {""victim_id"": ""Coahuila_Gualberto A R"", ""model"": ""hugging-quants/Meta-Llama-3.1-8B-Instruct-AWQ-INT4"", ""turn_index"": 3, ""task_name"": ""conversation_summary"", ""doc_id"": ""Coahuila_Gualberto A R_3"", ""values"": {""info_found"": ""TRUE"", ""relevant_context"": [""desenlace"", ""vic_grupo_social"", ""captura_tipo"", ""desenlace_tipo""], ""summary_by_item"": {""desenlace"": [{""span"": ""se desconoce hacia dónde"", ""doc_id"": ""Coahuila_Gualberto A R_3"", ""offset"": 1998}], ""vic_grupo_social"": [{""span"": ""su comportamiento había sido normal hasta entonces"", ""doc_id"": ""Coahuila_Gualberto A R_3"", ""offset"": 1725}], ""captura_tipo"": [{""span"": ""el vehículo encontrado el día de los hechos en el bulevar Óscar Flores Tapia"", ""doc_id"": ""Coahuila_Gualberto A R_3"", ""offset"": 910}], ""desenlace_tipo"": [{""span"": ""se desconoce hacia dónde"", ""doc_id"": ""Coahuila_Gualberto A R_3"", ""offset"": 1998}]}, ""summary"": ""La desaparición de Esteban Acosta Rodríguez, el «Comandante Pantera¬, se desconoce hacia dónde. Su comportamiento había sido normal hasta entonces. El vehículo encontrado en el bulevar Óscar Flores Tapia presentaba manchas de sangre. Se desconoce hacia dónde se encuentra el Comandante Pantera.""}, ""error"": """"}, {""victim_id"": ""Coahuila_Gualberto A R"", ""model"": ""hugging-quants/Meta-Llama-3.1-8B-Instruct-AWQ-INT4"", ""turn_index"": 4, ""task_name"": ""conversation_summary"", ""doc_id"": ""Coahuila_Gualberto A R_7"", ""values"": {""info_found"": ""TRUE"", ""relevant_context"": [""desenlace"", ""vic_grupo_social"", ""captura_tipo"", ""desenlace_tipo""], ""summary_by_item"": {""desenlace"": [{""span"": ""La mayoría de víctimas, comerciantes; también está entre ellas el jefe de custodios de Cereso"", ""doc_id"": ""Coahuila_Gualberto A R_7"", ""offset"": 295}, {""span"": ""el jefe de custodios del Centro de Readaptación Social (Cereso) varonil de Saltillo, levantado el 29 de agosto frente al aeropuerto Plan de Guadalupe, junto con dos hermanos y su hijo Brandon, de nueve años, por un grupo armado que los interceptó, les hizo bajar de su vehículo y se los llevó en un convoy de varias camionetas"", ""doc_id"": ""Coahuila_Gualberto A R_7"", ""offset"": -1}], ""vic_grupo_social"": [{""span"": ""La mayoría de los desaparecidos son comerciantes sin vínculos conocidos con el crimen organizado"", ""doc_id"": ""Coahuila_Gualberto A R_7"", ""offset"": 1241}, {""span"": ""el jefe de custodios del Centro de Readaptación Social (Cereso) varonil de Saltillo"", ""doc_id"": ""Coahuila_Gualberto A R_7"", ""offset"": -1}], ""captura_tipo"": [{""span"": ""el vehículo encontrado en el bulevar Óscar Flores Tapia presentaba manchas de sangre"", ""doc_id"": ""Coahuila_Gualberto A R_7"", ""offset"": -1}, {""span"": ""el vehículo encontrado el día de los hechos en el bulevar Óscar Flores Tapia"", ""doc_id"": ""Coahuila_Gualberto A R_7"", ""offset"": -1}], ""desenlace_tipo"": [{""span"": ""se desconoce hacia dónde se encuentra el Comandante Pantera"", ""doc_id"": ""Coahuila_Gualberto A R_7"", ""offset"": -1}, {""span"": ""se desconoce hacia dónde"", ""doc_id"": ""Coahuila_Gualberto A R_7"", ""offset"": -1}]}, ""summary"": ""Entre enero y agosto, 21 personas desaparecieron en Coahuila, la mayoría de las cuales eran comerciantes sin vínculos conocidos con el crimen organizado. El jefe de custodios del Centro de Readaptación Social (Cereso) varonil de Saltillo también desapareció. El vehículo encontrado en el bulevar Óscar Flores Tapia presentaba manchas de sangre. Se desconoce hacia dónde se encuentra el Comandante Pantera.""}, ""error"": """"}, {""victim_id"": ""Coahuila_Gualberto A R"", ""model"": ""hugging-quants/Meta-Llama-3.1-8B-Instruct-AWQ-INT4"", ""turn_index"": 5, ""task_name"": ""conversation_summary"", ""doc_id"": ""Coahuila_Gualberto A R_9"", ""values"": {""info_found"": ""TRUE"", ""relevant_context"": [""desenlace"", ""vic_grupo_social"", ""captura_tipo"", ""desenlace_tipo""], ""summary_by_item"": {""desenlace"": [{""span"": ""Se desconoce hacia dónde se encuentra el Comandante Pantera."", ""doc_id"": ""Coahuila_Gualberto A R_9"", ""offset"": -1}], ""vic_grupo_social"": [{""span"": ""La mayoría de los desaparecidos son comerciantes sin vínculos conocidos con el crimen organizado."", ""doc_id"": ""Coahuila_Gualberto A R_9"", ""offset"": -1}, {""span"": ""el jefe de custodios del Centro de Readaptación Social (Cereso) varonil de Saltillo también desapareció."", ""doc_id"": ""Coahuila_Gualberto A R_9"", ""offset"": -1}], ""captura_tipo"": [{""span"": ""El vehículo encontrado en el bulevar Óscar Flores Tapia presentaba manchas de sangre."", ""doc_id"": ""Coahuila_Gualberto A R_9"", ""offset"": -1}], ""desenlace_tipo"": [{""span"": ""Se desconoce hacia dónde se encuentra el Comandante Pantera."", ""doc_id"": ""Coahuila_Gualberto A R_9"", ""offset"": -1}]}, ""summary"": ""Entre enero y agosto, 21 personas desaparecieron en Coahuila, la mayoría de las cuales eran comerciantes sin vínculos conocidos con el crimen organizado. El jefe de custodios del Centro de Readaptación Social (Cereso) varonil de Saltillo también desapareció. El vehículo encontrado en el bulevar Óscar Flores Tapia presentaba manchas de sangre. Se desconoce hacia dónde se encuentra el Comandante Pantera.""}, ""error"": """"}]"
Coahuila_Atzy Adamary R S,hugging-quants/Meta-Llama-3.1-8B-Instruct-AWQ-INT4,6,"[{""victim_id"": ""Coahuila_Atzy Adamary R S"", ""model"": ""hugging-quants/Meta-Llama-3.1-8B-Instruct-AWQ-INT4"", ""turn_index"": 0, ""task_name"": ""conversation_summary"", ""doc_id"": ""Coahuila_Atzy Adamary R S_2"", ""values"": {""info_found"": ""TRUE"", ""relevant_context"": [""desenlace"", ""vic_grupo_social"", ""captura_tipo"", ""desenlace_tipo""], ""summary_by_item"": {""desenlace"": [{""span"": ""la justicia tardó pero ha llegado"", ""doc_id"": ""Coahuila_Atzy Adamary R S_2"", ""offset"": 263}], ""vic_grupo_social"": [{""span"": ""la mayoría integrantes de una familia"", ""doc_id"": ""Coahuila_Atzy Adamary R S_2"", ""offset"": 2281}], ""captura_tipo"": [{""span"": ""en el interior del penal de Piedras Negras"", ""doc_id"": ""Coahuila_Atzy Adamary R S_2"", ""offset"": 440}], ""desenlace_tipo"": [{""span"": ""sentencia de dos de cinco personas (una de ellas fallecida en un enfrentamiento) involucradas en la desaparición de personas"", ""doc_id"": ""Coahuila_Atzy Adamary R S_2"", ""offset"": 315}]}, ""summary"": ""La justicia ha llegado después de seis años de la desaparición de siete personas, la mayoría integrantes de una familia, en el interior del penal de Piedras Negras. La presidenta de Alas de Esperanza, Olga Lidia Saucedo García, consideró que la justicia tardó pero ha llegado, refiriéndose a la sentencia de dos de cinco personas involucradas en la desaparición de personas. La desaparición ocurrió en marzo de 2016, y la presidenta de Alas de Esperanza recordó que su hija desapareció junto con su yerno y familiares de éste último. La justicia ha otorgado sentencias de 75 y 50 años de prisión en contra de Santiago Peralta García y Manuel Elguezabal Hernández, respectivamente.""}, ""error"": """"}, {""victim_id"": ""Coahuila_Atzy Adamary R S"", ""model"": ""hugging-quants/Meta-Llama-3.1-8B-Instruct-AWQ-INT4"", ""turn_index"": 1, ""task_name"": ""conversation_summary"", ""doc_id"": ""Coahuila_Atzy Adamary R S_3"", ""values"": {""info_found"": ""TRUE"", ""relevant_context"": [""desenlace"", ""vic_grupo_social"", ""captura_tipo"", ""desenlace_tipo""], ""summary_by_item"": {""desenlace"": [{""span"": ""la justicia tardó pero ha llegado"", ""doc_id"": ""Coahuila_Atzy Adamary R S_3"", ""offset"": -1}, {""span"": ""sentencia de dos de cinco personas (una de ellas fallecida en un enfrentamiento) involucradas en la desaparición de personas"", ""doc_id"": ""Coahuila_Atzy Adamary R S_3"", ""offset"": -1}], ""vic_grupo_social"": [{""span"": ""la mayoría integrantes de una familia"", ""doc_id"": ""Coahuila_Atzy Adamary R S_3"", ""offset"": -1}, {""span"": ""su hija desapareció junto con su yerno y familiares de éste último"", ""doc_id"": ""Coahuila_Atzy Adamary R S_3"", ""offset"": -1}], ""captura_tipo"": [{""span"": ""en el interior del penal de Piedras Negras"", ""doc_id"": ""Coahuila_Atzy Adamary R S_3"", ""offset"": -1}], ""desenlace_tipo"": [{""span"": ""sentencia de dos de cinco personas (una de ellas fallecida en un enfrentamiento) involucradas en la desaparición de personas"", ""doc_id"": ""Coahuila_Atzy Adamary R S_3"", ""offset"": -1}]}, ""summary"": ""La justicia ha llegado después de seis años de la desaparición de siete personas, la mayoría integrantes de una familia, en el interior del penal de Piedras Negras. La presidenta de Alas de Esperanza, Olga Lidia Saucedo García, consideró que la justicia tardó pero ha llegado, refiriéndose a la sentencia de dos de cinco personas involucradas en la desaparición de personas. La desaparición ocurrió en marzo de 2016, y la presidenta de Alas de Esperanza recordó que su hija desapareció junto con su yerno y familiares de éste último. La justicia ha otorgado sentencias de 75 y 50 años de prisión en contra de Santiago Peralta García y Manuel Elguezabal Hernández, respectivamente. Olga Lidia Saucedo García, presidenta de Alas de Esperanza, niega caer en provocaciones por informe de caso Allende y afirma que conocían que la policía municipal de Allende colaboraba con las células del crimen organizado. También menciona que tras la desaparición de su hija no recibieron ayuda de parte de las autoridades sino hasta 2013, con la instauración de la Subprocuraduría de Personas Desaparecidas y No Localizadas.""}, ""error"": """"}, {""victim_id"": ""Coahuila_Atzy Adamary R S"", ""model"": ""hugging-quants/Meta-Llama-3.1-8B-Instruct-AWQ-INT4"", ""turn_index"": 2, ""task_name"": ""conversation_summary"", ""doc_id"": ""Coahuila_Atzy Adamary R S_4"", ""values"": {""info_found"": ""TRUE"", ""relevant_context"": [""desenlace"", ""vic_grupo_social"", ""captura_tipo"", ""desenlace_tipo""], ""summary_by_item"": {""desenlace"": [{""span"": ""la justicia tardó pero ha llegado"", ""doc_id"": ""Coahuila_Atzy Adamary R S_4"", ""offset"": -1}, {""span"": ""sentencia de dos de cinco personas (una de ellas fallecida en un enfrentamiento) involucradas en la desaparición de personas"", ""doc_id"": ""Coahuila_Atzy Adamary R S_4"", ""offset"": -1}], ""vic_grupo_social"": [{""span"": ""la mayoría integrantes de una familia"", ""doc_id"": ""Coahuila_Atzy Adamary R S_4"", ""offset"": -1}, {""span"": ""su hija desapareció junto con su yerno y familiares de éste último"", ""doc_id"": ""Coahuila_Atzy Adamary R S_4"", ""offset"": -1}], ""captura_tipo"": [{""span"": ""en el interior del penal de Piedras Negras"", ""doc_id"": ""Coahuila_Atzy Adamary R S_4"", ""offset"": 328}], ""desenlace_tipo"": [{""span"": ""sentencia de dos de cinco personas (una de ellas fallecida en un enfrentamiento) involucradas en la desaparición de personas"", ""doc_id"": ""Coahuila_Atzy Adamary R S_4"", ""offset"": -1}]}, ""summary"": ""La justicia ha llegado después de seis años de la desaparición de siete personas, la mayoría integrantes de una familia, en el interior del penal de Piedras Negras. La presidenta de Alas de Esperanza, Olga Lidia Saucedo García, consideró que la justicia tardó pero ha llegado, refiriéndose a la sentencia de dos de cinco personas involucradas en la desaparición de personas. La desaparición ocurrió en marzo de 2016, y la presidenta de Alas de Esperanza recordó que su hija desapareció junto con su yerno y familiares de éste último. La justicia ha otorgado sentencias de 75 y 50 años de prisión en contra de Santiago Peralta García y Manuel Elguezabal Hernández, respectivamente. Olga Lidia Saucedo García, presidenta de Alas de Esperanza, niega caer en provocaciones por informe de caso Allende y afirma que conocían que la policía municipal de Allende colaboraba con las células del crimen organizado. También menciona que tras la desaparición de su hija no recibieron ayuda de parte de las autoridades sino hasta 2013, con la instauración de la Subprocuraduría de Personas Desaparecidas y No Localizadas.""}, ""error"": """"}, {""victim_id"": ""Coahuila_Atzy Adamary R S"", ""model"": ""hugging-quants/Meta-Llama-3.1-8B-Instruct-AWQ-INT4"", ""turn_index"": 3, ""task_name"": ""conversation_summary"", ""doc_id"": ""Coahuila_Atzy Adamary R S_5"", ""values"": {""info_found"": ""TRUE"", ""relevant_context"": [""desenlace"", ""vic_grupo_social"", ""captura_tipo"", ""desenlace_tipo""], ""summary_by_item"": {""desenlace"": [{""span"": ""la justicia tardó pero ha llegado"", ""doc_id"": ""Coahuila_Atzy Adamary R S_5"", ""offset"": -1}, {""span"": ""sentencia de dos de cinco personas (una de ellas fallecida en un enfrentamiento) involucradas en la desaparición de personas"", ""doc_id"": ""Coahuila_Atzy Adamary R S_5"", ""offset"": -1}], ""vic_grupo_social"": [{""span"": ""la mayoría integrantes de una familia"", ""doc_id"": ""Coahuila_Atzy Adamary R S_5"", ""offset"": -1}, {""span"": ""su hija desapareció junto con su yerno y familiares de éste último"", ""doc_id"": ""Coahuila_Atzy Adamary R S_5"", ""offset"": -1}], ""captura_tipo"": [{""span"": ""en el interior del penal de Piedras Negras"", ""doc_id"": ""Coahuila_Atzy Adamary R S_5"", ""offset"": -1}], ""desenlace_tipo"": [{""span"": ""sentencia de dos de cinco personas (una de ellas fallecida en un enfrentamiento) involucradas en la desaparición de personas"", ""doc_id"": ""Coahuila_Atzy Adamary R S_5"", ""offset"": -1}]}, ""summary"": ""La justicia ha llegado después de seis años de la desaparición de siete personas, la mayoría integrantes de una familia, en el interior del penal de Piedras Negras. La presidenta de Alas de Esperanza, Olga Lidia Saucedo García, consideró que la justicia tardó pero ha llegado, refiriéndose a la sentencia de dos de cinco personas involucradas en la desaparición de personas. La desaparición ocurrió en marzo de 2016, y la presidenta de Alas de Esperanza recordó que su hija desapareció junto con su yerno y familiares de éste último. La justicia ha otorgado sentencias de 75 y 50 años de prisión en contra de Santiago Peralta García y Manuel Elguezabal Hernández, respectivamente. Olga Lidia Saucedo García, presidenta de Alas de Esperanza, niega caer en provocaciones por informe de caso Allende y afirma que conocían que la policía municipal de Allende colaboraba con las células del crimen organizado. También menciona que tras la desaparición de su hija no recibieron ayuda de parte de las autoridades sino hasta 2013, con la instauración de la Subprocuraduría de Personas Desaparecidas y No Localizadas.""}, ""error"": """"}, {""victim_id"": ""Coahuila_Atzy Adamary R S"", ""model"": ""hugging-quants/Meta-Llama-3.1-8B-Instruct-AWQ-INT4"", ""turn_index"": 4, ""task_name"": ""conversation_summary"", ""doc_id"": ""Coahuila_Atzy Adamary R S_6"", ""values"": {""info_found"": ""TRUE"", ""relevant_context"": [""desenlace"", ""vic_grupo_social"", ""captura_tipo"", ""desenlace_tipo""], ""summary_by_item"": {""desenlace"": [{""span"": ""la justicia tardó pero ha llegado"", ""doc_id"": ""Coahuila_Atzy Adamary R S_6"", ""offset"": -1}, {""span"": ""sentencia de dos de cinco personas (una de ellas fallecida en un enfrentamiento) involucradas en la desaparición de personas"", ""doc_id"": ""Coahuila_Atzy Adamary R S_6"", ""offset"": -1}], ""vic_grupo_social"": [{""span"": ""la mayoría integrantes de una familia"", ""doc_id"": ""Coahuila_Atzy Adamary R S_6"", ""offset"": -1}, {""span"": ""su hija desapareció junto con su yerno y familiares de éste último"", ""doc_id"": ""Coahuila_Atzy Adamary R S_6"", ""offset"": -1}], ""captura_tipo"": [{""span"": ""en el interior del penal de Piedras Negras"", ""doc_id"": ""Coahuila_Atzy Adamary R S_6"", ""offset"": -1}], ""desenlace_tipo"": [{""span"": ""sentencia de dos de cinco personas (una de ellas fallecida en un enfrentamiento) involucradas en la desaparición de personas"", ""doc_id"": ""Coahuila_Atzy Adamary R S_6"", ""offset"": -1}]}, ""summary"": ""La justicia ha llegado después de seis años de la desaparición de siete personas, la mayoría integrantes de una familia, en el interior del penal de Piedras Negras. La presidenta de Alas de Esperanza, Olga Lidia Saucedo García, consideró que la justicia tardó pero ha llegado, refiriéndose a la sentencia de dos de cinco personas involucradas en la desaparición de personas. La desaparición ocurrió en marzo de 2016, y la presidenta de Alas de Esperanza recordó que su hija desapareció junto con su yerno y familiares de éste último. La justicia ha otorgado sentencias de 75 y 50 años de prisión en contra de Santiago Peralta García y Manuel Elguezabal Hernández, respectivamente. Olga Lidia Saucedo García, presidenta de Alas de Esperanza, niega caer en provocaciones por informe de caso Allende y afirma que conocían que la policía municipal de Allende colaboraba con las células del crimen organizado. También menciona que tras la desaparición de su hija no recibieron ayuda de parte de las autoridades sino hasta 2013, con la instauración de la Subprocuraduría de Personas Desaparecidas y No Localizadas.""}, ""error"": """"}, {""victim_id"": ""Coahuila_Atzy Adamary R S"", ""model"": ""hugging-quants/Meta-Llama-3.1-8B-Instruct-AWQ-INT4"", ""turn_index"": 5, ""task_name"": ""conversation_summary"", ""doc_id"": ""Coahuila_Atzy Adamary R S_7"", ""values"": {""info_found"": ""TRUE"", ""relevant_context"": [""desenlace"", ""vic_grupo_social"", ""captura_tipo"", ""desenlace_tipo""], ""summary_by_item"": {""desenlace"": [{""span"": ""la justicia tardó pero ha llegado"", ""doc_id"": ""Coahuila_Atzy Adamary R S_7"", ""offset"": -1}, {""span"": ""sentencia de dos de cinco personas (una de ellas fallecida en un enfrentamiento) involucradas en la desaparición de personas"", ""doc_id"": ""Coahuila_Atzy Adamary R S_7"", ""offset"": -1}], ""vic_grupo_social"": [{""span"": ""la mayoría integrantes de una familia"", ""doc_id"": ""Coahuila_Atzy Adamary R S_7"", ""offset"": -1}, {""span"": ""su hija desapareció junto con su yerno y familiares de éste último"", ""doc_id"": ""Coahuila_Atzy Adamary R S_7"", ""offset"": -1}], ""captura_tipo"": [{""span"": ""en el interior del penal de Piedras Negras"", ""doc_id"": ""Coahuila_Atzy Adamary R S_7"", ""offset"": -1}], ""desenlace_tipo"": [{""span"": ""sentencia de dos de cinco personas (una de ellas fallecida en un enfrentamiento) involucradas en la desaparición de personas"", ""doc_id"": ""Coahuila_Atzy Adamary R S_7"", ""offset"": -1}]}, ""summary"": ""La justicia ha llegado después de seis años de la desaparición de siete personas, la mayoría integrantes de una familia, en el interior del penal de Piedras Negras. La presidenta de Alas de Esperanza, Olga Lidia Saucedo García, consideró que la justicia tardó pero ha llegado, refiriéndose a la sentencia de dos de cinco personas involucradas en la desaparición de personas. La desaparición ocurrió en marzo de 2016, y la presidenta de Alas de Esperanza recordó que su hija desapareció junto con su yerno y familiares de éste último. La justicia ha otorgado sentencias de 75 y 50 años de prisión en contra de Santiago Peralta García y Manuel Elguezabal Hernández, respectivamente. Olga Lidia Saucedo García, presidenta de Alas de Esperanza, niega caer en provocaciones por informe de caso Allende y afirma que conocían que la policía municipal de Allende colaboraba con las células del crimen organizado. También menciona que tras la desaparición de su hija no recibieron ayuda de parte de las autoridades sino hasta 2013, con la instauración de la Subprocuraduría de Personas Desaparecidas y No Localizadas.""}, ""error"": """"}]"
Coahuila_Cintia R,hugging-quants/Meta-Llama-3.1-8B-Instruct-AWQ-INT4,8,"[{""victim_id"": ""Coahuila_Cintia R"", ""model"": ""hugging-quants/Meta-Llama-3.1-8B-Instruct-AWQ-INT4"", ""turn_index"": 0, ""task_name"": ""conversation_summary"", ""doc_id"": ""Coahuila_Cintia R_1"", ""values"": {""info_found"": ""TRUE"", ""relevant_context"": [""desenlace"", ""vic_grupo_social"", ""captura_tipo"", ""desenlace_tipo""], ""summary_by_item"": {""desenlace"": [{""span"": ""los cuerpos no han sido encontrados, pero dentro de la investigación ya sabemos lo que pasó"", ""doc_id"": ""Coahuila_Cintia R_1"", ""offset"": 1193}], ""vic_grupo_social"": [{""span"": ""alumnos de séptimo semestre de la Facultad de Contaduría y Administració de Monclava"", ""doc_id"": ""Coahuila_Cintia R_1"", ""offset"": -1}], ""captura_tipo"": [{""span"": ""los detenidos por las autoridades estatales, además de dos sujetos que fueron capturados por la Policía Federal"", ""doc_id"": ""Coahuila_Cintia R_1"", ""offset"": 843}], ""desenlace_tipo"": [{""span"": ""no se menciona el lugar donde se encuentran los cuerpos"", ""doc_id"": ""Coahuila_Cintia R_1"", ""offset"": -1}]}, ""summary"": ""Los cuerpos de los cuatro estudiantes desaparecidos en Coahuila no han sido encontrados. Los estudiantes eran alumnos de séptimo semestre de la Facultad de Contaduría y Administración de Monclava. Fueron detenidos por las autoridades estatales y dos sujetos por la Policía Federal. La investigación ya sabe lo que pasó, pero no se menciona el lugar donde se encuentran los cuerpos.""}, ""error"": """"}, {""victim_id"": ""Coahuila_Cintia R"", ""model"": ""hugging-quants/Meta-Llama-3.1-8B-Instruct-AWQ-INT4"", ""turn_index"": 1, ""task_name"": ""conversation_summary"", ""doc_id"": ""Coahuila_Cintia R_11"", ""values"": {""info_found"": ""TRUE"", ""relevant_context"": [""desenlace"", ""vic_grupo_social"", ""captura_tipo"", ""desenlace_tipo""], ""summary_by_item"": {""desenlace"": [{""span"": ""La Procuraduría General de Justicia del Estado (PGJE) dio a conocer que hay 26 personas detenidas por estos hechos, pero ninguna aportó datos para encontrar a los universitarios, quienes según las investigaciones pudieron haber sido asesinados a tiros luego que una célula de los Zetas los confundió con miembros del cártel del Golfo."", ""doc_id"": ""Coahuila_Cintia R_11"", ""offset"": -1}, {""span"": ""El procurador estatal, Homero Ramos Gloria, informó que entre los detenidos se encuentran los autores materiales de la desaparición y de los supuestos homicidios, los cuales no se han podido corroborar debido a que los estudiantes no han aparecido."", ""doc_id"": ""Coahuila_Cintia R_11"", ""offset"": 1287}], ""vic_grupo_social"": [{""span"": ""Los cuatro desaparecidos, de entre 21 y 22 años, abordaron un automóvil Dodge Stratus, que conducía el único varón del grupo. Salieron de la facultad alrededor de las 22 horas del 11 de abril y se desplazaron hacia el norte de Monclova por el bulevar Harold R. Pape."", ""doc_id"": ""Coahuila_Cintia R_11"", ""offset"": 2443}, {""span"": ""Se sabe que frente a la colonia Estancias de San Juan Bautista fueron interceptados por hombres armados que los obligaron a detenerse y les dispararon."", ""doc_id"": ""Coahuila_Cintia R_11"", ""offset"": 2710}], ""captura_tipo"": [{""span"": ""Los detenidos por las autoridades estatales, además de dos sujetos que fueron capturados por la Policía Federal."", ""doc_id"": ""Coahuila_Cintia R_11"", ""offset"": -1}], ""desenlace_tipo"": [{""span"": ""No se menciona el lugar donde se encuentran los cuerpos."", ""doc_id"": ""Coahuila_Cintia R_11"", ""offset"": -1}], ""summary"": [{""span"": ""La Procuraduría General de Justicia del Estado (PGJE) dio a conocer que hay 26 personas detenidas por estos hechos, pero ninguna aportó datos para encontrar a los universitarios, quienes según las investigaciones pudieron haber sido asesinados a tiros luego que una célula de los Zetas los confundió con miembros del cártel del Golfo."", ""doc_id"": ""Coahuila_Cintia R_11"", ""offset"": -1}, {""span"": ""El procurador estatal, Homero Ramos Gloria, informó que entre los detenidos se encuentran los autores materiales de la desaparición y de los supuestos homicidios, los cuales no se han podido corroborar debido a que los estudiantes no han aparecido."", ""doc_id"": ""Coahuila_Cintia R_11"", ""offset"": 1287}, {""span"": ""Los cuatro desaparecidos, de entre 21 y 22 años, abordaron un automóvil Dodge Stratus, que conducía el único varón del grupo. Salieron de la facultad alrededor de las 22 horas del 11 de abril y se desplazaron hacia el norte de Monclova por el bulevar Harold R. Pape."", ""doc_id"": ""Coahuila_Cintia R_11"", ""offset"": 2443}, {""span"": ""Se sabe que frente a la colonia Estancias de San Juan Bautista fueron interceptados por hombres armados que los obligaron a detenerse y les dispararon."", ""doc_id"": ""Coahuila_Cintia R_11"", ""offset"": 2710}, {""span"": ""No se menciona el lugar donde se encuentran los cuerpos."", ""doc_id"": ""Coahuila_Cintia R_11"", ""offset"": -1}]}, ""summary"": null}, ""error"": """"}, {""victim_id"": ""Coahuila_Cintia R"", ""model"": ""hugging-quants/Meta-Llama-3.1-8B-Instruct-AWQ-INT4"", ""turn_index"": 2, ""task_name"": ""conversation_summary"", ""doc_id"": ""Coahuila_Cintia R_12"", ""values"": {""info_found"": ""<TRUE>"", ""relevant_context"": [""desenlace"", ""vic_grupo_social"", ""captura_tipo"", ""desenlace_tipo""], ""summary_by_item"": {""desenlace"": [{""span"": ""La procuraduría está haciendo un gran esfuerzo, único en el país en el tema de los desaparecidos; entiendo y respeto la angustia de los padres de familia. El Estado mexicano debe pedir disculpas a los que han padecido esto y todos hemos sido víctimas de la violencia en alguno momento, pero la vorágine del crimen se dio de tal manera que a veces es difícil reconstruir la ruta de ese delito."", ""doc_id"": ""Coahuila_Cintia R_12"", ""offset"": -1}], ""vic_grupo_social"": [{""span"": ""Activistas de derechos humanos y familiares de Cecilia Picazo, Marlyn Peña, Cintia Rodríguez y Carlos Núñez, estudiantes de la Facultad de Contaduría y Administración de la Universidad Autónoma de Coahuila en Monclova, consideraron que la captura de los presuntos implicados en la desaparición no sirve de mucho, pues aún desconocen el paradero de los universitarios."", ""doc_id"": ""Coahuila_Cintia R_12"", ""offset"": 2149}], ""captura_tipo"": [{""span"": ""Los cuatro universitarios murieron tras un ataque a balazos de integrantes del grupo delictivo Los Zetas; sin embargo sus cadáveres no aparecen."", ""doc_id"": ""Coahuila_Cintia R_12"", ""offset"": -1}], ""desenlace_tipo"": [{""span"": ""La procuraduría está haciendo un gran esfuerzo, único en el país en el tema de los desaparecidos; entiendo y respeto la angustia de los padres de familia. El Estado mexicano debe pedir disculpas a los que han padecido esto y todos hemos sido víctimas de la violencia en alguno momento, pero la vorágine del crimen se dio de tal manera que a veces es difícil reconstruir la ruta de ese delito."", ""doc_id"": ""Coahuila_Cintia R_12"", ""offset"": -1}]}, ""summary"": ""La procuraduría está haciendo un gran esfuerzo para encontrar a los desaparecidos, pero la violencia en el país complica la indagatoria y el esclarecimiento de los delitos. Los activistas de derechos humanos y familiares de los universitarios desaparecidos consideran que la captura de los presuntos implicados no sirve de mucho, pues aún desconocen el paradero de los universitarios. Los cuatro universitarios murieron tras un ataque a balazos de integrantes del grupo delictivo Los Zetas, pero sus cadáveres no aparecen. El Estado mexicano debe pedir disculpas a los que han padecido esto y todos hemos sido víctimas de la violencia en alguno momento.""}, ""error"": """"}, {""victim_id"": ""Coahuila_Cintia R"", ""model"": ""hugging-quants/Meta-Llama-3.1-8B-Instruct-AWQ-INT4"", ""turn_index"": 3, ""task_name"": ""conversation_summary"", ""doc_id"": ""Coahuila_Cintia R_4"", ""values"": {""info_found"": ""TRUE"", ""relevant_context"": [""vic_grupo_social"", ""captura_tipo"", ""desenlace_tipo""], ""summary_by_item"": {""vic_grupo_social"": [{""span"": ""Activistas de derechos humanos y familiares de Cecilia Picazo, Marlyn Peña, Cintia Rodríguez y Carlos Núñez, estudiantes de la Facultad de Contaduría y Administración de la Universidad Autónoma de Coahuila en Monclova, consideraron que la captura de los presuntos implicados en la desaparición no sirve de mucho, pues aún desconocen el paradero de los universitarios."", ""doc_id"": ""Coahuila_Cintia R_4"", ""offset"": -1}], ""captura_tipo"": [{""span"": ""Los cuatro universitarios murieron tras un ataque a balazos de integrantes del grupo delictivo Los Zetas; sin embargo sus cadáveres no aparecen."", ""doc_id"": ""Coahuila_Cintia R_4"", ""offset"": -1}], ""desenlace_tipo"": [{""span"": ""La procuraduría está haciendo un gran esfuerzo, único en el país en el tema de los desaparecidos; entiendo y respeto la angustia de los padres de familia. El Estado mexicano debe pedir disculpas a los que han padecido esto y todos hemos sido víctimas de la violencia en alguno momento, pero la vorágine del crimen se dio de tal manera que a veces es difícil reconstruir la ruta de ese delito."", ""doc_id"": ""Coahuila_Cintia R_4"", ""offset"": -1}], ""summary"": """"}, ""summary"": null}, ""error"": """"}, {""victim_id"": ""Coahuila_Cintia R"", ""model"": ""hugging-quants/Meta-Llama-3.1-8B-Instruct-AWQ-INT4"", ""turn_index"": 4, ""task_name"": ""conversation_summary"", ""doc_id"": ""Coahuila_Cintia R_5"", ""values"": {""info_found"": ""TRUE"", ""relevant_context"": [""desenlace"", ""vic_grupo_social"", ""captura_tipo"", ""desenlace_tipo"", ""perp_tipo1""], ""summary_by_item"": {""desenlace"": [{""span"": ""La investigación va bastante avanzada, son cuestiones de carácter federal también, por eso no puedo hacer alusión a muchas de las conclusiones, pero va bastante avanzada"", ""doc_id"": ""Coahuila_Cintia R_5"", ""offset"": 763}], ""vic_grupo_social"": [{""span"": ""la mayoría de los detenidos son 'halcones', es decir, que se dedicaban a hacer trabajo de espionaje para grupos del crimen organizado en la entidad"", ""doc_id"": ""Coahuila_Cintia R_5"", ""offset"": 491}], ""captura_tipo"": [{""span"": ""un ataque con armas de fuego a los ocupantes de un automóvil Stratus"", ""doc_id"": ""Coahuila_Cintia R_5"", ""offset"": 1234}], ""desenlace_tipo"": [{""span"": ""no se encontraron evidencias o rastros que hagan suponer que los jóvenes fueron asesinados"", ""doc_id"": ""Coahuila_Cintia R_5"", ""offset"": 2027}], ""perp_tipo1"": [{""span"": ""la mayoría de los detenidos son 'halcones', es decir, que se dedicaban a hacer trabajo de espionaje para grupos del crimen organizado en la entidad"", ""doc_id"": ""Coahuila_Cintia R_5"", ""offset"": 491}]}, ""summary"": ""La investigación sobre la desaparición de cuatro estudiantes de la Universidad Autónoma de Coahuila (UAdeC) está avanzada. La mayoría de los detenidos son 'halcones', es decir, que se dedicaban a hacer trabajo de espionaje para grupos del crimen organizado en la entidad. El ataque fue con armas de fuego a los ocupantes de un automóvil Stratus. No se encontraron evidencias de asesinato. Los detenidos admitieron que integrantes de su organización criminal perpetraron el ataque.""}, ""error"": """"}, {""victim_id"": ""Coahuila_Cintia R"", ""model"": ""hugging-quants/Meta-Llama-3.1-8B-Instruct-AWQ-INT4"", ""turn_index"": 5, ""task_name"": ""conversation_summary"", ""doc_id"": ""Coahuila_Cintia R_7"", ""values"": {""info_found"": ""TRUE"", ""relevant_context"": [""desenlace"", ""vic_grupo_social"", ""captura_tipo"", ""desenlace_tipo"", ""perp_tipo1""], ""summary_by_item"": {""desenlace"": [{""span"": ""La investigación va bastante avanzada, son cuestiones de carácter federal también, por eso no puedo hacer alusión a muchas de las conclusiones, pero va bastante avanzada"", ""doc_id"": ""Coahuila_Cintia R_7"", ""offset"": -1}, {""span"": ""La investigación sobre la desaparición de cuatro estudiantes de la Universidad Autónoma de Coahuila (UAdeC) está avanzada"", ""doc_id"": ""Coahuila_Cintia R_7"", ""offset"": -1}], ""vic_grupo_social"": [{""span"": ""la mayoría de los detenidos son 'halcones', es decir, que se dedicaban a hacer trabajo de espionaje para grupos del crimen organizado en la entidad"", ""doc_id"": ""Coahuila_Cintia R_7"", ""offset"": -1}, {""span"": ""la mayoría de los detenidos son 'halcones', es decir, que se dedicaban a hacer trabajo de espionaje para grupos del crimen organizado en la entidad"", ""doc_id"": ""Coahuila_Cintia R_7"", ""offset"": -1}], ""captura_tipo"": [{""span"": ""un ataque con armas de fuego a los ocupantes de un automóvil Stratus"", ""doc_id"": ""Coahuila_Cintia R_7"", ""offset"": -1}, {""span"": ""un ataque con armas de fuego a los ocupantes de un automóvil Stratus"", ""doc_id"": ""Coahuila_Cintia R_7"", ""offset"": -1}], ""desenlace_tipo"": [{""span"": ""no se encontraron evidencias de asesinato"", ""doc_id"": ""Coahuila_Cintia R_7"", ""offset"": -1}, {""span"": ""no se encontraron evidencias de asesinato"", ""doc_id"": ""Coahuila_Cintia R_7"", ""offset"": -1}], ""perp_tipo1"": [{""span"": ""la mayoría de los detenidos son 'halcones', es decir, que se dedicaban a hacer trabajo de espionaje para grupos del crimen organizado en la entidad"", ""doc_id"": ""Coahuila_Cintia R_7"", ""offset"": -1}, {""span"": ""la mayoría de los detenidos son 'halcones', es decir, que se dedicaban a hacer trabajo de espionaje para grupos del crimen organizado en la entidad"", ""doc_id"": ""Coahuila_Cintia R_7"", ""offset"": -1}]}, ""summary"": ""La investigación sobre la desaparición de cuatro estudiantes de la Universidad Autónoma de Coahuila (UAdeC) está avanzada. La mayoría de los detenidos son 'halcones', es decir, que se dedicaban a hacer trabajo de espionaje para grupos del crimen organizado en la entidad. El ataque fue con armas de fuego a los ocupantes de un automóvil Stratus. No se encontraron evidencias de asesinato. Los detenidos admitieron que integrantes de su organización criminal perpetraron el ataque.""}, ""error"": """"}, {""victim_id"": ""Coahuila_Cintia R"", ""model"": ""hugging-quants/Meta-Llama-3.1-8B-Instruct-AWQ-INT4"", ""turn_index"": 6, ""task_name"": ""conversation_summary"", ""doc_id"": ""Coahuila_Cintia R_8"", ""values"": {""info_found"": ""TRUE"", ""relevant_context"": [""vic_grupo_social"", ""captura_tipo"", ""perp_tipo1"", ""desenlace_tipo""], ""summary_by_item"": {""vic_grupo_social"": [{""span"": ""la mayoría de los detenidos son ‘halcones’, es decir, que se dedicaban a hacer trabajo de espionaje para grupos del crimen organizado en la entidad"", ""doc_id"": ""Coahuila_Cintia R_8"", ""offset"": -1}], ""captura_tipo"": [{""span"": ""un ataque con armas de fuego a los ocupantes de un automóvil Stratus"", ""doc_id"": ""Coahuila_Cintia R_8"", ""offset"": -1}], ""perp_tipo1"": [{""span"": ""la mayoría de los detenidos son ‘halcones’, es decir, que se dedicaban a hacer trabajo de espionaje para grupos del crimen organizado en la entidad"", ""doc_id"": ""Coahuila_Cintia R_8"", ""offset"": -1}], ""desenlace_tipo"": [{""span"": ""no se encontraron evidencias de asesinato"", ""doc_id"": ""Coahuila_Cintia R_8"", ""offset"": -1}]}, ""summary"": ""La investigación sobre la desaparición de cuatro estudiantes de la Universidad Autónoma de Coahuila (UAdeC) está avanzada. La mayoría de los detenidos son ‘halcones’, es decir, que se dedicaban a hacer trabajo de espionaje para grupos del crimen organizado en la entidad. El ataque fue con armas de fuego a los ocupantes de un automóvil Stratus. No se encontraron evidencias de asesinato. Los detenidos admitieron que integrantes de su organización criminal perpetraron el ataque.""}, ""error"": """"}, {""victim_id"": ""Coahuila_Cintia R"", ""model"": ""hugging-quants/Meta-Llama-3.1-8B-Instruct-AWQ-INT4"", ""turn_index"": 7, ""task_name"": ""conversation_summary"", ""doc_id"": ""Coahuila_Cintia R_9"", ""values"": {""info_found"": ""TRUE"", ""relevant_context"": [""vic_grupo_social"", ""captura_tipo"", ""perp_tipo1"", ""desenlace_tipo""], ""summary_by_item"": {""vic_grupo_social"": [{""span"": ""la mayoría de los detenidos son ‘halcones’, es decir, que se dedicaban a hacer trabajo de espionaje para grupos del crimen organizado en la entidad"", ""doc_id"": ""Coahuila_Cintia R_9"", ""offset"": -1}, {""span"": ""los cuatro desaparecidos, de entre 21 y 22 años, abordaron un automóvil Dodge Stratus, que conducía el único varón del grupo"", ""doc_id"": ""Coahuila_Cintia R_9"", ""offset"": -1}], ""captura_tipo"": [{""span"": ""un ataque con armas de fuego a los ocupantes de un automóvil Stratus"", ""doc_id"": ""Coahuila_Cintia R_9"", ""offset"": -1}, {""span"": ""frente a la colonia Estancias de San Juan Bautista fueron interceptados por hombres armados que los obligaron a detenerse y les dispararon"", ""doc_id"": ""Coahuila_Cintia R_9"", ""offset"": 2722}], ""perp_tipo1"": [{""span"": ""la mayoría de los detenidos son ‘halcones’, es decir, que se dedicaban a hacer trabajo de espionaje para grupos del crimen organizado en la entidad"", ""doc_id"": ""Coahuila_Cintia R_9"", ""offset"": -1}, {""span"": ""los detenidos admitieron que integrantes de su organización criminal perpetraron el ataque"", ""doc_id"": ""Coahuila_Cintia R_9"", ""offset"": -1}], ""desenlace_tipo"": [{""span"": ""no se encontraron evidencias de asesinato"", ""doc_id"": ""Coahuila_Cintia R_9"", ""offset"": -1}, {""span"": ""el vehículo fue movido con una grúa y apareció en un paraje de la carretera entre Sabinas y Monclova, incendiado y con impactos de bala"", ""doc_id"": ""Coahuila_Cintia R_9"", ""offset"": -1}]}, ""summary"": ""La investigación sobre la desaparición de cuatro estudiantes de la Universidad Autónoma de Coahuila (UAdeC) está avanzada. La mayoría de los detenidos son ‘halcones’, es decir, que se dedicaban a hacer trabajo de espionaje para grupos del crimen organizado en la entidad. El ataque fue con armas de fuego a los ocupantes de un automóvil Stratus. No se encontraron evidencias de asesinato. Los detenidos admitieron que integrantes de su organización criminal perpetraron el ataque. Los cuatro desaparecidos, de entre 21 y 22 años, abordaron un automóvil Dodge Stratus, que conducía el único varón del grupo. Fueron interceptados por hombres armados que los obligaron a detenerse y les dispararon. El vehículo fue movido con una grúa y apareció en un paraje de la carretera entre Sabinas y Monclova, incendiado y con impactos de bala.""}, ""error"": """"}]"
Coahuila_Brenda Melina Z V,hugging-quants/Meta-Llama-3.1-8B-Instruct-AWQ-INT4,5,"[{""victim_id"": ""Coahuila_Brenda Melina Z V"", ""model"": ""hugging-quants/Meta-Llama-3.1-8B-Instruct-AWQ-INT4"", ""turn_index"": 0, ""task_name"": ""conversation_summary"", ""doc_id"": ""Coahuila_Brenda Melina Z V_1"", ""values"": {""info_found"": ""TRUE"", ""relevant_context"": [""desenlace"", ""vic_grupo_social"", ""captura_tipo"", ""desenlace_tipo""], ""summary_by_item"": {""desenlace"": [{""span"": ""no hay relevancias ni nuevas líneas de investigación que las que ella misma ha aportado a la Subprocuraduría de Personas Desaparecidas y No Localizadas"", ""doc_id"": ""Coahuila_Brenda Melina Z V_1"", ""offset"": 357}], ""vic_grupo_social"": [{""span"": ""Brenda Melina Zúñiga cuando desapareció tenía 21 años y era elemento de la Policía Municipal de Piedras Negras"", ""doc_id"": ""Coahuila_Brenda Melina Z V_1"", ""offset"": 1170}], ""captura_tipo"": [{""span"": ""el ejido Piedras Negras, el cual estaba muy cerca de su domicilio"", ""doc_id"": ""Coahuila_Brenda Melina Z V_1"", ""offset"": -1}], ""desenlace_tipo"": [{""span"": ""yo no entiendo para qué, si no buscan en campo a mi hija"", ""doc_id"": ""Coahuila_Brenda Melina Z V_1"", ""offset"": -1}]}, ""summary"": ""La investigación sobre la desaparición de Brenda Melina Zúñiga Vargas, una ex policía de 21 años, no ha avanzado en seis años. Su madre, Yolanda Vargas González, asegura que no hay nuevas pistas ni líneas de investigación, y que las autoridades mexicanas no han buscado en campo a su hija. La desaparición ocurrió el 21 de junio de 2010 en Piedras Negras, y desde entonces, Yolanda ha buscado pruebas y hablado con gente, pero sin resultados. La investigación ha sido vigilada por una organización estadounidense, pero no se han encontrado nuevas pistas. La madre de Brenda está decidida a seguir buscando a su hija, incluso si significa ir a buscarla a las Islas Marías.""}, ""error"": """"}, {""victim_id"": ""Coahuila_Brenda Melina Z V"", ""model"": ""hugging-quants/Meta-Llama-3.1-8B-Instruct-AWQ-INT4"", ""turn_index"": 1, ""task_name"": ""conversation_summary"", ""doc_id"": ""Coahuila_Brenda Melina Z V_2"", ""values"": {""info_found"": ""TRUE"", ""relevant_context"": [""desenlace"", ""vic_grupo_social"", ""captura_tipo"", ""desenlace_tipo""], ""summary_by_item"": {""desenlace"": [{""span"": ""no hay relevancias ni nuevas líneas de investigación que las que ella misma ha aportado a la Subprocuraduría de Personas Desaparecidas y No Localizadas"", ""doc_id"": ""Coahuila_Brenda Melina Z V_2"", ""offset"": -1}, {""span"": ""yo no entiendo para qué, si no buscan en campo a mi hija"", ""doc_id"": ""Coahuila_Brenda Melina Z V_2"", ""offset"": -1}], ""vic_grupo_social"": [{""span"": ""Brenda Melina Zúñiga cuando desapareció tenía 21 años y era elemento de la Policía Municipal de Piedras Negras"", ""doc_id"": ""Coahuila_Brenda Melina Z V_2"", ""offset"": -1}], ""captura_tipo"": [{""span"": ""el ejido Piedras Negras, el cual estaba muy cerca de su domicilio"", ""doc_id"": ""Coahuila_Brenda Melina Z V_2"", ""offset"": -1}], ""desenlace_tipo"": [{""span"": ""yo no entiendo para qué, si no buscan en campo a mi hija"", ""doc_id"": ""Coahuila_Brenda Melina Z V_2"", ""offset"": -1}]}, ""summary"": ""La investigación sobre la desaparición de Brenda Melina Zúñiga Vargas, una ex policía de 21 años, no ha avanzado en seis años. Su madre, Yolanda Vargas González, asegura que no hay nuevas pistas ni líneas de investigación, y que las autoridades mexicanas no han buscado en campo a su hija. La desaparición ocurrió el 21 de junio de 2010 en Piedras Negras, y desde entonces, Yolanda ha buscado pruebas y hablado con gente, pero sin resultados. La investigación ha sido vigilada por una organización estadounidense, pero no se han encontrado nuevas pistas. La madre de Brenda está decidida a seguir buscando a su hija, incluso si significa ir a buscarla a las Islas Marías.""}, ""error"": """"}, {""victim_id"": ""Coahuila_Brenda Melina Z V"", ""model"": ""hugging-quants/Meta-Llama-3.1-8B-Instruct-AWQ-INT4"", ""turn_index"": 2, ""task_name"": ""conversation_summary"", ""doc_id"": ""Coahuila_Brenda Melina Z V_3"", ""values"": {""info_found"": ""TRUE"", ""relevant_context"": [""desenlace"", ""vic_grupo_social"", ""captura_tipo"", ""desenlace_tipo""], ""summary_by_item"": {""desenlace"": [{""span"": ""no hay nuevas pistas ni líneas de investigación que las que ella misma ha aportado a la Subprocuraduría de Personas Desaparecidas y No Localizadas"", ""doc_id"": ""Coahuila_Brenda Melina Z V_3"", ""offset"": -1}, {""span"": ""yo no entiendo para qué, si no buscan en campo a mi hija"", ""doc_id"": ""Coahuila_Brenda Melina Z V_3"", ""offset"": -1}], ""vic_grupo_social"": [{""span"": ""Brenda Melina Zúñiga cuando desapareció tenía 21 años y era elemento de la Policía Municipal de Piedras Negras"", ""doc_id"": ""Coahuila_Brenda Melina Z V_3"", ""offset"": -1}], ""captura_tipo"": [{""span"": ""el ejido Piedras Negras, el cual estaba muy cerca de su domicilio"", ""doc_id"": ""Coahuila_Brenda Melina Z V_3"", ""offset"": -1}], ""desenlace_tipo"": [{""span"": ""yo no entiendo para qué, si no buscan en campo a mi hija"", ""doc_id"": ""Coahuila_Brenda Melina Z V_3"", ""offset"": -1}]}, ""summary"": ""La investigación sobre la desaparición de Brenda Melina Zúñiga Vargas, una ex policía de 21 años, no ha avanzado en seis años. Su madre, Yolanda Vargas González, asegura que no hay nuevas pistas ni líneas de investigación, y que las autoridades mexicanas no han buscado en campo a su hija. La desaparición ocurrió el 21 de junio de 2010 en Piedras Negras, y desde entonces, Yolanda ha buscado pruebas y hablado con gente, pero sin resultados. La investigación ha sido vigilada por una organización estadounidense, pero no se han encontrado nuevas pistas. La madre de Brenda está decidida a seguir buscando a su hija, incluso si significa ir a buscarla a las Islas Marías.""}, ""error"": """"}, {""victim_id"": ""Coahuila_Brenda Melina Z V"", ""model"": ""hugging-quants/Meta-Llama-3.1-8B-Instruct-AWQ-INT4"", ""turn_index"": 3, ""task_name"": ""conversation_summary"", ""doc_id"": ""Coahuila_Brenda Melina Z V_4"", ""values"": {""info_found"": ""TRUE"", ""relevant_context"": [""desenlace"", ""vic_grupo_social"", ""captura_tipo"", ""desenlace_tipo""], ""summary_by_item"": {""desenlace"": [{""span"": ""no hay nuevas pistas ni líneas de investigación que las que ella misma ha aportado a la Subprocuraduría de Personas Desaparecidas y No Localizadas"", ""doc_id"": ""Coahuila_Brenda Melina Z V_4"", ""offset"": -1}, {""span"": ""yo no entiendo para qué, si no buscan en campo a mi hija"", ""doc_id"": ""Coahuila_Brenda Melina Z V_4"", ""offset"": -1}], ""vic_grupo_social"": [{""span"": ""Brenda Melina Zúñiga cuando desapareció tenía 21 años y era elemento de la Policía Municipal de Piedras Negras"", ""doc_id"": ""Coahuila_Brenda Melina Z V_4"", ""offset"": -1}], ""captura_tipo"": [{""span"": ""el ejido Piedras Negras, el cual estaba muy cerca de su domicilio"", ""doc_id"": ""Coahuila_Brenda Melina Z V_4"", ""offset"": -1}], ""desenlace_tipo"": [{""span"": ""yo no entiendo para qué, si no buscan en campo a mi hija"", ""doc_id"": ""Coahuila_Brenda Melina Z V_4"", ""offset"": -1}]}, ""summary"": ""La investigación sobre la desaparición de Brenda Melina Zúñiga Vargas, una ex policía de 21 años, no ha avanzado en seis años. Su madre, Yolanda Vargas González, asegura que no hay nuevas pistas ni líneas de investigación, y que las autoridades mexicanas no han buscado en campo a su hija. La desaparición ocurrió el 21 de junio de 2010 en Piedras Negras, y desde entonces, Yolanda ha buscado pruebas y hablado con gente, pero sin resultados. La investigación ha sido vigilada por una organización estadounidense, pero no se han encontrado nuevas pistas. La madre de Brenda está decidida a seguir buscando a su hija, incluso si significa ir a buscarla a las Islas Marías.""}, ""error"": """"}, {""victim_id"": ""Coahuila_Brenda Melina Z V"", ""model"": ""hugging-quants/Meta-Llama-3.1-8B-Instruct-AWQ-INT4"", ""turn_index"": 4, ""task_name"": ""conversation_summary"", ""doc_id"": ""Coahuila_Brenda Melina Z V_5"", ""values"": {""info_found"": ""TRUE"", ""relevant_context"": [""desenlace"", ""vic_grupo_social"", ""captura_tipo"", ""desenlace_tipo""], ""summary_by_item"": {""desenlace"": [{""span"": ""no hay nuevas pistas ni líneas de investigación que las que ella misma ha aportado a la Subprocuraduría de Personas Desaparecidas y No Localizadas"", ""doc_id"": ""Coahuila_Brenda Melina Z V_5"", ""offset"": -1}, {""span"": ""no han buscado en campo a su hija"", ""doc_id"": ""Coahuila_Brenda Melina Z V_5"", ""offset"": -1}], ""vic_grupo_social"": [{""span"": ""Brenda Melina Zúñiga cuando desapareció tenía 21 años y era elemento de la Policía Municipal de Piedras Negras"", ""doc_id"": ""Coahuila_Brenda Melina Z V_5"", ""offset"": -1}], ""captura_tipo"": [{""span"": ""el ejido Piedras Negras, el cual estaba muy cerca de su domicilio"", ""doc_id"": ""Coahuila_Brenda Melina Z V_5"", ""offset"": -1}], ""desenlace_tipo"": [{""span"": ""no hay nuevas pistas ni líneas de investigación que las que ella misma ha aportado a la Subprocuraduría de Personas Desaparecidas y No Localizadas"", ""doc_id"": ""Coahuila_Brenda Melina Z V_5"", ""offset"": -1}, {""span"": ""no han buscado en campo a su hija"", ""doc_id"": ""Coahuila_Brenda Melina Z V_5"", ""offset"": -1}]}, ""summary"": ""La investigación sobre la desaparición de Brenda Melina Zúñiga Vargas, una ex policía de 21 años, no ha avanzado en seis años. Su madre, Yolanda Vargas González, asegura que no hay nuevas pistas ni líneas de investigación, y que las autoridades mexicanas no han buscado en campo a su hija. La desaparición ocurrió el 21 de junio de 2010 en Piedras Negras, y desde entonces, Yolanda ha buscado pruebas y hablado con gente, pero sin resultados. La investigación ha sido vigilada por una organización estadounidense, pero no se han encontrado nuevas pistas. La madre de Brenda está decidida a seguir buscando a su hija, incluso si significa ir a buscarla a las Islas Marías.""}, ""error"": """"}]"
Coahuila_Edson Josafaht R R,hugging-quants/Meta-Llama-3.1-8B-Instruct-AWQ-INT4,10,"[{""victim_id"": ""Coahuila_Edson Josafaht R R"", ""model"": ""hugging-quants/Meta-Llama-3.1-8B-Instruct-AWQ-INT4"", ""turn_index"": 0, ""task_name"": ""conversation_summary"", ""doc_id"": ""Coahuila_Edson Josafaht R R_1"", ""values"": {""info_found"": ""TRUE"", ""relevant_context"": [""desenlace"", ""vic_grupo_social"", ""captura_tipo"", ""desenlace_tipo""], ""summary_by_item"": {""desenlace"": [{""span"": ""A un mes de la desaparición, la Subsecretaria de Investigación y Bùsqueda de Personas Desaparecidas de Coahuila desactivó la alerta de bùsqueda debido a un protocolo, pero anunció que continuñÃ¡ con la bùsqueda entre las autoridades de de Coahuila y Nuevo León."", ""doc_id"": ""Coahuila_Edson Josafaht R R_1"", ""offset"": -1}], ""vic_grupo_social"": [{""span"": ""la familia del pequeño Johan Gael Cardona acudieron a la comunidad de Galaena, Nuevo León; se pusieron a redactar piñones y de repente se percataron de que ya no se encontraba el nión con ellos,"", ""doc_id"": ""Coahuila_Edson Josafaht R R_1"", ""offset"": -1}], ""captura_tipo"": [{""span"": ""los tráilers cargados con acero"", ""doc_id"": ""Coahuila_Edson Josafaht R R_1"", ""offset"": -1}], ""desenlace_tipo"": [{""span"": ""los vehículos trasladaba un estimado de 700 mil pesos en rollos de acero"", ""doc_id"": ""Coahuila_Edson Josafaht R R_1"", ""offset"": -1}]}, ""summary"": ""Dos menores desaparecieron en Coahuila en un mes. La Subsecretaria de Investigación y Bùsqueda de Personas Desaparecidas de Coahuila desactivó la alerta de bùsqueda debido a un protocolo, pero anunció que continuñÃ¡ con la bùsqueda entre las autoridades de de Coahuila y Nuevo León. La familia del pequeño Johan Gael Cardona acudieron a la comunidad de Galaena, Nuevo León, pero no se encontraba el nión con ellos. Los tráilers cargados con acero fueron recuperados y los vehículos trasladaba un estimado de 700 mil pesos en rollos de acero.""}, ""error"": """"}, {""victim_id"": ""Coahuila_Edson Josafaht R R"", ""model"": ""hugging-quants/Meta-Llama-3.1-8B-Instruct-AWQ-INT4"", ""turn_index"": 1, ""task_name"": ""conversation_summary"", ""doc_id"": ""Coahuila_Edson Josafaht R R_10"", ""values"": {""info_found"": ""TRUE"", ""relevant_context"": [""desenlace"", ""vic_grupo_social"", ""captura_tipo"", ""desenlace_tipo""], ""summary_by_item"": {""desenlace"": [{""span"": ""A un mes de la desaparición, la Subsecretaria de Investigación y Bùsqueda de Personas Desaparecidas de Coahuila desactivó la alerta de bùsqueda debido a un protocolo, pero anunció que continuñÃ¡ con la bùsqueda entre las autoridades de de Coahuila y Nuevo León."", ""doc_id"": ""Coahuila_Edson Josafaht R R_10"", ""offset"": -1}, {""span"": ""La familia del pequeño Johan Gael Cardona acudieron a la comunidad de Galaena, Nuevo León, pero no se encontraba el nión con ellos."", ""doc_id"": ""Coahuila_Edson Josafaht R R_10"", ""offset"": -1}], ""vic_grupo_social"": [{""span"": ""la familia del pequeño Johan Gael Cardona acudieron a la comunidad de Galaena, Nuevo León; se pusieron a redactar piñones y de repente se percataron de que ya no se encontraba el nión con ellos,"", ""doc_id"": ""Coahuila_Edson Josafaht R R_10"", ""offset"": -1}], ""captura_tipo"": [{""span"": ""los tráilers cargados con acero"", ""doc_id"": ""Coahuila_Edson Josafaht R R_10"", ""offset"": -1}], ""desenlace_tipo"": [{""span"": ""los vehículos trasladaba un estimado de 700 mil pesos en rollos de acero"", ""doc_id"": ""Coahuila_Edson Josafaht R R_10"", ""offset"": -1}]}, ""summary"": ""Dos menores desaparecieron en Coahuila en un mes. La Subsecretaria de Investigación y Bùsqueda de Personas Desaparecidas de Coahuila desactivó la alerta de bùsqueda debido a un protocolo, pero anunció que continuñÃ¡ con la bùsqueda entre las autoridades de de Coahuila y Nuevo León. La familia del pequeño Johan Gael Cardona acudieron a la comunidad de Galaena, Nuevo León, pero no se encontraba el nión con ellos. Los tráilers cargados con acero fueron recuperados y los vehículos trasladaba un estimado de 700 mil pesos en rollos de acero.""}, ""error"": """"}, {""victim_id"": ""Coahuila_Edson Josafaht R R"", ""model"": ""hugging-quants/Meta-Llama-3.1-8B-Instruct-AWQ-INT4"", ""turn_index"": 2, ""task_name"": ""conversation_summary"", ""doc_id"": ""Coahuila_Edson Josafaht R R_2"", ""values"": {""info_found"": ""FALSE"", ""relevant_context"": [], ""summary_by_item"": {}, ""summary"": """"}, ""error"": """"}, {""victim_id"": ""Coahuila_Edson Josafaht R R"", ""model"": ""hugging-quants/Meta-Llama-3.1-8B-Instruct-AWQ-INT4"", ""turn_index"": 3, ""task_name"": ""conversation_summary"", ""doc_id"": ""Coahuila_Edson Josafaht R R_3"", ""values"": {""info_found"": ""TRUE"", ""relevant_context"": [""desenlace"", ""vic_grupo_social"", ""captura_tipo"", ""desenlace_tipo""], ""summary_by_item"": {""desenlace"": [{""span"": ""Se considera que la integridad del niño puede estar en riesgo toda vez que puede ser víctima de la comisión de un delito."", ""doc_id"": ""Coahuila_Edson Josafaht R R_3"", ""offset"": 1773}], ""vic_grupo_social"": [{""span"": ""Edson Josafath sé encontraba jugando a fuera de su domicilio ubicado en General Cepeda, Coahuila y de las investigaciones se desprende la posibilidad de que el niño haya sido sustraído por personas desconocidas."", ""doc_id"": ""Coahuila_Edson Josafaht R R_3"", ""offset"": -1}], ""captura_tipo"": [{""span"": ""Lugar de los hechos: General Cepeda, Coahuila."", ""doc_id"": ""Coahuila_Edson Josafaht R R_3"", ""offset"": 817}], ""desenlace_tipo"": [{""span"": ""Se considera que la integridad del niño puede estar en riesgo toda vez que puede ser víctima de la comisión de un delito."", ""doc_id"": ""Coahuila_Edson Josafaht R R_3"", ""offset"": 1773}]}, ""summary"": ""Se activa Alerta AMBER por pequeño de 2 años. Edson Josafath sé encontraba jugando a fuera de su domicilio ubicado en General Cepeda, Coahuila y de las investigaciones se desprende la posibilidad de que el niño haya sido sustraído por personas desconocidas. Se considera que la integridad del niño puede estar en riesgo toda vez que puede ser víctima de la comisión de un delito. Lugar de los hechos: General Cepeda, Coahuila. Se solicita la colaboració para activar una alerta en las 31 entidades Federativas y el Distrito Federal.""}, ""error"": """"}, {""victim_id"": ""Coahuila_Edson Josafaht R R"", ""model"": ""hugging-quants/Meta-Llama-3.1-8B-Instruct-AWQ-INT4"", ""turn_index"": 4, ""task_name"": ""conversation_summary"", ""doc_id"": ""Coahuila_Edson Josafaht R R_4"", ""values"": {""info_found"": ""TRUE"", ""relevant_context"": [""desenlace"", ""vic_grupo_social"", ""captura_tipo"", ""desenlace_tipo""], ""summary_by_item"": {""desenlace"": [{""span"": ""Se considera que la integridad del niño puede estar en riesgo toda vez que puede ser víctima de la comisión de un delito."", ""doc_id"": ""Coahuila_Edson Josafaht R R_4"", ""offset"": -1}, {""span"": ""Se activa Alerta AMBER por pequeño de 2 años. Edson Josafath sé encontraba jugando a fuera de su domicilio ubicado en General Cepeda, Coahuila y de las investigaciones se desprende la posibilidad de que el niño haya sido sustraído por personas desconocidas. Se considera que la integridad del niño puede estar en riesgo toda vez que puede ser víctima de la comisión de un delito. Lugar de los hechos: General Cepeda, Coahuila. Se solicita la colaboració para activar una alerta en las 31 entidades Federativas y el Distrito Federal."", ""doc_id"": ""Coahuila_Edson Josafaht R R_4"", ""offset"": -1}], ""vic_grupo_social"": [{""span"": ""Edson Josafath sé encontraba jugando a fuera de su domicilio ubicado en General Cepeda, Coahuila y de las investigaciones se desprende la posibilidad de que el niño haya sido sustraído por personas desconocidas."", ""doc_id"": ""Coahuila_Edson Josafaht R R_4"", ""offset"": -1}, {""span"": ""Se activa Alerta AMBER por pequeño de 2 años. Edson Josafath sé encontraba jugando a fuera de su domicilio ubicado en General Cepeda, Coahuila y de las investigaciones se desprende la posibilidad de que el niño haya sido sustraído por personas desconocidas. Se considera que la integridad del niño puede estar en riesgo toda vez que puede ser víctima de la comisión de un delito. Lugar de los hechos: General Cepeda, Coahuila. Se solicita la colaboració para activar una alerta en las 31 entidades Federativas y el Distrito Federal."", ""doc_id"": ""Coahuila_Edson Josafaht R R_4"", ""offset"": -1}], ""captura_tipo"": [{""span"": ""Lugar de los hechos: General Cepeda, Coahuila."", ""doc_id"": ""Coahuila_Edson Josafaht R R_4"", ""offset"": -1}, {""span"": ""Se activa Alerta AMBER por pequeño de 2 años. Edson Josafath sé encontraba jugando a fuera de su domicilio ubicado en General Cepeda, Coahuila y de las investigaciones se desprende la posibilidad de que el niño haya sido sustraído por personas desconocidas. Se considera que la integridad del niño puede estar en riesgo toda vez que puede ser víctima de la comisión de un delito. Lugar de los hechos: General Cepeda, Coahuila. Se solicita la colaboració para activar una alerta en las 31 entidades Federativas y el Distrito Federal."", ""doc_id"": ""Coahuila_Edson Josafaht R R_4"", ""offset"": -1}], ""desenlace_tipo"": [{""span"": ""Se considera que la integridad del niño puede estar en riesgo toda vez que puede ser víctima de la comisión de un delito."", ""doc_id"": ""Coahuila_Edson Josafaht R R_4"", ""offset"": -1}, {""span"": ""Se activa Alerta AMBER por pequeño de 2 años. Edson Josafath sé encontraba jugando a fuera de su domicilio ubicado en General Cepeda, Coahuila y de las investigaciones se desprende la posibilidad de que el niño haya sido sustraído por personas desconocidas. Se considera que la integridad del niño puede estar en riesgo toda vez que puede ser víctima de la comisión de un delito. Lugar de los hechos: General Cepeda, Coahuila. Se solicita la colaboració para activar una alerta en las 31 entidades Federativas y el Distrito Federal."", ""doc_id"": ""Coahuila_Edson Josafaht R R_4"", ""offset"": -1}], ""summary"": [{""span"": ""Se activa Alerta AMBER por pequeño de 2 años. Edson Josafath sé encontraba jugando a fuera de su domicilio ubicado en General Cepeda, Coahuila y de las investigaciones se desprende la posibilidad de que el niño haya sido sustraído por personas desconocidas. Se considera que la integridad del niño puede estar en riesgo toda vez que puede ser víctima de la comisión de un delito. Lugar de los hechos: General Cepeda, Coahuila. Se solicita la colaboració para activar una alerta en las 31 entidades Federativas y el Distrito Federal."", ""doc_id"": ""Coahuila_Edson Josafaht R R_4"", ""offset"": -1}, {""span"": ""Se activa Alerta AMBER por pequeño de 2 años. Edson Josafath sé encontraba jugando a fuera de su domicilio ubicado en General Cepeda, Coahuila"", ""doc_id"": ""Coahuila_Edson Josafaht R R_4"", ""offset"": -1}]}, ""summary"": null}, ""error"": """"}, {""victim_id"": ""Coahuila_Edson Josafaht R R"", ""model"": ""hugging-quants/Meta-Llama-3.1-8B-Instruct-AWQ-INT4"", ""turn_index"": 5, ""task_name"": ""conversation_summary"", ""doc_id"": ""Coahuila_Edson Josafaht R R_5"", ""values"": {""info_found"": ""FALSE"", ""relevant_context"": [], ""summary_by_item"": {}, ""summary"": ""No se encontró la página solicitada. Puede haber sido eliminada, renombrada o no existir en primer lugar.""}, ""error"": """"}, {""victim_id"": ""Coahuila_Edson Josafaht R R"", ""model"": ""hugging-quants/Meta-Llama-3.1-8B-Instruct-AWQ-INT4"", ""turn_index"": 6, ""task_name"": ""conversation_summary"", ""doc_id"": ""Coahuila_Edson Josafaht R R_6"", ""values"": {""info_found"": ""TRUE"", ""relevant_context"": [""vic_grupo_social"", ""captura_tipo"", ""desenlace_tipo""], ""summary_by_item"": {""vic_grupo_social"": [{""span"": ""dos bebés desaparecidos en un mes en Coahuila"", ""doc_id"": ""Coahuila_Edson Josafaht R R_6"", ""offset"": 14}, {""span"": ""dos niños extraviados en comunidades ejidales"", ""doc_id"": ""Coahuila_Edson Josafaht R R_6"", ""offset"": 663}], ""captura_tipo"": [{""span"": ""comunidades ejidales"", ""doc_id"": ""Coahuila_Edson Josafaht R R_6"", ""offset"": 688}, {""span"": ""ejido de La Noria"", ""doc_id"": ""Coahuila_Edson Josafaht R R_6"", ""offset"": 1807}], ""desenlace_tipo"": [{""span"": ""municipio de General Cepeda"", ""doc_id"": ""Coahuila_Edson Josafaht R R_6"", ""offset"": 741}, {""span"": ""Coahuila"", ""doc_id"": ""Coahuila_Edson Josafaht R R_6"", ""offset"": 51}]}, ""summary"": ""Dos bebés desaparecidos en un mes en Coahuila. Dos niños extraviados en comunidades ejidales. La búsqueda se intensificó en el municipio de General Cepeda, Coahuila. El pequeño Johan Gael Cardona de la Cruz desapareció el 4 de octubre en una comunidad ejidal en Galeana, Nuevo León. Edson Josafath Reyes Robles desapareció el 2 de noviembre en el ejido de La Noria, en el municipio de General Cepeda, Coahuila. La Subprocuraduría de Investigación y Búsqueda de Personas Desaparecidas de Coahuila desactivó la alerta debido a un protocolo, pero continuará la coordinación entre las autoridades de Coahuila y Nuevo León, y se tendrá contacto con la familia.""}, ""error"": """"}, {""victim_id"": ""Coahuila_Edson Josafaht R R"", ""model"": ""hugging-quants/Meta-Llama-3.1-8B-Instruct-AWQ-INT4"", ""turn_index"": 7, ""task_name"": ""conversation_summary"", ""doc_id"": ""Coahuila_Edson Josafaht R R_7"", ""values"": {""info_found"": ""TRUE"", ""relevant_context"": [""vic_grupo_social"", ""captura_tipo"", ""desenlace_tipo""], ""summary_by_item"": {""vic_grupo_social"": [{""span"": ""dos bebés desaparecidos en un mes en Coahuila"", ""doc_id"": ""Coahuila_Edson Josafaht R R_7"", ""offset"": -1}, {""span"": ""dos niños extraviados en comunidades ejidales"", ""doc_id"": ""Coahuila_Edson Josafaht R R_7"", ""offset"": -1}], ""captura_tipo"": [{""span"": ""comunidades ejidales"", ""doc_id"": ""Coahuila_Edson Josafaht R R_7"", ""offset"": -1}, {""span"": ""ejido de La Noria"", ""doc_id"": ""Coahuila_Edson Josafaht R R_7"", ""offset"": -1}], ""desenlace_tipo"": [{""span"": ""municipio de General Cepeda"", ""doc_id"": ""Coahuila_Edson Josafaht R R_7"", ""offset"": 242}, {""span"": ""Coahuila"", ""doc_id"": ""Coahuila_Edson Josafaht R R_7"", ""offset"": 34}]}, ""summary"": ""Dos bebés desaparecidos en un mes en Coahuila. Dos niños extraviados en comunidades ejidales. La búsqueda se intensificó en el municipio de General Cepeda, Coahuila. El pequeño Johan Gael Cardona de la Cruz desapareció el 4 de octubre en una comunidad ejidal en Galeana, Nuevo León. Edson Josafath Reyes Robles desapareció el 2 de noviembre en el ejido de La Noria, en el municipio de General Cepeda, Coahuila. La Subprocuraduría de Investigación y Búsqueda de Personas Desaparecidas de Coahuila desactivó la alerta debido a un protocolo, pero continuará la coordinación entre las autoridades de Coahuila y Nuevo León, y se tendrá contacto con la familia.""}, ""error"": """"}, {""victim_id"": ""Coahuila_Edson Josafaht R R"", ""model"": ""hugging-quants/Meta-Llama-3.1-8B-Instruct-AWQ-INT4"", ""turn_index"": 8, ""task_name"": ""conversation_summary"", ""doc_id"": ""Coahuila_Edson Josafaht R R_8"", ""values"": {""info_found"": ""TRUE"", ""relevant_context"": [""vic_grupo_social"", ""captura_tipo"", ""desenlace_tipo""], ""summary_by_item"": {""vic_grupo_social"": [{""span"": ""dos bebés desaparecidos en un mes en Coahuila"", ""doc_id"": ""Coahuila_Edson Josafaht R R_8"", ""offset"": -1}, {""span"": ""dos niños extraviados en comunidades ejidales"", ""doc_id"": ""Coahuila_Edson Josafaht R R_8"", ""offset"": -1}], ""captura_tipo"": [{""span"": ""comunidades ejidales"", ""doc_id"": ""Coahuila_Edson Josafaht R R_8"", ""offset"": -1}, {""span"": ""ejido de La Noria"", ""doc_id"": ""Coahuila_Edson Josafaht R R_8"", ""offset"": -1}], ""desenlace_tipo"": [{""span"": ""municipio de General Cepeda"", ""doc_id"": ""Coahuila_Edson Josafaht R R_8"", ""offset"": -1}, {""span"": ""Coahuila"", ""doc_id"": ""Coahuila_Edson Josafaht R R_8"", ""offset"": -1}]}, ""summary"": ""Dos bebés desaparecidos en un mes en Coahuila. Dos niños extraviados en comunidades ejidales. La búsqueda se intensificó en el municipio de General Cepeda, Coahuila. El pequeño Johan Gael Cardona de la Cruz desapareció el 4 de octubre en una comunidad ejidal en Galeana, Nuevo León. Edson Josafath Reyes Robles desapareció el 2 de noviembre en el ejido de La Noria, en el municipio de General Cepeda, Coahuila. La Subprocuraduría de Investigación y Búsqueda de Personas Desaparecidas de Coahuila desactivó la alerta debido a un protocolo, pero continuará la coordinación entre las autoridades de Coahuila y Nuevo León, y se tendrá contacto con la familia.""}, ""error"": """"}, {""victim_id"": ""Coahuila_Edson Josafaht R R"", ""model"": ""hugging-quants/Meta-Llama-3.1-8B-Instruct-AWQ-INT4"", ""turn_index"": 9, ""task_name"": ""conversation_summary"", ""doc_id"": ""Coahuila_Edson Josafaht R R_9"", ""values"": {""info_found"": ""TRUE"", ""relevant_context"": [""vic_grupo_social"", ""captura_tipo"", ""desenlace_tipo""], ""summary_by_item"": {""vic_grupo_social"": [{""span"": ""dos bebés desaparecidos en un mes en Coahuila"", ""doc_id"": ""Coahuila_Edson Josafaht R R_9"", ""offset"": -1}, {""span"": ""dos niños extraviados en comunidades ejidales"", ""doc_id"": ""Coahuila_Edson Josafaht R R_9"", ""offset"": -1}], ""captura_tipo"": [{""span"": ""comunidades ejidales"", ""doc_id"": ""Coahuila_Edson Josafaht R R_9"", ""offset"": -1}, {""span"": ""ejido de La Noria"", ""doc_id"": ""Coahuila_Edson Josafaht R R_9"", ""offset"": -1}], ""desenlace_tipo"": [{""span"": ""municipio de General Cepeda"", ""doc_id"": ""Coahuila_Edson Josafaht R R_9"", ""offset"": -1}, {""span"": ""Coahuila"", ""doc_id"": ""Coahuila_Edson Josafaht R R_9"", ""offset"": 478}]}, ""summary"": ""Dos bebés desaparecidos en un mes en Coahuila. Dos niños extraviados en comunidades ejidales. La búsqueda se intensificó en el municipio de General Cepeda, Coahuila. El pequeño Johan Gael Cardona de la Cruz desapareció el 4 de octubre en una comunidad ejidal en Galeana, Nuevo León. Edson Josafath Reyes Robles desapareció el 2 de noviembre en el ejido de La Noria, en el municipio de General Cepeda, Coahuila. La Subprocuraduría de Investigación y Búsqueda de Personas Desaparecidas de Coahuila desactivó la alerta debido a un protocolo, pero continuará la coordinación entre las autoridades de Coahuila y Nuevo León, y se tendrá contacto con la familia.""}, ""error"": """"}]"
Coahuila_Bernando A,hugging-quants/Meta-Llama-3.1-8B-Instruct-AWQ-INT4,9,"[{""victim_id"": ""Coahuila_Bernando A"", ""model"": ""hugging-quants/Meta-Llama-3.1-8B-Instruct-AWQ-INT4"", ""turn_index"": 0, ""task_name"": ""conversation_summary"", ""doc_id"": ""Coahuila_Bernando A_1"", ""values"": {""info_found"": ""FALSE"", ""relevant_context"": [], ""summary_by_item"": {}, ""summary"": ""No se encontró la página.""}, ""error"": """"}, {""victim_id"": ""Coahuila_Bernando A"", ""model"": ""hugging-quants/Meta-Llama-3.1-8B-Instruct-AWQ-INT4"", ""turn_index"": 1, ""task_name"": ""conversation_summary"", ""doc_id"": ""Coahuila_Bernando A_10"", ""values"": {""info_found"": ""TRUE"", ""relevant_context"": [""vic_grupo_social"", ""captura_tipo"", ""desenlace_tipo""], ""summary_by_item"": {""vic_grupo_social"": [{""span"": ""Bernardo \""Berni\"" Ainslie, de 25 años de edad y originario de Piedras Negras, Coahuila"", ""doc_id"": ""Coahuila_Bernando A_10"", ""offset"": -1}], ""captura_tipo"": [{""span"": ""Monterrey Nuevo León"", ""doc_id"": ""Coahuila_Bernando A_10"", ""offset"": 863}], ""desenlace_tipo"": [{""span"": ""Villahermosa Tabasco"", ""doc_id"": ""Coahuila_Bernando A_10"", ""offset"": 938}]}, ""summary"": ""El piloto Bernardo \""Berni\"" Ainslie desapareció en Monterrey Nuevo León el 27 de mayo de 2018. Su familia y amigos lo buscaron y se comunicaron con él, pero no volvieron a saber nada de él después de que tomó un vuelo en Viva Aerobús con destino a Villahermosa Tabasco.""}, ""error"": """"}, {""victim_id"": ""Coahuila_Bernando A"", ""model"": ""hugging-quants/Meta-Llama-3.1-8B-Instruct-AWQ-INT4"", ""turn_index"": 2, ""task_name"": ""conversation_summary"", ""doc_id"": ""Coahuila_Bernando A_2"", ""values"": {""info_found"": ""TRUE"", ""relevant_context"": [""vic_grupo_social"", ""captura_tipo"", ""desenlace_tipo""], ""summary_by_item"": {""vic_grupo_social"": [{""span"": ""El piloto Bernardo \""}"", ""doc_id"": ""Coahuila_Bernando A_2"", ""offset"": -1}, {""span"": ""El fiscal especial para la búsqueda de personas no localizadas, José Ángel Herrera, señaló que la dependencia ya tiene datos precisos sobre el caso de Bernardo \""}"", ""doc_id"": ""Coahuila_Bernando A_2"", ""offset"": -1}, {""span"": ""El auto de Ainslie está perfectamente estacionado en el exterior del Aeropuerto Internacional Mariano Escobedo en Monterrey."", ""doc_id"": ""Coahuila_Bernando A_2"", ""offset"": -1}, {""span"": ""Ya tenemos también datos de su teléfono y vemos que no hay nada extraordinario, además de que su cuenta de Facebook se activa por instantes y luego se desconecta, por lo que no se descarta que se pueda ubicar en una zona de difícil señal."", ""doc_id"": ""Coahuila_Bernando A_2"", ""offset"": -1}], ""summary"": [{""span"": ""El piloto Bernardo \""}"", ""doc_id"": ""Coahuila_Bernando A_2"", ""offset"": -1}, {""span"": ""El fiscal especial para la búsqueda de personas no localizadas, José Ángel Herrera, señaló que la dependencia ya tiene datos precisos sobre el caso de Bernardo \""}"", ""doc_id"": ""Coahuila_Bernando A_2"", ""offset"": -1}, {""span"": ""El auto de Ainslie está perfectamente estacionado en el exterior del Aeropuerto Internacional Mariano Escobedo en Monterrey."", ""doc_id"": ""Coahuila_Bernando A_2"", ""offset"": -1}, {""span"": ""Ya tenemos también datos de su teléfono y vemos que no hay nada extraordinario, además de que su cuenta de Facebook se activa por instantes y luego se desconecta, por lo que no se descarta que se pueda ubicar en una zona de difícil señal."", ""doc_id"": ""Coahuila_Bernando A_2"", ""offset"": -1}], ""output_format"": [{""span"": ""El piloto Bernardo \""}"", ""doc_id"": ""Coahuila_Bernando A_2"", ""offset"": -1}, {""span"": ""El fiscal especial para la búsqueda de personas no localizadas, José Ángel Herrera, señaló que la dependencia ya tiene datos precisos sobre el caso de Bernardo \""}"", ""doc_id"": ""Coahuila_Bernando A_2"", ""offset"": -1}, {""span"": ""El auto de Ainslie está perfectamente estacionado en el exterior del Aeropuerto Internacional Mariano Escobedo en Monterrey."", ""doc_id"": ""Coahuila_Bernando A_2"", ""offset"": -1}, {""span"": ""Ya tenemos también datos de su teléfono y vemos que no hay nada extraordinario, además de que su cuenta de Facebook se activa por instantes y luego se desconecta, por lo que no se descarta que se pueda ubicar en una zona de difícil señal."", ""doc_id"": ""Coahuila_Bernando A_2"", ""offset"": -1}]}, ""summary"": null}, ""error"": """"}, {""victim_id"": ""Coahuila_Bernando A"", ""model"": ""hugging-quants/Meta-Llama-3.1-8B-Instruct-AWQ-INT4"", ""turn_index"": 3, ""task_name"": ""conversation_summary"", ""doc_id"": ""Coahuila_Bernando A_3"", ""values"": {""info_found"": ""FALSE"", ""relevant_context"": [], ""summary_by_item"": {}, ""summary"": ""La página solicitada no se encontró. Es posible que haya sido eliminada, renombrada o no exista desde el principio.""}, ""error"": """"}, {""victim_id"": ""Coahuila_Bernando A"", ""model"": ""hugging-quants/Meta-Llama-3.1-8B-Instruct-AWQ-INT4"", ""turn_index"": 4, ""task_name"": ""conversation_summary"", ""doc_id"": ""Coahuila_Bernando A_4"", ""values"": {""info_found"": ""TRUE"", ""relevant_context"": [""desenlace"", ""vic_grupo_social"", ""captura_tipo"", ""desenlace_tipo""], ""summary_by_item"": {""desenlace"": [{""span"": ""El último contacto que tuvieron los familiares con Berni, fue después de haber llegado a Monterrey, Nuevo León, donde tomaría un vuelo a Villa Hermosa, Tabasco."", ""doc_id"": ""Coahuila_Bernando A_4"", ""offset"": 973}], ""vic_grupo_social"": [{""span"": ""El conocido empresario Bernardo Ainslie de 25 años, es un empresario de Piedras Negras."", ""doc_id"": ""Coahuila_Bernando A_4"", ""offset"": -1}], ""captura_tipo"": [{""span"": ""La camioneta en que viajaba, fue localizada en el aeropuerto de Monterrey, Nuevo León."", ""doc_id"": ""Coahuila_Bernando A_4"", ""offset"": -1}], ""desenlace_tipo"": [{""span"": ""Se está solicitando la colaboración a través de la Fiscalía del Estado de Tabasco, para saber si el joven Berni llegó a su destino y si pudo haber abordado un taxi que los lleve a su localización."", ""doc_id"": ""Coahuila_Bernando A_4"", ""offset"": -1}]}, ""summary"": ""Investigan desaparición de Bernardo Ainslie, conocido empresario de Piedras Negras. El último contacto que tuvieron los familiares con Berni, fue después de haber llegado a Monterrey, Nuevo León, donde tomaría un vuelo a Villa Hermosa, Tabasco. La camioneta en que viajaba, fue localizada en el aeropuerto de Monterrey, Nuevo León. Se está solicitando la colaboración a través de la Fiscalía del Estado de Tabasco, para saber si el joven Berni llegó a su destino y si pudo haber abordado un taxi que los lleve a su localización.""}, ""error"": """"}, {""victim_id"": ""Coahuila_Bernando A"", ""model"": ""hugging-quants/Meta-Llama-3.1-8B-Instruct-AWQ-INT4"", ""turn_index"": 5, ""task_name"": ""conversation_summary"", ""doc_id"": ""Coahuila_Bernando A_6"", ""values"": {""info_found"": ""TRUE"", ""relevant_context"": [""desenlace"", ""vic_grupo_social"", ""captura_tipo"", ""desenlace_tipo""], ""summary_by_item"": {""desenlace"": [{""span"": ""Se confirmó por parte de la aerolínea que Bernie Ainslie llegó a su destino en Tabasco."", ""doc_id"": ""Coahuila_Bernando A_6"", ""offset"": -1}, {""span"": ""Se está solicitando la colaboración a través de la Fiscalía del Estado de Tabasco, para saber si el joven Berni llegó a su destino y si pudo haber abordado un taxi que los lleve a su localización."", ""doc_id"": ""Coahuila_Bernando A_6"", ""offset"": -1}], ""vic_grupo_social"": [{""span"": ""El conocido empresario Bernardo Ainslie de 25 años, es un empresario de Piedras Negras."", ""doc_id"": ""Coahuila_Bernando A_6"", ""offset"": -1}, {""span"": ""El joven empresario, es piloto e hijo del empresario Willy Ainslie quien falleció en un accidente aéreo junto al entonces alcalde de Piedras Negras, José Manuel Maldonado en 2011."", ""doc_id"": ""Coahuila_Bernando A_6"", ""offset"": 2196}], ""captura_tipo"": [{""span"": ""La camioneta en que viajaba, fue localizada en el aeropuerto de Monterrey, Nuevo León."", ""doc_id"": ""Coahuila_Bernando A_6"", ""offset"": -1}, {""span"": ""Tomó un vuelo de VivaAerobus con destino a Villahermosa, Tabasco."", ""doc_id"": ""Coahuila_Bernando A_6"", ""offset"": -1}], ""desenlace_tipo"": [{""span"": ""Se está solicitando la colaboración a través de la Fiscalía del Estado de Tabasco, para saber si el joven Berni llegó a su destino y si pudo haber abordado un taxi que los lleve a su localización."", ""doc_id"": ""Coahuila_Bernando A_6"", ""offset"": -1}, {""span"": ""Se está solicitando la colaboración a través de la Fiscalía del Estado de Tabasco, para saber si el joven Berni llegó a su destino y si pudo haber abordado un taxi que los lleve a su localización."", ""doc_id"": ""Coahuila_Bernando A_6"", ""offset"": -1}]}, ""summary"": ""El joven empresario Bernardo Ainslie de 25 años desapareció el 27 de mayo del 2018 después de llegar a Monterrey, Nuevo León, donde tomó un vuelo a Villahermosa, Tabasco. Se está solicitando la colaboración a través de la Fiscalía del Estado de Tabasco para saber si el joven Berni llegó a su destino y si pudo haber abordado un taxi que los lleve a su localización. El conocido empresario Bernardo Ainslie es un empresario de Piedras Negras y piloto, y es hijo del empresario Willy Ainslie quien falleció en un accidente aéreo junto al entonces alcalde de Piedras Negras, José Manuel Maldonado en 2011.""}, ""error"": """"}, {""victim_id"": ""Coahuila_Bernando A"", ""model"": ""hugging-quants/Meta-Llama-3.1-8B-Instruct-AWQ-INT4"", ""turn_index"": 6, ""task_name"": ""conversation_summary"", ""doc_id"": ""Coahuila_Bernando A_7"", ""values"": {""info_found"": ""TRUE"", ""relevant_context"": [""vic_grupo_social"", ""captura_tipo"", ""desenlace_tipo""], ""summary_by_item"": {""vic_grupo_social"": [{""span"": ""El conocido empresario Bernardo Ainslie de 25 años, es un empresario de Piedras Negras."", ""doc_id"": ""Coahuila_Bernando A_7"", ""offset"": -1}, {""span"": ""El joven empresario, es piloto e hijo del empresario Willy Ainslie quien falleció en un accidente aéreo junto al entonces alcalde de Piedras Negras, José Manuel Maldonado en 2011."", ""doc_id"": ""Coahuila_Bernando A_7"", ""offset"": -1}], ""captura_tipo"": [{""span"": ""La camioneta en que viajaba, fue localizada en el aeropuerto de Monterrey, Nuevo León."", ""doc_id"": ""Coahuila_Bernando A_7"", ""offset"": -1}, {""span"": ""Tomó un vuelo de VivaAerobus con destino a Villahermosa, Tabasco."", ""doc_id"": ""Coahuila_Bernando A_7"", ""offset"": -1}], ""desenlace_tipo"": [{""span"": ""Se está solicitando la colaboración a través de la Fiscalía del Estado de Tabasco, para saber si el joven Berni llegó a su destino y si pudo haber abordado un taxi que los lleve a su localización."", ""doc_id"": ""Coahuila_Bernando A_7"", ""offset"": -1}]}, ""summary"": ""El joven empresario Bernardo Ainslie de 25 años desapareció el 27 de mayo del 2018 después de llegar a Monterrey, Nuevo León, donde tomó un vuelo a Villahermosa, Tabasco. Se está solicitando la colaboración a través de la Fiscalía del Estado de Tabasco para saber si el joven Berni llegó a su destino y si pudo haber abordado un taxi que los lleve a su localización. El conocido empresario Bernardo Ainslie es un empresario de Piedras Negras y piloto, y es hijo del empresario Willy Ainslie quien falleció en un accidente aéreo junto al entonces alcalde de Piedras Negras, José Manuel Maldonado en 2011.""}, ""error"": """"}, {""victim_id"": ""Coahuila_Bernando A"", ""model"": ""hugging-quants/Meta-Llama-3.1-8B-Instruct-AWQ-INT4"", ""turn_index"": 7, ""task_name"": ""conversation_summary"", ""doc_id"": ""Coahuila_Bernando A_8"", ""values"": {""info_found"": ""TRUE"", ""relevant_context"": [""vic_grupo_social"", ""captura_tipo"", ""desenlace_tipo""], ""summary_by_item"": {""vic_grupo_social"": [{""span"": ""El conocido empresario Bernardo Ainslie de 25 años, es un empresario de Piedras Negras."", ""doc_id"": ""Coahuila_Bernando A_8"", ""offset"": -1}, {""span"": ""El joven empresario, es piloto e hijo del empresario Willy Ainslie quien falleció en un accidente aéreo junto al entonces alcalde de Piedras Negras, José Manuel Maldonado en 2011."", ""doc_id"": ""Coahuila_Bernando A_8"", ""offset"": -1}], ""captura_tipo"": [{""span"": ""Tomó un vuelo de VivaAerobus con destino a Villahermosa, Tabasco."", ""doc_id"": ""Coahuila_Bernando A_8"", ""offset"": -1}, {""span"": ""La camioneta en que viajaba, fue localizada en el aeropuerto de Monterrey, Nuevo León."", ""doc_id"": ""Coahuila_Bernando A_8"", ""offset"": -1}], ""desenlace_tipo"": [{""span"": ""Se está solicitando la colaboración a través de la Fiscalía del Estado de Tabasco, para saber si el joven Berni llegó a su destino y si pudo haber abordado un taxi que los lleve a su localización."", ""doc_id"": ""Coahuila_Bernando A_8"", ""offset"": -1}]}, ""summary"": ""El joven empresario Bernardo Ainslie desapareció el 27 de mayo del 2018 después de llegar a Monterrey, Nuevo León, donde tomó un vuelo a Villahermosa, Tabasco. Se está solicitando la colaboración a través de la Fiscalía del Estado de Tabasco para saber si el joven Berni llegó a su destino y si pudo haber abordado un taxi que los lleve a su localización. El conocido empresario Bernardo Ainslie es un empresario de Piedras Negras y piloto, y es hijo del empresario Willy Ainslie quien falleció en un accidente aéreo junto al entonces alcalde de Piedras Negras, José Manuel Maldonado en 2011.""}, ""error"": """"}, {""victim_id"": ""Coahuila_Bernando A"", ""model"": ""hugging-quants/Meta-Llama-3.1-8B-Instruct-AWQ-INT4"", ""turn_index"": 8, ""task_name"": ""conversation_summary"", ""doc_id"": ""Coahuila_Bernando A_9"", ""values"": {""info_found"": ""TRUE"", ""relevant_context"": [""vic_grupo_social"", ""captura_tipo"", ""desenlace_tipo""], ""summary_by_item"": {""vic_grupo_social"": [{""span"": ""El conocido empresario Bernardo Ainslie de 25 años, es un empresario de Piedras Negras."", ""doc_id"": ""Coahuila_Bernando A_9"", ""offset"": -1}, {""span"": ""El joven empresario, es piloto e hijo del empresario Willy Ainslie quien falleció en un accidente aéreo junto al entonces alcalde de Piedras Negras, José Manuel Maldonado en 2011."", ""doc_id"": ""Coahuila_Bernando A_9"", ""offset"": -1}], ""captura_tipo"": [{""span"": ""Tomó un vuelo de VivaAerobus con destino a Villahermosa, Tabasco."", ""doc_id"": ""Coahuila_Bernando A_9"", ""offset"": -1}, {""span"": ""La camioneta en que viajaba, fue localizada en el aeropuerto de Monterrey, Nuevo León."", ""doc_id"": ""Coahuila_Bernando A_9"", ""offset"": -1}], ""desenlace_tipo"": [{""span"": ""Se está solicitando la colaboración a través de la Fiscalía del Estado de Tabasco, para saber si el joven Berni llegó a su destino y si pudo haber abordado un taxi que los lleve a su localización."", ""doc_id"": ""Coahuila_Bernando A_9"", ""offset"": -1}]}, ""summary"": ""El joven empresario Bernardo Ainslie desapareció el 27 de mayo del 2018 después de llegar a Monterrey, Nuevo León, donde tomó un vuelo a Villahermosa, Tabasco. Se está solicitando la colaboración a través de la Fiscalía del Estado de Tabasco para saber si el joven Berni llegó a su destino y si pudo haber abordado un taxi que los lleve a su localización. El conocido empresario Bernardo Ainslie es un empresario de Piedras Negras y piloto, y es hijo del empresario Willy Ainslie quien falleció en un accidente aéreo junto al entonces alcalde de Piedras Negras, José Manuel Maldonado en 2011.""}, ""error"": """"}]"
Coahuila_Brandon Esteban A H,hugging-quants/Meta-Llama-3.1-8B-Instruct-AWQ-INT4,7,"[{""victim_id"": ""Coahuila_Brandon Esteban A H"", ""model"": ""hugging-quants/Meta-Llama-3.1-8B-Instruct-AWQ-INT4"", ""turn_index"": 0, ""task_name"": ""conversation_summary"", ""doc_id"": ""Coahuila_Brandon Esteban A H_10"", ""values"": {""info_found"": ""FALSE"", ""relevant_context"": [], ""summary_by_item"": {}, ""summary"": ""No se encontró la página solicitada. Puede haber sido eliminada, renombrada o no existir en primer lugar.""}, ""error"": """"}, {""victim_id"": ""Coahuila_Brandon Esteban A H"", ""model"": ""hugging-quants/Meta-Llama-3.1-8B-Instruct-AWQ-INT4"", ""turn_index"": 1, ""task_name"": ""conversation_summary"", ""doc_id"": ""Coahuila_Brandon Esteban A H_11"", ""values"": {""info_found"": ""TRUE"", ""relevant_context"": [""desenlace"", ""vic_grupo_social"", ""captura_tipo"", ""desenlace_tipo""], ""summary_by_item"": {""desenlace"": [{""span"": ""El 18 de marzo de 2011 una treintena de camionetas con hombres armados a bordo, arrasó con el pueblo de Allende; se contabilizan 300 muertes."", ""doc_id"": ""Coahuila_Brandon Esteban A H_11"", ""offset"": 9723}], ""vic_grupo_social"": [{""span"": ""El Mandatario federal está encerrado en Los Pinos dirigiendo una guerra que empezó, con alrededor de mil soldados custodiándolo mientras a Coahuila solo envía 300. En los últimos años nuestras corporaciones se han dedicado a ayudarle a hacer la tarea a la parte federal."", ""doc_id"": ""Coahuila_Brandon Esteban A H_11"", ""offset"": -1}], ""captura_tipo"": [{""span"": ""La Policía localizó una casa de seguridad en la colonia Rancho de Peña de donde escapó un hombre secuestrado; durante el operativo detuvieron a cuatro presuntos integrantes de los Zetas."", ""doc_id"": ""Coahuila_Brandon Esteban A H_11"", ""offset"": -1}], ""desenlace_tipo"": [{""span"": ""El 18 de marzo de 2011 al menos 30 camionetas con hombres armados cerraron las entradas y salidas del municipio de Allende."", ""doc_id"": ""Coahuila_Brandon Esteban A H_11"", ""offset"": -1}]}, ""summary"": ""El sexenio de Humberto Moreira en Coahuila estuvo marcado por la violencia y la impunidad. Se registraron más de 300 muertes en el municipio de Allende, y más de 150 personas fueron asesinadas en el penal de Piedras Negras. El ex Gobernador Humberto Moreira fue acusado de tener vínculos con el crimen organizado, y la Policía española investigó sus posibles vínculos con los Zetas. La violencia en Coahuila se disparó en 2011, con 616 ejecuciones, y el ex Gobernador Moreira fue acusado de no haber hecho nada para detener la violencia en la entidad.""}, ""error"": """"}, {""victim_id"": ""Coahuila_Brandon Esteban A H"", ""model"": ""hugging-quants/Meta-Llama-3.1-8B-Instruct-AWQ-INT4"", ""turn_index"": 2, ""task_name"": ""conversation_summary"", ""doc_id"": ""Coahuila_Brandon Esteban A H_12"", ""values"": {""info_found"": ""TRUE"", ""relevant_context"": [""desenlace"", ""vic_grupo_social"", ""captura_tipo"", ""desenlace_tipo""], ""summary_by_item"": {""desenlace"": [{""span"": ""Pero el pequeño hijo de Esteban de ocho años y otro hermano del jefe de seguridad decidieron unirse en la travesía en la cual tenía estipulado no tardar más de cuatro horas."", ""doc_id"": ""Coahuila_Brandon Esteban A H_12"", ""offset"": 1431}, {""span"": ""Sin imaginar que sus victimarios ya los esperaban en el camino, todos subieron a un Malibu 2006, color arena, pero presuntamente no pudieron pasar del kilómetro 13 de la carretera Saltillo-Monterrey."", ""doc_id"": ""Coahuila_Brandon Esteban A H_12"", ""offset"": 1605}], ""vic_grupo_social"": [{""span"": ""La esposa de Esteban acudió hasta el Cereso para ver si estaba ahí y quizás por eso tenía apagado su teléfono celular."", ""doc_id"": ""Coahuila_Brandon Esteban A H_12"", ""offset"": -1}, {""span"": ""Los parientes del jefe de seguridad se encuentran sumamente angustiada, pues no sólo está en riesgo la pérdida de la cabeza de la familia, sino que en tan sólo unos minutos cuatro integrantes se encuentran desaparecidos."", ""doc_id"": ""Coahuila_Brandon Esteban A H_12"", ""offset"": -1}], ""captura_tipo"": [{""span"": ""Las cámaras urbanas no grabaron el momento en que fue interceptado por sus plagiarios, para poder comprobar el hecho."", ""doc_id"": ""Coahuila_Brandon Esteban A H_12"", ""offset"": -1}, {""span"": ""Las pistas en el lugar indicaban que Esteban intentó defenderse y hacer lo propio con su hijo menor, ya que los rastros de sangre, además de los casquillos hacen suponer a las autoridades que lo lesionaron."", ""doc_id"": ""Coahuila_Brandon Esteban A H_12"", ""offset"": 1912}], ""desenlace_tipo"": [{""span"": ""Tal parece que el jefe de custodios tenía todo en su contra, pues las cámaras urbanas no grabaron el momento en que fue interceptado por sus plagiarios, para poder comprobar el hecho."", ""doc_id"": ""Coahuila_Brandon Esteban A H_12"", ""offset"": 2119}, {""span"": ""Las pistas en el lugar indicaban que Esteban intentó defenderse y hacer lo propio con su hijo menor, ya que los rastros de sangre, además de los casquillos hacen suponer a las autoridades que lo lesionaron."", ""doc_id"": ""Coahuila_Brandon Esteban A H_12"", ""offset"": 1912}]}, ""summary"": ""La familia Acosta sufrió una tragedia cuando cuatro de sus miembros fueron secuestrados y asesinados en la carretera Saltillo-Monterrey. El jefe de custodios, Esteban Acosta Rodríguez, había estado sufriendo por la enfermedad de su madre y había planeado trasladarla a una clínica en otro estado o al extranjero. Sin embargo, su hijo y dos hermanos decidieron unirse a él en la travesía, pero fueron interceptados por sus victimarios y asesinados. Las autoridades no han ofrecido protección a la familia Acosta y no se han comunicado con los responsables de los hechos para solicitar un rescate.""}, ""error"": """"}, {""victim_id"": ""Coahuila_Brandon Esteban A H"", ""model"": ""hugging-quants/Meta-Llama-3.1-8B-Instruct-AWQ-INT4"", ""turn_index"": 3, ""task_name"": ""conversation_summary"", ""doc_id"": ""Coahuila_Brandon Esteban A H_16"", ""values"": {""info_found"": ""TRUE"", ""relevant_context"": [""desenlace"", ""vic_grupo_social"", ""captura_tipo"", ""desenlace_tipo""], ""summary_by_item"": {""desenlace"": [{""span"": ""Pero el pequeño hijo de Esteban de ocho años y otro hermano del jefe de seguridad decidieron unirse en la travesía en la cual tenía estipulado no tardar más de cuatro horas."", ""doc_id"": ""Coahuila_Brandon Esteban A H_16"", ""offset"": -1}, {""span"": ""Sin imaginar que sus victimarios ya los esperaban en el camino, todos subieron a un Malibu 2006, color arena, pero presuntamente no pudieron pasar del kilómetro 13 de la carretera Saltillo-Monterrey."", ""doc_id"": ""Coahuila_Brandon Esteban A H_16"", ""offset"": -1}], ""vic_grupo_social"": [{""span"": ""La esposa de Esteban acudió hasta el Cereso para ver si estaba ahí y quizús por eso tenía apagado su teléfono celular."", ""doc_id"": ""Coahuila_Brandon Esteban A H_16"", ""offset"": -1}, {""span"": ""Los parientes del jefe de seguridad se encuentran sumamente angustiada, pues no sólo está en riesgo la pérdida de la cabeza de la familia, sino que en tan sólo unos minutos cuatro integrantes se encuentran desaparecidos."", ""doc_id"": ""Coahuila_Brandon Esteban A H_16"", ""offset"": -1}], ""captura_tipo"": [{""span"": ""Las cámaras urbanas no grabaron el momento en que fue interceptado por sus plagiarios, para poder comprobar el hecho."", ""doc_id"": ""Coahuila_Brandon Esteban A H_16"", ""offset"": -1}, {""span"": ""Las pistas en el lugar indicaban que Esteban intentó defenderse y hacer lo propio con su hijo menor, ya que los rastros de sangre, además de los casquillos hacen suponer a las autoridades que lo lesionaron."", ""doc_id"": ""Coahuila_Brandon Esteban A H_16"", ""offset"": -1}], ""desenlace_tipo"": [{""span"": ""Tal parece que el jefe de custodios tenía todo en su contra, pues las cámaras urbanas no grabaron el momento en que fue interceptado por sus plagiarios, para poder comprobar el hecho."", ""doc_id"": ""Coahuila_Brandon Esteban A H_16"", ""offset"": -1}, {""span"": ""Las pistas en el lugar indicaban que Esteban intentó defenderse y hacer lo propio con su hijo menor, ya que los rastros de sangre, además de los casquillos hacen suponer a las autoridades que lo lesionaron."", ""doc_id"": ""Coahuila_Brandon Esteban A H_16"", ""offset"": -1}]}, ""summary"": ""La familia Acosta sufrió una tragedia cuando cuatro de sus miembros fueron secuestrados y asesinados en la carretera Saltillo-Monterrey. El jefe de custodios, Esteban Acosta Rodríguez, había estado sufriendo por la enfermedad de su madre y había planeado trasladarla a una clínica en otro estado o al extranjero. Sin embargo, su hijo y dos hermanos decidieron unirse a él en la travesía, pero fueron interceptados por sus victimarios y asesinados. Las autoridades no han ofrecido protección a la familia Acosta y no se han comunicado con los responsables de los hechos para solicitar un rescate.""}, ""error"": """"}, {""victim_id"": ""Coahuila_Brandon Esteban A H"", ""model"": ""hugging-quants/Meta-Llama-3.1-8B-Instruct-AWQ-INT4"", ""turn_index"": 4, ""task_name"": ""conversation_summary"", ""doc_id"": ""Coahuila_Brandon Esteban A H_2"", ""values"": {""info_found"": ""TRUE"", ""relevant_context"": [""desenlace"", ""vic_grupo_social"", ""captura_tipo"", ""desenlace_tipo""], ""summary_by_item"": {""desenlace"": [{""span"": ""Pero el pequeño hijo de Esteban de ocho años y otro hermano del jefe de seguridad decidieron unirse en la travesía en la cual tenía estipulado no tardar más de cuatro horas."", ""doc_id"": ""Coahuila_Brandon Esteban A H_2"", ""offset"": -1}, {""span"": ""Sin imaginar que sus victimarios ya los esperaban en el camino, todos subieron a un Malibu 2006, color arena, pero presuntamente no pudieron pasar del kilómetro 13 de la carretera Saltillo-Monterrey."", ""doc_id"": ""Coahuila_Brandon Esteban A H_2"", ""offset"": -1}], ""vic_grupo_social"": [{""span"": ""La esposa de Esteban acudió hasta el Cereso para ver si estaba ahí y quizús por eso tenía apagado su teléfono celular."", ""doc_id"": ""Coahuila_Brandon Esteban A H_2"", ""offset"": -1}, {""span"": ""Los parientes del jefe de seguridad se encuentran sumamente angustiada, pues no sólo está en riesgo la pérdida de la cabeza de la familia, sino que en tan sólo unos minutos cuatro integrantes se encuentran desaparecidos."", ""doc_id"": ""Coahuila_Brandon Esteban A H_2"", ""offset"": -1}], ""captura_tipo"": [{""span"": ""Las cámaras urbanas no grabaron el momento en que fue interceptado por sus plagiarios, para poder comprobar el hecho."", ""doc_id"": ""Coahuila_Brandon Esteban A H_2"", ""offset"": -1}, {""span"": ""Las pistas en el lugar indicaban que Esteban intentó defenderse y hacer lo propio con su hijo menor, ya que los rastros de sangre, además de los casquillos hacen suponer a las autoridades que lo lesionaron."", ""doc_id"": ""Coahuila_Brandon Esteban A H_2"", ""offset"": -1}], ""desenlace_tipo"": [{""span"": ""Tal parece que el jefe de custodios tenía todo en su contra, pues las cámaras urbanas no grabaron el momento en que fue interceptado por sus plagiarios, para poder comprobar el hecho."", ""doc_id"": ""Coahuila_Brandon Esteban A H_2"", ""offset"": -1}, {""span"": ""Las pistas en el lugar indicaban que Esteban intentó defenderse y hacer lo propio con su hijo menor, ya que los rastros de sangre, además de los casquillos hacen suponer a las autoridades que lo lesionaron."", ""doc_id"": ""Coahuila_Brandon Esteban A H_2"", ""offset"": -1}]}, ""summary"": ""La familia Acosta sufrió una tragedia cuando cuatro de sus miembros fueron secuestrados y asesinados en la carretera Saltillo-Monterrey. El jefe de custodios, Esteban Acosta Rodríguez, había estado sufriendo por la enfermedad de su madre y había planeado trasladarla a una clínica en otro estado o al extranjero. Sin embargo, su hijo y dos hermanos decidieron unirse a él en la travesía, pero fueron interceptados por sus victimarios y asesinados. Las autoridades no han ofrecido protección a la familia Acosta y no se han comunicado con los responsables de los hechos para solicitar un rescate. El jefe de custodios tenía todo en su contra, pues las cámaras urbanas no grabaron el momento en que fue interceptado por sus plagiarios, para poder comprobar el hecho. Las pistas en el lugar indicaban que Esteban intentó defenderse y hacer lo propio con su hijo menor, ya que los rastros de sangre, además de los casquillos hacen suponer a las autoridades que lo lesionaron. La esposa de Esteban acudió hasta el Cereso para ver si estaba ahí y quizús por eso tenía apagado su teléfono celular. Los parientes del jefe de seguridad se encuentran sumamente angustiada, pues no sólo está en riesgo la pérdida de la cabeza de la familia, sino que en tan sólo unos minutos cuatro integrantes se encuentran desaparecidos. Las cámaras urbanas no grabaron el momento en que fue interceptado por sus plagiarios, para poder comprobar el hecho. Las pistas en el lugar indicaban que Esteban intentó defenderse y hacer lo propio con su hijo menor, ya que los rastros de sangre, además de los casquillos hacen suponer a las autoridades que lo lesionaron. El jefe de custodios tenía todo en su contra, pues las cámaras urbanas no grabaron el momento en que fue interceptado por sus plagiarios, para poder comprobar el hecho. Las pistas en el lugar indicaban que Esteban intentó defenderse y hacer lo propio con su hijo menor, ya que los rastros de sangre, además de los casquillos hacen suponer a las autoridades que lo lesionaron. La esposa de Esteban acudió hasta el Cereso para ver si estaba ahí y quizús por eso""}, ""error"": """"}, {""victim_id"": ""Coahuila_Brandon Esteban A H"", ""model"": ""hugging-quants/Meta-Llama-3.1-8B-Instruct-AWQ-INT4"", ""turn_index"": 5, ""task_name"": ""conversation_summary"", ""doc_id"": ""Coahuila_Brandon Esteban A H_3"", ""values"": {""info_found"": ""TRUE"", ""relevant_context"": [""desenlace"", ""vic_grupo_social"", ""captura_tipo"", ""desenlace_tipo""], ""summary_by_item"": {""desenlace"": [{""span"": ""Pero el pequeño hijo de Esteban de ocho años y otro hermano del jefe de seguridad decidieron unirse en la travesía en la cual tenía estipulado no tardar más de cuatro horas."", ""doc_id"": ""Coahuila_Brandon Esteban A H_3"", ""offset"": -1}, {""span"": ""Sin imaginar que sus victimarios ya los esperaban en el camino, todos subieron a un Malibu 2006, color arena, pero presuntamente no pudieron pasar del kilómetro 13 de la carretera Saltillo-Monterrey."", ""doc_id"": ""Coahuila_Brandon Esteban A H_3"", ""offset"": -1}], ""vic_grupo_social"": [{""span"": ""La esposa de Esteban acudió hasta el Cereso para ver si estaba ahí y quizús por eso tenía apagado su teléfono celular."", ""doc_id"": ""Coahuila_Brandon Esteban A H_3"", ""offset"": -1}, {""span"": ""Los parientes del jefe de seguridad se encuentran sumamente angustiada, pues no sólo está en riesgo la pérdida de la cabeza de la familia, sino que en tan sólo unos minutos cuatro integrantes se encuentran desaparecidos."", ""doc_id"": ""Coahuila_Brandon Esteban A H_3"", ""offset"": -1}], ""captura_tipo"": [{""span"": ""Las cámaras urbanas no grabaron el momento en que fue interceptado por sus plagiarios, para poder comprobar el hecho."", ""doc_id"": ""Coahuila_Brandon Esteban A H_3"", ""offset"": -1}, {""span"": ""Las pistas en el lugar indicaban que Esteban intentó defenderse y hacer lo propio con su hijo menor, ya que los rastros de sangre, además de los casquillos hacen suponer a las autoridades que lo lesionaron."", ""doc_id"": ""Coahuila_Brandon Esteban A H_3"", ""offset"": -1}], ""desenlace_tipo"": [{""span"": ""Tal parece que el jefe de custodios tenía todo en su contra, pues las cámaras urbanas no grabaron el momento en que fue interceptado por sus plagiarios, para poder comprobar el hecho."", ""doc_id"": ""Coahuila_Brandon Esteban A H_3"", ""offset"": -1}, {""span"": ""Las pistas en el lugar indicaban que Esteban intentó defenderse y hacer lo propio con su hijo menor, ya que los rastros de sangre, además de los casquillos hacen suponer a las autoridades que lo lesionaron."", ""doc_id"": ""Coahuila_Brandon Esteban A H_3"", ""offset"": -1}]}, ""summary"": ""La familia Acosta sufrió una tragedia cuando cuatro de sus miembros fueron secuestrados y asesinados en la carretera Saltillo-Monterrey. El jefe de custodios, Esteban Acosta Rodríguez, había estado sufriendo por la enfermedad de su madre y había planeado trasladarla a una clínica en otro estado o al extranjero. Sin embargo, su hijo y dos hermanos decidieron unirse a él en la travesía, pero fueron interceptados por sus victimarios y asesinados. Las autoridades no han ofrecido protección a la familia Acosta y no se han comunicado con los responsables de los hechos para solicitar un rescate. El jefe de custodios tenía todo en su contra, pues las cámaras urbanas no grabaron el momento en que fue interceptado por sus plagiarios, para poder comprobar el hecho. Las pistas en el lugar indicaban que Esteban intentó defenderse y hacer lo propio con su hijo menor, ya que los rastros de sangre, además de los casquillos hacen suponer a las autoridades que lo lesionaron. La esposa de Esteban acudió hasta el Cereso para ver si estaba ahí y quizús por eso tenía apagado su teléfono celular. Los parientes del jefe de seguridad se encuentran sumamente angustiada, pues no sólo está en riesgo la pérdida de la cabeza de la familia, sino que en tan sólo unos minutos cuatro integrantes se encuentran desaparecidos. Las cámaras urbanas no grabaron el momento en que fue interceptado por sus plagiarios, para poder comprobar el hecho. Las pistas en el lugar indicaban que Esteban intentó defenderse y hacer lo propio con su hijo menor, ya que los rastros de sangre, además de los casquillos hacen suponer a las autoridades que lo lesionaron. El jefe de custodios tenía todo en su contra, pues las cámaras urbanas no grabaron el momento en que fue interceptado por sus plagiarios, para poder comprobar el hecho. Las pistas en el lugar indicaban que Esteban intentó defenderse y hacer lo propio con su hijo menor, ya que los rastros de sangre, además de los casquillos hacen suponer a las autoridades que lo lesionaron. La esposa de Esteban acudió hasta el Cereso para ver si estaba ahí y quizús por eso""}, ""error"": """"}, {""victim_id"": ""Coahuila_Brandon Esteban A H"", ""model"": ""hugging-quants/Meta-Llama-3.1-8B-Instruct-AWQ-INT4"", ""turn_index"": 6, ""task_name"": ""conversation_summary"", ""doc_id"": ""Coahuila_Brandon Esteban A H_5"", ""values"": {""info_found"": ""TRUE"", ""relevant_context"": [""desenlace"", ""vic_grupo_social"", ""captura_tipo"", ""desenlace_tipo""], ""summary_by_item"": {""desenlace"": [{""span"": ""Pero el pequeño hijo de Esteban de ocho años y otro hermano del jefe de seguridad decidieron unirse en la travesía en la cual tenía estipulado no tardar más de cuatro horas."", ""doc_id"": ""Coahuila_Brandon Esteban A H_5"", ""offset"": -1}, {""span"": ""Sin imaginar que sus victimarios ya los esperaban en el camino, todos subieron a un Malibu 2006, color arena, pero presuntamente no pudieron pasar del kilómetro 13 de la carretera Saltillo-Monterrey."", ""doc_id"": ""Coahuila_Brandon Esteban A H_5"", ""offset"": -1}], ""vic_grupo_social"": [{""span"": ""La esposa de Esteban acudió hasta el Cereso para ver si estaba ahí y quizús por eso tenía apagado su teléfono celular."", ""doc_id"": ""Coahuila_Brandon Esteban A H_5"", ""offset"": -1}, {""span"": ""Los parientes del jefe de seguridad se encuentran sumamente angustiada, pues no sólo está en riesgo la pérdida de la cabeza de la familia, sino que en tan sólo unos minutos cuatro integrantes se encuentran desaparecidos."", ""doc_id"": ""Coahuila_Brandon Esteban A H_5"", ""offset"": -1}], ""captura_tipo"": [{""span"": ""Las cámaras urbanas no grabaron el momento en que fue interceptado por sus plagiarios, para poder comprobar el hecho."", ""doc_id"": ""Coahuila_Brandon Esteban A H_5"", ""offset"": -1}, {""span"": ""Las pistas en el lugar indicaban que Esteban intentó defenderse y hacer lo propio con su hijo menor, ya que los rastros de sangre, además de los casquillos hacen suponer a las autoridades que lo lesionaron."", ""doc_id"": ""Coahuila_Brandon Esteban A H_5"", ""offset"": -1}], ""desenlace_tipo"": [{""span"": ""Tal parece que el jefe de custodios tenía todo en su contra, pues las cámaras urbanas no grabaron el momento en que fue interceptado por sus plagiarios, para poder comprobar el hecho."", ""doc_id"": ""Coahuila_Brandon Esteban A H_5"", ""offset"": -1}, {""span"": ""Las pistas en el lugar indicaban que Esteban intentó defenderse y hacer lo propio con su hijo menor, ya que los rastros de sangre, además de los casquillos hacen suponer a las autoridades que lo lesionaron."", ""doc_id"": ""Coahuila_Brandon Esteban A H_5"", ""offset"": -1}]}, ""summary"": ""Casi han pasado 7 años del plagio de familia en la Saltillo-Monterrey Casi han pasado 7 años del plagio de familia en la Saltillo-Monterrey Vanguardia Fuundec. El menor Brandon fue privado de su libertad junto con su padre y sus tíos en 2009. La afectada compareció a una reunión que sostuvo la Funndec con la Subprocuraduría de Investigación y Búsqueda de Personas no Localizadas, en las instalaciones del Centro de Justicia Penal. Lourdes Herrera del Llano no pierde la esperanza de encontrar a su hijo Brandon, quien fue secuestrado junto con su papá y sus tíos en el mes de agosto del 2009 en el municipio de Ramos Arizpe. La afectada compareció a una reunión que sostuvo la Funndec con la Subprocuraduría de Investigación y Búsqueda de Personas no Localizadas, en las instalaciones del Centro de Justicia Penal. Habló con una voz entrecortada al cumplirse casi siete años de no encontrar al pequeño, quien contaba con 8 años de edad, y el papá Esteban Acosta Rodríguez, quien se desempeñaba como jefe de Seguridad y Custodia del Centro de Readaptación Social Varonil en Saltillo. Sus cuñados Gerardo y Gualberto Acosta Rodríguez también fueron privados de la libertad, y hasta la fecha nada sabe de su paradero. Las únicas pistas que le dan las autoridades es que fueron integrantes del crimen organizado quienes los privaron de la libertad, pero no le dan a conocer si existe rastro de que estén con vida. Su única acompañante es su hija de 15 años de edad. Todo ocurrió la mañana del 29 de agosto del 2009, cuando cuatro personas se desplazaban en una camioneta Dodge rumbo al aeropuerto de Monterrey, y a la altura del kilómetro 13 de la carretera Saltillo-Monterrey fueron interceptados y subidos por la fuerza a otra camioneta.""}, ""error"": """"}]"
Coahuila_Esteban A R,hugging-quants/Meta-Llama-3.1-8B-Instruct-AWQ-INT4,7,"[{""victim_id"": ""Coahuila_Esteban A R"", ""model"": ""hugging-quants/Meta-Llama-3.1-8B-Instruct-AWQ-INT4"", ""turn_index"": 0, ""task_name"": ""conversation_summary"", ""doc_id"": ""Coahuila_Esteban A R_1"", ""values"": {""info_found"": ""TRUE"", ""relevant_context"": [""desenlace"", ""vic_grupo_social"", ""captura_tipo"", ""desenlace_tipo""], ""summary_by_item"": {""desenlace"": [{""span"": ""Quizás la enfermedad de la progenitora de Esteban los unió, sin embargo para su hermano no era posible pasar tanto tiempo en tierras mexicanas debido a sus compromisos de trabajo."", ""doc_id"": ""Coahuila_Esteban A R_1"", ""offset"": 1048}], ""vic_grupo_social"": [{""span"": ""La esposa de Esteban acudió hasta el Cereso para ver si estaba ahí y quizás por eso tenía apagado su teléfono celular."", ""doc_id"": ""Coahuila_Esteban A R_1"", ""offset"": -1}], ""captura_tipo"": [{""span"": ""Sin imaginar que sus victimarios ya los esperaban en el camino, todos subieron a un Malibu 2006, color arena, pero presuntamente no pudieron pasar del kilómetro 13 de la carretera Saltillo-Monterrey."", ""doc_id"": ""Coahuila_Esteban A R_1"", ""offset"": 1605}], ""desenlace_tipo"": [{""span"": ""Tal parece que el jefe de custodios tenía todo en su contra, pues las cámaras urbanas no grabaron el momento en que fue interceptado por sus plagiarios, para poder comprobar el hecho."", ""doc_id"": ""Coahuila_Esteban A R_1"", ""offset"": 2119}]}, ""summary"": ""La familia Acosta se encontraba en un momento de gran angustia debido a la enfermedad de la madre de Esteban Acosta Rodríguez, el jefe de custodios del Cereso Varonil. Su hermano, que reside en los Estados Unidos, regresó a México para visitar a su madre y reencontrarse con su familia. Sin embargo, en la mañana del sábado, cuatro miembros de la familia Acosta, incluyendo a Esteban, su hijo de ocho años y otro hermano, decidieron unirse en la travesía para llegar a la ciudad de Monterrey, Nuevo León. Sin imaginar que sus victimarios ya los esperaban en el camino, todos subieron a un Malibu 2006, color arena, pero presuntamente no pudieron pasar del kilómetro 13 de la carretera Saltillo-Monterrey. Las autoridades creen que el jefe de custodios intentó defenderse y hacer lo propio con su hijo menor, ya que los rastros de sangre y los casquillos hacen suponer que lo lesionaron. Tal parece que el jefe de custodios tenía todo en su contra, pues las cámaras urbanas no grabaron el momento en que fue interceptado por sus plagiarios, para poder comprobar el hecho. La esposa de Esteban acudió hasta el Cereso para ver si estaba ahí y quizás por eso tenía apagado su teléfono celular. La familia Acosta se encuentra sumamente angustiada, pues no sólo está en riesgo la pérdida de la cabeza de la familia, sino que en tan sólo unos minutos cuatro integrantes se encuentran desaparecidos.""}, ""error"": """"}, {""victim_id"": ""Coahuila_Esteban A R"", ""model"": ""hugging-quants/Meta-Llama-3.1-8B-Instruct-AWQ-INT4"", ""turn_index"": 1, ""task_name"": ""conversation_summary"", ""doc_id"": ""Coahuila_Esteban A R_12"", ""values"": {""info_found"": ""TRUE"", ""relevant_context"": [""vic_grupo_social"", ""captura_tipo"", ""desenlace_tipo""], ""summary_by_item"": {""vic_grupo_social"": [{""span"": ""La esposa de Esteban acudió hasta el Cereso para ver si estaba ahí y quizás por eso tenía apagado su teléfono celular."", ""doc_id"": ""Coahuila_Esteban A R_12"", ""offset"": -1}], ""captura_tipo"": [{""span"": ""Sin imaginar que sus victimarios ya los esperaban en el camino, todos subieron a un Malibu 2006, color arena, pero presuntamente no pudieron pasar del kilómetro 13 de la carretera Saltillo-Monterrey."", ""doc_id"": ""Coahuila_Esteban A R_12"", ""offset"": -1}], ""desenlace_tipo"": [{""span"": ""Tal parece que el jefe de custodios tenía todo en su contra, pues las cámaras urbanas no grabaron el momento en que fue interceptado por sus plagiarios, para poder comprobar el hecho."", ""doc_id"": ""Coahuila_Esteban A R_12"", ""offset"": -1}]}, ""summary"": ""La familia Acosta se encontraba en un momento de gran angustia debido a la enfermedad de la madre de Esteban Acosta Rodríguez, el jefe de custodios del Cereso Varonil. Su hermano, que reside en los Estados Unidos, regresó a México para visitar a su madre y reencontrarse con su familia. Sin embargo, en la mañana del sábado, cuatro miembros de la familia Acosta, incluyendo a Esteban, su hijo de ocho años y otro hermano, decidieron unirse en la travesía para llegar a la ciudad de Monterrey, Nuevo León. Sin imaginar que sus victimarios ya los esperaban en el camino, todos subieron a un Malibu 2006, color arena, pero presuntamente no pudieron pasar del kilómetro 13 de la carretera Saltillo-Monterrey. Las autoridades creen que el jefe de custodios intentó defenderse y hacer lo propio con su hijo menor, ya que los rastros de sangre y los casquillos hacen suponer que lo lesionaron. Tal parece que el jefe de custodios tenía todo en su contra, pues las cámaras urbanas no grabaron el momento en que fue interceptado por sus plagiarios, para poder comprobar el hecho. La esposa de Esteban acudió hasta el Cereso para ver si estaba ahí y quizás por eso tenía apagado su teléfono celular. La familia Acosta se encuentra sumamente angustiada, pues no sólo está en riesgo la pérdida de la cabeza de la familia, sino que en tan sólo unos minutos cuatro integrantes se encuentran desaparecidos.""}, ""error"": """"}, {""victim_id"": ""Coahuila_Esteban A R"", ""model"": ""hugging-quants/Meta-Llama-3.1-8B-Instruct-AWQ-INT4"", ""turn_index"": 2, ""task_name"": ""conversation_summary"", ""doc_id"": ""Coahuila_Esteban A R_14"", ""values"": {""info_found"": ""TRUE"", ""relevant_context"": [""vic_grupo_social"", ""captura_tipo"", ""desenlace_tipo""], ""summary_by_item"": {""vic_grupo_social"": [{""span"": ""La esposa de Esteban acudió hasta el Cereso para ver si estaba ahí y quizás por eso tenía apagado su teléfono celular."", ""doc_id"": ""Coahuila_Esteban A R_14"", ""offset"": -1}, {""span"": ""La familia Acosta se encuentra sumamente angustiada, pues no sólo está en riesgo la pérdida de la cabeza de la familia, sino que en tan sólo unos minutos cuatro integrantes se encuentran desaparecidos."", ""doc_id"": ""Coahuila_Esteban A R_14"", ""offset"": -1}], ""captura_tipo"": [{""span"": ""Sin imaginar que sus victimarios ya los esperaban en el camino, todos subieron a un Malibu 2006, color arena, pero presuntamente no pudieron pasar del kilómetro 13 de la carretera Saltillo-Monterrey."", ""doc_id"": ""Coahuila_Esteban A R_14"", ""offset"": -1}], ""desenlace_tipo"": [{""span"": ""Tal parece que el jefe de custodios tenía todo en su contra, pues las cámaras urbanas no grabaron el momento en que fue interceptado por sus plagiarios, para poder comprobar el hecho."", ""doc_id"": ""Coahuila_Esteban A R_14"", ""offset"": -1}], ""summary"": [{""span"": ""La familia Acosta se encontraba en un momento de gran angustia debido a la enfermedad de la madre de Esteban Acosta Rodríguez, el jefe de custodios del Cereso Varonil. Su hermano, que reside en los Estados Unidos, regresó a México para visitar a su madre y reencontrarse con su familia. Sin embargo, en la mañana del sábado, cuatro miembros de la familia Acosta, incluyendo a Esteban, su hijo de ocho años y otro hermano, decidieron unirse en la travesía para llegar a la ciudad de Monterrey, Nuevo León. Sin imaginar que sus victimarios ya los esperaban en el camino, todos subieron a un Malibu 2006, color arena, pero presuntamente no pudieron pasar del kilómetro 13 de la carretera Saltillo-Monterrey. Las autoridades creen que el jefe de custodios intentó defenderse y hacer lo propio con su hijo menor, ya que los rastros de sangre y los casquillos hacen suponer que lo lesionaron. Tal parece que el jefe de custodios tenía todo en su contra, pues las cámaras urbanas no grabaron el momento en que fue interceptado por sus plagiarios, para poder comprobar el hecho. La esposa de Esteban acudió hasta el Cereso para ver si estaba ahí y quizás por eso tenía apagado su teléfono celular. La familia Acosta se encuentra sumamente angustiada, pues no sólo está en riesgo la pérdida de la cabeza de la familia, sino que en tan sólo unos minutos cuatro integrantes se encuentran desaparecidos."", ""doc_id"": ""Coahuila_Esteban A R_14"", ""offset"": -1}]}, ""summary"": ""La familia Acosta se encontraba en un momento de gran angustia debido a la enfermedad de la madre de Esteban Acosta Rodríguez, el jefe de custodios del Cereso Varonil. Su hermano, que reside en los Estados Unidos, regresó a México para visitar a su madre y reencontrarse con su familia. Sin embargo, en la mañana del sábado, cuatro miembros de la familia Acosta, incluyendo a Esteban, su hijo de ocho años y otro hermano, decidieron unirse en la travesía para llegar a la ciudad de Monterrey, Nuevo León. Sin imaginar que sus victimarios ya los esperaban en el camino, todos subieron a un Malibu 2006, color arena, pero presuntamente no pudieron pasar del kilómetro 13 de la carretera Saltillo-Monterrey. Las autoridades creen que el jefe de custodios intentó defenderse y hacer lo propio con su hijo menor, ya que los rastros de sangre y los casquillos hacen suponer que lo lesionaron. Tal parece que el jefe de custodios tenía todo en su contra, pues las cámaras urbanas no grabaron el momento en que fue interceptado por sus plagiarios, para poder comprobar el hecho. La esposa de Esteban acudió hasta el Cereso para ver si estaba ahí y quizás por eso tenía apagado su teléfono celular. La familia Acosta se encuentra sumamente angustiada, pues no sólo está en riesgo la pérdida de la cabeza de la familia, sino que en tan sólo unos minutos cuatro integrantes se encuentran desaparecidos.""}, ""error"": """"}, {""victim_id"": ""Coahuila_Esteban A R"", ""model"": ""hugging-quants/Meta-Llama-3.1-8B-Instruct-AWQ-INT4"", ""turn_index"": 3, ""task_name"": ""conversation_summary"", ""doc_id"": ""Coahuila_Esteban A R_15"", ""values"": {""info_found"": ""TRUE"", ""relevant_context"": [""vic_grupo_social"", ""captura_tipo"", ""desenlace_tipo""], ""summary_by_item"": {""vic_grupo_social"": [{""span"": ""La esposa de Esteban acudió hasta el Cereso para ver si estaba ahí y quizás por eso tenía apagado su teléfono celular."", ""doc_id"": ""Coahuila_Esteban A R_15"", ""offset"": -1}, {""span"": ""La familia Acosta se encuentra sumamente angustiada, pues no sólo está en riesgo la pérdida de la cabeza de la familia, sino que en tan sólo unos minutos cuatro integrantes se encuentran desaparecidos."", ""doc_id"": ""Coahuila_Esteban A R_15"", ""offset"": -1}], ""captura_tipo"": [{""span"": ""Sin imaginar que sus victimarios ya los esperaban en el camino, todos subieron a un Malibu 2006, color arena, pero presuntamente no pudieron pasar del kilómetro 13 de la carretera Saltillo-Monterrey."", ""doc_id"": ""Coahuila_Esteban A R_15"", ""offset"": -1}], ""desenlace_tipo"": [{""span"": ""Tal parece que el jefe de custodios tenía todo en su contra, pues las cámaras urbanas no grabaron el momento en que fue interceptado por sus plagiarios, para poder comprobar el hecho."", ""doc_id"": ""Coahuila_Esteban A R_15"", ""offset"": -1}], ""summary"": [{""span"": ""La familia Acosta se encontraba en un momento de gran angustia debido a la enfermedad de la madre de Esteban Acosta Rodríguez, el jefe de custodios del Cereso Varonil. Su hermano, que reside en los Estados Unidos, regresó a México para visitar a su madre y reencontrarse con su familia. Sin embargo, en la mañana del sábado, cuatro miembros de la familia Acosta, incluyendo a Esteban, su hijo de ocho años y otro hermano, decidieron unirse en la travesía para llegar a la ciudad de Monterrey, Nuevo León. Sin imaginar que sus victimarios ya los esperaban en el camino, todos subieron a un Malibu 2006, color arena, pero presuntamente no pudieron pasar del kilómetro 13 de la carretera Saltillo-Monterrey. Las autoridades creen que el jefe de custodios intentó defenderse y hacer lo propio con su hijo menor, ya que los rastros de sangre y los casquillos hacen suponer que lo lesionaron. Tal parece que el jefe de custodios tenía todo en su contra, pues las cámaras urbanas no grabaron el momento en que fue interceptado por sus plagiarios, para poder comprobar el hecho. La esposa de Esteban acudió hasta el Cereso para ver si estaba ahí y quizás por eso tenía apagado su teléfono celular. La familia Acosta se encuentra sumamente angustiada, pues no sólo está en riesgo la pérdida de la cabeza de la familia, sino que en tan sólo unos minutos cuatro integrantes se encuentran desaparecidos."", ""doc_id"": ""Coahuila_Esteban A R_15"", ""offset"": -1}]}, ""summary"": null}, ""error"": """"}, {""victim_id"": ""Coahuila_Esteban A R"", ""model"": ""hugging-quants/Meta-Llama-3.1-8B-Instruct-AWQ-INT4"", ""turn_index"": 4, ""task_name"": ""conversation_summary"", ""doc_id"": ""Coahuila_Esteban A R_16"", ""values"": {""info_found"": ""TRUE"", ""relevant_context"": [""desenlace"", ""vic_grupo_social"", ""captura_tipo"", ""desenlace_tipo""], ""summary_by_item"": {""desenlace"": [{""span"": ""El Diario de Coahuila @ Todos los derechos reservados 2005 2019"", ""doc_id"": ""Coahuila_Esteban A R_16"", ""offset"": 258}], ""vic_grupo_social"": [{""span"": ""DIARIO El Diario de Coahuila @ Todos los derechos reservados 2005 2019"", ""doc_id"": ""Coahuila_Esteban A R_16"", ""offset"": 251}], ""captura_tipo"": [{""span"": ""2 fotos 4 0 comentarios Ordenar por Más antiguos"", ""doc_id"": ""Coahuila_Esteban A R_16"", ""offset"": 134}], ""desenlace_tipo"": [{""span"": ""DIARIO El Diario de Coahuila @ Todos los derechos reservados 2005 2019"", ""doc_id"": ""Coahuila_Esteban A R_16"", ""offset"": 251}]}, ""summary"": ""El Diario de Coahuila @ Todos los derechos reservados 2005 2019. El Diario de Coahuila es un diario que ha estado en funcionamiento desde 2005. El diario tiene 9438 81 00 (tel:4 38 81 00) como número de teléfono y info@eldiariodecoahuila com.mx (mailto:info@eldiariodecoahuila com.mx) como correo electrónico. El diario ha sido desarrollado por una empresa desconocida. El diario tiene una captura tipo de 2 fotos 4 0 comentarios Ordenar por Más antiguos. El diario tiene un desenlace tipo de DIARIO El Diario de Coahuila @ Todos los derechos reservados 2005 2019. El diario es un diario que ha estado en funcionamiento desde 2005 y ha sido desarrollado por una empresa desconocida. El diario tiene un número de teléfono de 9438 81 00 (tel:4 38 81 00) y un correo electrónico de info@eldiariodecoahuila com.mx (mailto:info@eldiariodecoahuila com.mx). El diario tiene una captura tipo de 2 fotos 4 0 comentarios Ordenar por Más antiguos y un desenlace tipo de DIARIO El Diario de Coahuila @ Todos los derechos reservados 2005 2019.""}, ""error"": """"}, {""victim_id"": ""Coahuila_Esteban A R"", ""model"": ""hugging-quants/Meta-Llama-3.1-8B-Instruct-AWQ-INT4"", ""turn_index"": 5, ""task_name"": ""conversation_summary"", ""doc_id"": ""Coahuila_Esteban A R_2"", ""values"": {""info_found"": ""TRUE"", ""relevant_context"": [""desenlace"", ""vic_grupo_social"", ""captura_tipo"", ""desenlace_tipo""], ""summary_by_item"": {""desenlace"": [{""span"": ""El Diario de Coahuila @ Todos los derechos reservados 2005 2019"", ""doc_id"": ""Coahuila_Esteban A R_2"", ""offset"": -1}, {""span"": ""El diario tiene un desenlace tipo de DIARIO El Diario de Coahuila @ Todos los derechos reservados 2005 2019"", ""doc_id"": ""Coahuila_Esteban A R_2"", ""offset"": -1}], ""vic_grupo_social"": [{""span"": ""El diario es un diario que ha estado en funcionamiento desde 2005 y ha sido desarrollado por una empresa desconocida"", ""doc_id"": ""Coahuila_Esteban A R_2"", ""offset"": -1}, {""span"": ""El diario tiene un número de teléfono de 9438 81 00 (tel:4 38 81 00) y un correo electrónico de info@eldiariodecoahuila com.mx (mailto:info@eldiariodecoahuila com.mx)"", ""doc_id"": ""Coahuila_Esteban A R_2"", ""offset"": -1}], ""captura_tipo"": [{""span"": ""El diario tiene una captura tipo de 2 fotos 4 0 comentarios Ordenar por Más antiguos"", ""doc_id"": ""Coahuila_Esteban A R_2"", ""offset"": -1}], ""desenlace_tipo"": [{""span"": ""El diario tiene un desenlace tipo de DIARIO El Diario de Coahuila @ Todos los derechos reservados 2005 2019"", ""doc_id"": ""Coahuila_Esteban A R_2"", ""offset"": -1}]}, ""summary"": ""El diario El Diario de Coahuila @ Todos los derechos reservados 2005 2019 ha estado en funcionamiento desde 2005 y ha sido desarrollado por una empresa desconocida. El diario tiene un número de teléfono de 9438 81 00 (tel:4 38 81 00) y un correo electrónico de info@eldiariodecoahuila com.mx (mailto:info@eldiariodecoahuila com.mx). El diario tiene una captura tipo de 2 fotos 4 0 comentarios Ordenar por Más antiguos y un desenlace tipo de DIARIO El Diario de Coahuila @ Todos los derechos reservados 2005 2019.""}, ""error"": """"}, {""victim_id"": ""Coahuila_Esteban A R"", ""model"": ""hugging-quants/Meta-Llama-3.1-8B-Instruct-AWQ-INT4"", ""turn_index"": 6, ""task_name"": ""conversation_summary"", ""doc_id"": ""Coahuila_Esteban A R_4"", ""values"": {""info_found"": ""TRUE"", ""relevant_context"": [""desenlace"", ""vic_grupo_social"", ""captura_tipo"", ""desenlace_tipo""], ""summary_by_item"": {""desenlace"": [{""span"": ""El Diario de Coahuila @ Todos los derechos reservados 2005 2019"", ""doc_id"": ""Coahuila_Esteban A R_4"", ""offset"": -1}, {""span"": ""El diario tiene un desenlace tipo de DIARIO El Diario de Coahuila @ Todos los derechos reservados 2005 2019"", ""doc_id"": ""Coahuila_Esteban A R_4"", ""offset"": -1}], ""vic_grupo_social"": [{""span"": ""El diario es un diario que ha estado en funcionamiento desde 2005 y ha sido desarrollado por una empresa desconocida"", ""doc_id"": ""Coahuila_Esteban A R_4"", ""offset"": -1}, {""span"": ""El diario tiene un número de teléfono de 9438 81 00 (tel:4 38 81 00) y un correo electrónico de info@eldiariodecoahuila com.mx (mailto:info@eldiariodecoahuila com.mx)"", ""doc_id"": ""Coahuila_Esteban A R_4"", ""offset"": -1}], ""captura_tipo"": [{""span"": ""El diario tiene una captura tipo de 2 fotos 4 0 comentarios Ordenar por Más antiguos"", ""doc_id"": ""Coahuila_Esteban A R_4"", ""offset"": -1}], ""desenlace_tipo"": [{""span"": ""El diario tiene un desenlace tipo de DIARIO El Diario de Coahuila @ Todos los derechos reservados 2005 2019"", ""doc_id"": ""Coahuila_Esteban A R_4"", ""offset"": -1}]}, ""summary"": ""El diario El Diario de Coahuila @ Todos los derechos reservados 2005 2019 ha estado en funcionamiento desde 2005 y ha sido desarrollado por una empresa desconocida. El diario tiene un número de teléfono de 9438 81 00 (tel:4 38 81 00) y un correo electrónico de info@eldiariodecoahuila com.mx (mailto:info@eldiariodecoahuila com.mx). El diario tiene una captura tipo de 2 fotos 4 0 comentarios Ordenar por Más antiguos y un desenlace tipo de DIARIO El Diario de Coahuila @ Todos los derechos reservados 2005 2019.""}, ""error"": """"}]"
Coahuila_Cecilia L R,hugging-quants/Meta-Llama-3.1-8B-Instruct-AWQ-INT4,8,"[{""victim_id"": ""Coahuila_Cecilia L R"", ""model"": ""hugging-quants/Meta-Llama-3.1-8B-Instruct-AWQ-INT4"", ""turn_index"": 0, ""task_name"": ""conversation_summary"", ""doc_id"": ""Coahuila_Cecilia L R_11"", ""values"": {""info_found"": ""TRUE"", ""relevant_context"": [""desenlace"", ""vic_grupo_social"", ""captura_tipo"", ""desenlace_tipo""], ""summary_by_item"": {""desenlace"": [{""span"": ""Ayer, el fiscal general Jesús Torres Charles confirmó que las personas heridas estuvieron en el puesto de socorro, pero se retiraron por sus propios medios."", ""doc_id"": ""Coahuila_Cecilia L R_11"", ""offset"": 265}], ""vic_grupo_social"": [{""span"": ""Nadie ha preguntado por ellos ni han reclamado el auto asegurado por la Fiscalía General del Estado"", ""doc_id"": ""Coahuila_Cecilia L R_11"", ""offset"": 634}], ""captura_tipo"": [{""span"": ""una patrulla militar ayudó a Pablo César Ortiz y Cecilia López Ramírez y los llevaron a la Cruz Roja para su atención"", ""doc_id"": ""Coahuila_Cecilia L R_11"", ""offset"": 121}], ""desenlace_tipo"": [{""span"": ""se están investigando las placas del auto Tsuru blanco"", ""doc_id"": ""Coahuila_Cecilia L R_11"", ""offset"": 800}]}, ""summary"": ""La pareja desapareció después de ser llevada a la Cruz Roja por una patrulla militar. El fiscal general confirmó que las personas heridas estuvieron en el puesto de socorro, pero se retiraron por sus propios medios. Se están investigando las placas del auto Tsuru blanco y la documentación encontrada para detectar si tiene reporte de robo. El titular de la agencia receptora de denuncias expresó que la pareja continúa desaparecida y nadie ha preguntado por ellos ni han reclamado el auto asegurado por la Fiscalía General del Estado.""}, ""error"": """"}, {""victim_id"": ""Coahuila_Cecilia L R"", ""model"": ""hugging-quants/Meta-Llama-3.1-8B-Instruct-AWQ-INT4"", ""turn_index"": 1, ""task_name"": ""conversation_summary"", ""doc_id"": ""Coahuila_Cecilia L R_2"", ""values"": {""info_found"": ""TRUE"", ""relevant_context"": [""desenlace"", ""vic_grupo_social"", ""captura_tipo"", ""desenlace_tipo""], ""summary_by_item"": {""desenlace"": [{""span"": ""Ayer, el fiscal general Jesús Torres Charles confirmó que las personas heridas estuvieron en el puesto de socorro, pero se retiraron por sus propios medios."", ""doc_id"": ""Coahuila_Cecilia L R_2"", ""offset"": -1}, {""span"": ""se están investigando las placas del auto Tsuru blanco y la documentación encontrada para detectar si tiene reporte de robo."", ""doc_id"": ""Coahuila_Cecilia L R_2"", ""offset"": -1}], ""vic_grupo_social"": [{""span"": ""Nadie ha preguntado por ellos ni han reclamado el auto asegurado por la Fiscalía General del Estado."", ""doc_id"": ""Coahuila_Cecilia L R_2"", ""offset"": -1}], ""captura_tipo"": [{""span"": ""una patrulla militar ayudó a Pablo César Ortiz y Cecilia López Ramírez y los llevaron a la Cruz Roja para su atención."", ""doc_id"": ""Coahuila_Cecilia L R_2"", ""offset"": -1}], ""desenlace_tipo"": [{""span"": ""se están investigando las placas del auto Tsuru blanco."", ""doc_id"": ""Coahuila_Cecilia L R_2"", ""offset"": -1}], ""perp_tipo1"": [{""span"": ""desconocidos"", ""doc_id"": ""Coahuila_Cecilia L R_2"", ""offset"": 288}], ""captura_metodo"": [{""span"": ""una patrulla militar ayudó a Pablo César Ortiz y Cecilia López Ramírez y los llevaron a la Cruz Roja para su atención."", ""doc_id"": ""Coahuila_Cecilia L R_2"", ""offset"": -1}], ""ubicacion_tipo"": [{""span"": ""pleno centro de Saltillo"", ""doc_id"": ""Coahuila_Cecilia L R_2"", ""offset"": 258}]}, ""summary"": ""La pareja desapareció después de ser llevada a la Cruz Roja por una patrulla militar. El fiscal general confirmó que las personas heridas estuvieron en el puesto de socorro, pero se retiraron por sus propios medios. Se están investigando las placas del auto Tsuru blanco y la documentación encontrada para detectar si tiene reporte de robo. El titular de la agencia receptora de denuncias expresó que la pareja continúa desaparecida y nadie ha preguntado por ellos ni han reclamado el auto asegurado por la Fiscalía General del Estado. La pareja fue atacada a balazos en pleno centro de Saltillo y nadie sabe nada sobre su paradero.""}, ""error"": """"}, {""victim_id"": ""Coahuila_Cecilia L R"", ""model"": ""hugging-quants/Meta-Llama-3.1-8B-Instruct-AWQ-INT4"", ""turn_index"": 2, ""task_name"": ""conversation_summary"", ""doc_id"": ""Coahuila_Cecilia L R_3"", ""values"": {""info_found"": ""TRUE"", ""relevant_context"": [""vic_grupo_social"", ""captura_metodo"", ""perp_tipo1"", ""captura_tipo"", ""desenlace_tipo"", ""ubicacion_tipo"", ""desenlace""], ""summary_by_item"": {""vic_grupo_social"": [{""span"": ""Nadie ha preguntado por ellos ni han reclamado el auto asegurado por la Fiscalía General del Estado."", ""doc_id"": ""Coahuila_Cecilia L R_3"", ""offset"": -1}, {""span"": ""La pareja continúa desaparecida"", ""doc_id"": ""Coahuila_Cecilia L R_3"", ""offset"": -1}], ""captura_metodo"": [{""span"": ""una patrulla militar ayudó a Pablo César Ortiz y Cecilia López Ramírez y los llevaron a la Cruz Roja para su atención."", ""doc_id"": ""Coahuila_Cecilia L R_3"", ""offset"": -1}], ""perp_tipo1"": [{""span"": ""desconocidos"", ""doc_id"": ""Coahuila_Cecilia L R_3"", ""offset"": -1}], ""captura_tipo"": [{""span"": ""una patrulla militar ayudó a Pablo César Ortiz y Cecilia López Ramírez y los llevaron a la Cruz Roja para su atención."", ""doc_id"": ""Coahuila_Cecilia L R_3"", ""offset"": -1}], ""desenlace_tipo"": [{""span"": ""se están investigando las placas del auto Tsuru blanco y la documentación encontrada para detectar si tiene reporte de robo."", ""doc_id"": ""Coahuila_Cecilia L R_3"", ""offset"": -1}], ""ubicacion_tipo"": [{""span"": ""pleno centro de Saltillo"", ""doc_id"": ""Coahuila_Cecilia L R_3"", ""offset"": -1}], ""desenlace"": [{""span"": ""se están investigando las placas del auto Tsuru blanco y la documentación encontrada para detectar si tiene reporte de robo."", ""doc_id"": ""Coahuila_Cecilia L R_3"", ""offset"": -1}]}, ""summary"": ""La pareja desapareció después de ser llevada a la Cruz Roja por una patrulla militar. El fiscal general confirmó que las personas heridas estuvieron en el puesto de socorro, pero se retiraron por sus propios medios. Se están investigando las placas del auto Tsuru blanco y la documentación encontrada para detectar si tiene reporte de robo. La pareja fue atacada a balazos en pleno centro de Saltillo y nadie sabe nada sobre su paradero. La pareja continúa desaparecida y nadie ha preguntado por ellos ni han reclamado el auto asegurado por la Fiscalía General del Estado. Una patrulla militar ayudó a Pablo César Ortiz y Cecilia López Ramírez y los llevó a la Cruz Roja para su atención. Se están investigando las placas del auto Tsuru blanco y la documentación encontrada para detectar si tiene reporte de robo. La pareja fue atacada a balazos en pleno centro de Saltillo. Una patrulla militar ayudó a Pablo César Ortiz y Cecilia López Ramírez y los llevó a la Cruz Roja para su atención. Se están investigando las placas del auto Tsuru blanco y la documentación encontrada para detectar si tiene reporte de robo. La pareja fue atacada a balazos en pleno centro de Saltillo. Una patrulla militar ayudó a Pablo César Ortiz y Cecilia López Ramírez y los llevó a la Cruz Roja para su atención. Se están investigando las placas del auto Tsuru blanco y la documentación encontrada para detectar si tiene reporte de robo. La pareja fue atacada a balazos en pleno centro de Saltillo. Una patrulla militar ayudó a Pablo César Ortiz y Cecilia López Ramírez y los llevó a la Cruz Roja para su atención. Se están investigando las placas del auto Tsuru blanco y la documentación encontrada para detectar si tiene reporte de robo. La pareja fue atacada a balazos en pleno centro de Saltillo. Una patrulla militar ayudó a Pablo César Ortiz y Cecilia López Ramírez y los llevó a la Cruz Roja para su atención. Se están investigando las placas del auto Tsuru blanco y la documentación encontrada para detectar si tiene reporte de robo. La pareja fue atacada a balazos en pleno centro de Saltillo. Una patrulla militar ayudó a Pablo César Ortiz y Cecilia López Ramírez y los llevó a la Cruz Roja para su atención. Se están investigando las placas del auto Tsuru blanco y la documentación encontrada para detectar si tiene reporte de robo. La pareja fue atacada a balazos en pleno centro de Saltillo. Una patrulla militar ayudó a Pablo César Ortiz y Cecilia López Ramírez y los llevó a la Cruz Roja para su atención. Se están investigando las placas del auto Tsuru blanco y la documentación encontrada para detectar si tiene reporte de robo. La pareja fue atacada a balaz""}, ""error"": """"}, {""victim_id"": ""Coahuila_Cecilia L R"", ""model"": ""hugging-quants/Meta-Llama-3.1-8B-Instruct-AWQ-INT4"", ""turn_index"": 3, ""task_name"": ""conversation_summary"", ""doc_id"": ""Coahuila_Cecilia L R_4"", ""values"": {""info_found"": ""TRUE"", ""relevant_context"": [""vic_grupo_social"", ""captura_metodo"", ""perp_tipo1"", ""captura_tipo"", ""desenlace_tipo"", ""ubicacion_tipo"", ""desenlace""], ""summary_by_item"": {""vic_grupo_social"": [{""span"": ""Nadie ha preguntado por ellos ni han reclamado el auto asegurado por la Fiscalía General del Estado."", ""doc_id"": ""Coahuila_Cecilia L R_4"", ""offset"": -1}, {""span"": ""La pareja continúa desaparecida"", ""doc_id"": ""Coahuila_Cecilia L R_4"", ""offset"": -1}], ""captura_metodo"": [{""span"": ""una patrulla militar ayudó a Pablo César Ortiz y Cecilia López Ramírez y los llevaron a la Cruz Roja para su atención."", ""doc_id"": ""Coahuila_Cecilia L R_4"", ""offset"": -1}], ""perp_tipo1"": [{""span"": ""desconocidos"", ""doc_id"": ""Coahuila_Cecilia L R_4"", ""offset"": -1}], ""captura_tipo"": [{""span"": ""una patrulla militar ayudó a Pablo César Ortiz y Cecilia López Ramírez y los llevaron a la Cruz Roja para su atención."", ""doc_id"": ""Coahuila_Cecilia L R_4"", ""offset"": -1}], ""desenlace_tipo"": [{""span"": ""se están investigando las placas del auto Tsuru blanco y la documentación encontrada para detectar si tiene reporte de robo."", ""doc_id"": ""Coahuila_Cecilia L R_4"", ""offset"": -1}], ""ubicacion_tipo"": [{""span"": ""pleno centro de Saltillo"", ""doc_id"": ""Coahuila_Cecilia L R_4"", ""offset"": -1}], ""desenlace"": [{""span"": ""se están investigando las placas del auto Tsuru blanco y la documentación encontrada para detectar si tiene reporte de robo."", ""doc_id"": ""Coahuila_Cecilia L R_4"", ""offset"": -1}], ""summary"": [{""span"": ""La pareja desapareció después de ser llevada a la Cruz Roja por una patrulla militar. El fiscal general confirmó que las personas heridas estuvieron en el puesto de socorro, pero se retiraron por sus propios medios. Se están investigando las placas del auto Tsuru blanco y la documentación encontrada para detectar si tiene reporte de robo. La pareja fue atacada a balazos en pleno centro de Saltillo y nadie sabe nada sobre su paradero. La pareja continúa desaparecida y nadie ha preguntado por ellos ni han reclamado el auto asegurado por la Fiscalía General del Estado. Una patrulla militar ayudó a Pablo César Ortiz y Cecilia López Ramírez y los llevó a la Cruz Roja para su atención. Se están investigando las placas del auto Tsuru blanco y la documentación encontrada para detectar si tiene reporte de robo. La pareja fue atacada a balazos en pleno centro de Saltillo. Una patrulla militar ayudó a Pablo César Ortiz y Cecilia López Ramírez y los llevó a la Cruz Roja para su atención. Se están investigando las placas del auto Tsuru blanco y la documentación encontrada para detectar si tiene reporte de robo. La pareja fue atacada a balazos en pleno centro de Saltillo. Una patrulla militar ayudó a Pablo César Ortiz y Cecilia López Ramírez y los llevó a la Cruz Roja para su atención. Se están investigando las placas del auto Tsuru blanco y la documentación encontrada para detectar si tiene reporte de robo. La pareja fue atacada a balazos en pleno centro de Saltillo. Una patrulla militar ayudó a Pablo César Ortiz y Cecilia López Ramírez y los llevó a la Cruz Roja para su atención. Se están investigando las placas del auto Tsuru blanco y la documentación encontrada para detectar si tiene reporte de robo. La pareja fue atacada a balazos en pleno centro de Saltillo. Una patrulla militar ayudó a Pablo César Ortiz y Cecilia López Ramírez y los llevó a la Cruz Roja para su atención. Se están investigando las placas del auto Tsuru blanco y la documentación encontrada para detectar si tiene reporte de robo. La pareja fue atacada a balazos en pleno centro de Saltillo. Una patrulla militar ayudó a Pablo César Ortiz y Cecilia López Ramírez y los llevó a la Cruz Roja para su atención. Se están investigando las placas del auto Tsuru blanco y la documentación encontrada para detectar si tiene reporte de robo. La pareja fue atacada a balazos en pleno centro de Saltillo. Una patrulla militar ayudó a Pablo César Ortiz y Cecilia López Ramírez y los llevó a la Cruz Roja para su atención. Se están investigando las placas del auto Tsuru blanco y la documentación encontrada para detectar si tiene reporte de robo. La pareja fue at"", ""doc_id"": ""Coahuila_Cecilia L R_4"", ""offset"": -1}]}, ""summary"": null}, ""error"": """"}, {""victim_id"": ""Coahuila_Cecilia L R"", ""model"": ""hugging-quants/Meta-Llama-3.1-8B-Instruct-AWQ-INT4"", ""turn_index"": 4, ""task_name"": ""conversation_summary"", ""doc_id"": ""Coahuila_Cecilia L R_5"", ""values"": {""info_found"": ""<TRUE>"", ""relevant_context"": [""desenlace"", ""vic_grupo_social"", ""captura_tipo"", ""desenlace_tipo""], ""summary_by_item"": {""desenlace"": [{""span"": ""Hasta anoche no hubo autoridad que confirmara la detención de la pareja en alguna instalación militar o federal."", ""doc_id"": ""Coahuila_Cecilia L R_5"", ""offset"": 604}], ""vic_grupo_social"": [{""span"": ""de quienes se desconoce su paradero, y que estarín vinculados con el crimen organizado-"", ""doc_id"": ""Coahuila_Cecilia L R_5"", ""offset"": -1}], ""captura_tipo"": [{""span"": ""al parecer por un comando armado a bordo de un vehículo, tras una persecución por el primer cuadro de la ciudad que terminó en la calle de Coss."", ""doc_id"": ""Coahuila_Cecilia L R_5"", ""offset"": 459}], ""desenlace_tipo"": [{""span"": ""la Fiscalía General del Estado mantiene bajo resguardo el vehículo en que viajaban, y que presenta nueve impactos producidos por arma de fuego."", ""doc_id"": ""Coahuila_Cecilia L R_5"", ""offset"": 727}]}, ""summary"": ""La pareja fue detenida por el Ejército luego de una balacera en el Centro de Saltillo. Hasta anoche no hubo confirmación de la detención en alguna instalación militar o federal. La pareja estaba vinculada con el crimen organizado y fue atacada a balazos por un comando armado a bordo de un vehículo. La Fiscalía General del Estado mantiene bajo resguardo el vehículo en que viajaban y que presenta nueve impactos producidos por arma de fuego.""}, ""error"": """"}, {""victim_id"": ""Coahuila_Cecilia L R"", ""model"": ""hugging-quants/Meta-Llama-3.1-8B-Instruct-AWQ-INT4"", ""turn_index"": 5, ""task_name"": ""conversation_summary"", ""doc_id"": ""Coahuila_Cecilia L R_6"", ""values"": {""info_found"": ""TRUE"", ""relevant_context"": [""desenlace"", ""vic_grupo_social"", ""captura_tipo"", ""desenlace_tipo""], ""summary_by_item"": {""desenlace"": [{""span"": ""Hasta anoche no hubo confirmación de la detención en alguna instalación militar o federal."", ""doc_id"": ""Coahuila_Cecilia L R_6"", ""offset"": -1}, {""span"": ""Hasta el cierre de esta edición, no se obtuvo ninguna información relevante sobre el paradero del matrimonio Ortiz López."", ""doc_id"": ""Coahuila_Cecilia L R_6"", ""offset"": 823}], ""vic_grupo_social"": [{""span"": ""de quienes se desconoce su paradero, y que estarín vinculados con el crimen organizado-"", ""doc_id"": ""Coahuila_Cecilia L R_6"", ""offset"": -1}, {""span"": ""de quienes se desconoce su paradero, y que estarín vinculados con el crimen organizado-"", ""doc_id"": ""Coahuila_Cecilia L R_6"", ""offset"": -1}], ""captura_tipo"": [{""span"": ""al parecer por un comando armado a bordo de un vehículo, tras una persecución por el primer cuadro de la ciudad que terminó en la calle de Coss."", ""doc_id"": ""Coahuila_Cecilia L R_6"", ""offset"": -1}, {""span"": ""al parecer por un comando armado a bordo de un vehículo, tras una persecución por el primer cuadro de la ciudad que terminó en la calle de Coss."", ""doc_id"": ""Coahuila_Cecilia L R_6"", ""offset"": -1}], ""desenlace_tipo"": [{""span"": ""la Fiscalía General del Estado mantiene bajo resguardo el vehículo en que viajaban, y que presenta nueve impactos producidos por arma de fuego."", ""doc_id"": ""Coahuila_Cecilia L R_6"", ""offset"": -1}, {""span"": ""la Fiscalía General del Estado mantiene bajo resguardo el vehículo en que viajaban, y que presenta nueve impactos producidos por arma de fuego."", ""doc_id"": ""Coahuila_Cecilia L R_6"", ""offset"": -1}]}, ""summary"": ""La pareja sigue desaparecida después de ser baleada en el Centro de Saltillo. La Fiscalía General del Estado mantiene bajo resguardo el vehículo en que viajaban y que presenta nueve impactos producidos por arma de fuego. La pareja estaba vinculada con el crimen organizado y fue atacada a balazos por un comando armado a bordo de un vehículo.""}, ""error"": """"}, {""victim_id"": ""Coahuila_Cecilia L R"", ""model"": ""hugging-quants/Meta-Llama-3.1-8B-Instruct-AWQ-INT4"", ""turn_index"": 6, ""task_name"": ""conversation_summary"", ""doc_id"": ""Coahuila_Cecilia L R_7"", ""values"": {""info_found"": ""TRUE"", ""relevant_context"": [""desenlace"", ""vic_grupo_social"", ""captura_tipo"", ""desenlace_tipo""], ""summary_by_item"": {""desenlace"": [{""span"": ""La Fiscalía General del Estado mantiene bajo resguardo el vehículo en que viajaban y que presenta nueve impactos producidos por arma de fuego."", ""doc_id"": ""Coahuila_Cecilia L R_7"", ""offset"": -1}, {""span"": ""la Fiscalía General del Estado mantiene bajo resguardo el vehículo en que viajaban, y que presenta nueve impactos producidos por arma de fuego."", ""doc_id"": ""Coahuila_Cecilia L R_7"", ""offset"": -1}], ""vic_grupo_social"": [{""span"": ""La pareja estaba vinculada con el crimen organizado y fue atacada a balazos por un comando armado a bordo de un vehículo."", ""doc_id"": ""Coahuila_Cecilia L R_7"", ""offset"": -1}, {""span"": ""de quienes se desconoce su paradero, y que estarín vinculados con el crimen organizado-"", ""doc_id"": ""Coahuila_Cecilia L R_7"", ""offset"": -1}], ""captura_tipo"": [{""span"": ""al parecer por un comando armado a bordo de un vehículo, tras una persecución por el primer cuadro de la ciudad que terminó en la calle de Coss."", ""doc_id"": ""Coahuila_Cecilia L R_7"", ""offset"": -1}, {""span"": ""al parecer por un comando armado a bordo de un vehículo, tras una persecución por el primer cuadro de la ciudad que terminó en la calle de Coss."", ""doc_id"": ""Coahuila_Cecilia L R_7"", ""offset"": -1}], ""desenlace_tipo"": [{""span"": ""la Fiscalía General del Estado mantiene bajo resguardo el vehículo en que viajaban, y que presenta nueve impactos producidos por arma de fuego."", ""doc_id"": ""Coahuila_Cecilia L R_7"", ""offset"": -1}, {""span"": ""la Fiscalía General del Estado mantiene bajo resguardo el vehículo en que viajaban, y que presenta nueve impactos producidos por arma de fuego."", ""doc_id"": ""Coahuila_Cecilia L R_7"", ""offset"": -1}]}, ""summary"": ""La pareja sigue desaparecida después de ser baleada en el Centro de Saltillo. La Fiscalía General del Estado mantiene bajo resguardo el vehículo en que viajaban y que presenta nueve impactos producidos por arma de fuego. La pareja estaba vinculada con el crimen organizado y fue atacada a balazos por un comando armado a bordo de un vehículo.""}, ""error"": """"}, {""victim_id"": ""Coahuila_Cecilia L R"", ""model"": ""hugging-quants/Meta-Llama-3.1-8B-Instruct-AWQ-INT4"", ""turn_index"": 7, ""task_name"": ""conversation_summary"", ""doc_id"": ""Coahuila_Cecilia L R_9"", ""values"": {""info_found"": ""TRUE"", ""relevant_context"": [""vic_grupo_social"", ""captura_tipo"", ""desenlace_tipo"", ""desenlace""], ""summary_by_item"": {""vic_grupo_social"": [{""span"": ""La pareja estaba vinculada con el crimen organizado y fue atacada a balazos por un comando armado a bordo de un vehículo."", ""doc_id"": ""Coahuila_Cecilia L R_9"", ""offset"": -1}, {""span"": ""de quienes se desconoce su paradero, y que estarín vinculados con el crimen organizado-"", ""doc_id"": ""Coahuila_Cecilia L R_9"", ""offset"": -1}], ""captura_tipo"": [{""span"": ""al parecer por un comando armado a bordo de un vehículo, tras una persecución por el primer cuadro de la ciudad que terminó en la calle de Coss."", ""doc_id"": ""Coahuila_Cecilia L R_9"", ""offset"": -1}, {""span"": ""al parecer por un comando armado a bordo de un vehículo, tras una persecución por el primer cuadro de la ciudad que terminó en la calle de Coss."", ""doc_id"": ""Coahuila_Cecilia L R_9"", ""offset"": -1}], ""desenlace_tipo"": [{""span"": ""la Fiscalía General del Estado mantiene bajo resguardo el vehículo en que viajaban, y que presenta nueve impactos producidos por arma de fuego."", ""doc_id"": ""Coahuila_Cecilia L R_9"", ""offset"": -1}, {""span"": ""la Fiscalía General del Estado mantiene bajo resguardo el vehículo en que viajaban, y que presenta nueve impactos producidos por arma de fuego."", ""doc_id"": ""Coahuila_Cecilia L R_9"", ""offset"": -1}], ""desenlace"": [{""span"": ""La Fiscalía General del Estado mantiene bajo resguardo el vehículo en que viajaban y que presenta nueve impactos producidos por arma de fuego."", ""doc_id"": ""Coahuila_Cecilia L R_9"", ""offset"": -1}, {""span"": ""la Fiscalía General del Estado mantiene bajo resguardo el vehículo en que viajaban, y que presenta nueve impactos producidos por arma de fuego."", ""doc_id"": ""Coahuila_Cecilia L R_9"", ""offset"": -1}]}, ""summary"": ""La pareja sigue desaparecida después de ser baleada en el Centro de Saltillo. La Fiscalía General del Estado mantiene bajo resguardo el vehículo en que viajaban y que presenta nueve impactos producidos por arma de fuego. La pareja estaba vinculada con el crimen organizado y fue atacada a balazos por un comando armado a bordo de un vehículo.""}, ""error"": """"}]"
Coahuila_Erika Victoria P C,hugging-quants/Meta-Llama-3.1-8B-Instruct-AWQ-INT4,9,"[{""victim_id"": ""Coahuila_Erika Victoria P C"", ""model"": ""hugging-quants/Meta-Llama-3.1-8B-Instruct-AWQ-INT4"", ""turn_index"": 0, ""task_name"": ""conversation_summary"", ""doc_id"": ""Coahuila_Erika Victoria P C_1"", ""values"": {""info_found"": ""TRUE"", ""relevant_context"": [""desenlace"", ""vic_grupo_social"", ""captura_tipo""], ""summary_by_item"": {""desenlace"": [{""span"": ""El cuerpo de mujer encontrado en Torreón corresponde a joven desaparecida Erika Victoria Prone Ceniceros Desapareció en Torreón, Coahuila Informes: CELS: 58712746995/871174226 Alal La La A a La Va La La Alam eda La heda eda 1 of 4 7/14/2019, 7:23 PM El cuerpo de mujer encontrado en Torreón corresponde a joven desaparecida heda amec 2 of 4 7/14/2019, 7:23 PM El cuerpo de mujer encontrado en Torreón corresponde a joven desaparecida 0 comentarios Ordenar por 0 comentarios Ordenar por Plugin de comentarios de Facebook Lo más reciente 3 of 4 7/14/2019, 7:23 PM"", ""doc_id"": ""Coahuila_Erika Victoria P C_1"", ""offset"": -1}], ""vic_grupo_social"": [{""span"": ""El cuerpo de mujer encontrado en Torreón corresponde a joven desaparecida Erika Victoria Prone Ceniceros"", ""doc_id"": ""Coahuila_Erika Victoria P C_1"", ""offset"": -1}], ""captura_tipo"": [{""span"": ""El cuerpo de mujer encontrado en Torreón corresponde a joven desaparecida heda amec"", ""doc_id"": ""Coahuila_Erika Victoria P C_1"", ""offset"": -1}]}, ""summary"": ""El cuerpo de mujer encontrado en Torreón corresponde a joven desaparecida Erika Victoria Prone Ceniceros. La víctima era una mujer que desapareció en Torreón, Coahuila. El cuerpo fue encontrado en Torreón y corresponde a la joven desaparecida. No hay información adicional sobre el caso.""}, ""error"": """"}, {""victim_id"": ""Coahuila_Erika Victoria P C"", ""model"": ""hugging-quants/Meta-Llama-3.1-8B-Instruct-AWQ-INT4"", ""turn_index"": 1, ""task_name"": ""conversation_summary"", ""doc_id"": ""Coahuila_Erika Victoria P C_2"", ""values"": {""info_found"": ""TRUE"", ""relevant_context"": [""desenlace"", ""vic_grupo_social"", ""captura_tipo""], ""summary_by_item"": {""desenlace"": [{""span"": ""El cuerpo de mujer encontrado en Torreón corresponde a joven desaparecida Erika Victoria Prone Ceniceros Desapareció en Torreón, Coahuila Informes: CELS: 58712746995/871174226 Alal La La A a La Va La La Alam eda La heda eda 1 of 4 7/14/2019, 7:23 PM El cuerpo de mujer encontrado en Torreón corresponde a joven desaparecida heda amec 2 of 4 7/14/2019, 7:23 PM El cuerpo de mujer encontrado en Torreón corresponde a joven desaparecida 0 comentarios Ordenar por 0 comentarios Ordenar por Plugin de comentarios de Facebook Lo más reciente 3 of 4 7/14/2019, 7:23 PM"", ""doc_id"": ""Coahuila_Erika Victoria P C_2"", ""offset"": -1}, {""span"": ""El cuerpo de mujer encontrado en Torreón corresponde a joven desaparecida Erika Victoria Prone Ceniceros"", ""doc_id"": ""Coahuila_Erika Victoria P C_2"", ""offset"": -1}], ""vic_grupo_social"": [{""span"": ""El cuerpo de mujer encontrado en Torreón corresponde a joven desaparecida Erika Victoria Prone Ceniceros"", ""doc_id"": ""Coahuila_Erika Victoria P C_2"", ""offset"": -1}, {""span"": ""La víctima era una mujer que desapareció en Torreón, Coahuila"", ""doc_id"": ""Coahuila_Erika Victoria P C_2"", ""offset"": -1}], ""captura_tipo"": [{""span"": ""El cuerpo de mujer encontrado en Torreón corresponde a joven desaparecida heda amec"", ""doc_id"": ""Coahuila_Erika Victoria P C_2"", ""offset"": -1}, {""span"": ""El cuerpo fue encontrado en Torreón y corresponde a la joven desaparecida"", ""doc_id"": ""Coahuila_Erika Victoria P C_2"", ""offset"": -1}]}, ""summary"": ""El cuerpo de mujer encontrado en Torreón corresponde a joven desaparecida Erika Victoria Prone Ceniceros. La víctima era una mujer que desapareció en Torreón, Coahuila. El cuerpo fue encontrado en Torreón y corresponde a la joven desaparecida. No hay información adicional sobre el caso.""}, ""error"": """"}, {""victim_id"": ""Coahuila_Erika Victoria P C"", ""model"": ""hugging-quants/Meta-Llama-3.1-8B-Instruct-AWQ-INT4"", ""turn_index"": 2, ""task_name"": ""conversation_summary"", ""doc_id"": ""Coahuila_Erika Victoria P C_3"", ""values"": {""info_found"": ""TRUE"", ""relevant_context"": [""desenlace"", ""vic_grupo_social"", ""captura_tipo""], ""summary_by_item"": {""desenlace"": [{""span"": ""El cuerpo de mujer encontrado en Torreón corresponde a joven desaparecida Erika Victoria Prone Ceniceros Desapareció en Torreón, Coahuila Informes: CELS: 58712746995/871174226 Alal La La A a La Va La La Alam eda La heda eda 1 of 4 7/14/2019, 7:23 PM El cuerpo de mujer encontrado en Torreón corresponde a joven desaparecida heda amec 2 of 4 7/14/2019, 7:23 PM El cuerpo de mujer encontrado en Torreón corresponde a joven desaparecida 0 comentarios Ordenar por 0 comentarios Ordenar por Plugin de comentarios de Facebook Lo más reciente 3 of 4 7/14/2019, 7:23 PM"", ""doc_id"": ""Coahuila_Erika Victoria P C_3"", ""offset"": -1}], ""vic_grupo_social"": [{""span"": ""La víctima era una mujer que desapareció en Torreón, Coahuila"", ""doc_id"": ""Coahuila_Erika Victoria P C_3"", ""offset"": -1}, {""span"": ""La víctima era una mujer que desapareció en Torreón, Coahuila"", ""doc_id"": ""Coahuila_Erika Victoria P C_3"", ""offset"": -1}], ""captura_tipo"": [{""span"": ""El cuerpo fue encontrado en Torreón y corresponde a la joven desaparecida"", ""doc_id"": ""Coahuila_Erika Victoria P C_3"", ""offset"": -1}, {""span"": ""El cuerpo fue encontrado en Torreón y corresponde a la joven desaparecida"", ""doc_id"": ""Coahuila_Erika Victoria P C_3"", ""offset"": -1}]}, ""summary"": ""El cuerpo de mujer encontrado en Torreón corresponde a joven desaparecida Erika Victoria Prone Ceniceros. La víctima era una mujer que desapareció en Torreón, Coahuila. El cuerpo fue encontrado en Torreón y corresponde a la joven desaparecida. No hay información adicional sobre el caso.""}, ""error"": """"}, {""victim_id"": ""Coahuila_Erika Victoria P C"", ""model"": ""hugging-quants/Meta-Llama-3.1-8B-Instruct-AWQ-INT4"", ""turn_index"": 3, ""task_name"": ""conversation_summary"", ""doc_id"": ""Coahuila_Erika Victoria P C_4"", ""values"": {""info_found"": ""TRUE"", ""relevant_context"": [""vic_grupo_social"", ""captura_tipo"", ""desenlace""], ""summary_by_item"": {""vic_grupo_social"": [{""span"": ""La víctima era una mujer que desapareció en Torreón, Coahuila"", ""doc_id"": ""Coahuila_Erika Victoria P C_4"", ""offset"": -1}, {""span"": ""Erika o 'Güera' como la recuerdan sus amigas, era una persona alegre, delgada, pues solo pesaba 46 kilos, medía 1.66 metros y en su espalda llevaba un tatuaje de un hada sentada en la luna"", ""doc_id"": ""Coahuila_Erika Victoria P C_4"", ""offset"": 930}], ""captura_tipo"": [{""span"": ""El cuerpo fue encontrado en Torreón y corresponde a la joven desaparecida"", ""doc_id"": ""Coahuila_Erika Victoria P C_4"", ""offset"": -1}, {""span"": ""El cuerpo hallado enterrado en una casa de Torreón podría ser el de Érika Prone"", ""doc_id"": ""Coahuila_Erika Victoria P C_4"", ""offset"": 77}], ""desenlace"": [{""span"": ""El cuerpo de mujer encontrado en Torreón corresponde a joven desaparecida Erika Victoria Prone Ceniceros Desapareció en Torreón, Coahuila Informes: CELS: 58712746995/871174226 Alal La La A a La Va La La Alam eda La heda eda 1 of 4 7/14/2019, 7:23 PM El cuerpo de mujer encontrado en Torreón corresponde a joven desaparecida heda amec 2 of 4 7/14/2019, 7:23 PM El cuerpo de mujer encontrado en Torreón corresponde a joven desaparecida 0 comentarios Ordenar por 0 comentarios Ordenar por Plugin de comentarios de Facebook Lo más reciente 3 of 4 7/14/2019, 7:23 PM"", ""doc_id"": ""Coahuila_Erika Victoria P C_4"", ""offset"": -1}, {""span"": ""La tarde del martes, el caso volvió a sonar, un grupo de albañiles que trabajaba en la remodelación de la casa marcada con el número 531 de la calle Paseo del Ciclón, en la colonia Ampliación La Rosita, encontró un cuerpo humano mientras retiraba una loza de concreto del patio de la casa"", ""doc_id"": ""Coahuila_Erika Victoria P C_4"", ""offset"": 1876}]}, ""summary"": ""El cuerpo de mujer encontrado en Torreón corresponde a joven desaparecida Erika Victoria Prone Ceniceros. La víctima era una mujer que desapareció en Torreón, Coahuila. El cuerpo fue encontrado en Torreón y corresponde a la joven desaparecida. La víctima era una mujer que desapareció en Torreón, Coahuila. Erika o 'Güera' como la recuerdan sus amigas, era una persona alegre, delgada, pues solo pesaba 46 kilos, medía 1.66 metros y en su espalda llevaba un tatuaje de un hada sentada en la luna. El cuerpo hallado enterrado en una casa de Torreón podría ser el de Érika Prone. El cuerpo fue encontrado en Torreón y corresponde a la joven desaparecida. La tarde del martes, el caso volvió a sonar, un grupo de albañiles que trabajaba en la remodelación de la casa marcada con el número 531 de la calle Paseo del Ciclón, en la colonia Ampliación La Rosita, encontró un cuerpo humano mientras retiraba una loza de concreto del patio de la casa. No hay información adicional sobre el caso.""}, ""error"": """"}, {""victim_id"": ""Coahuila_Erika Victoria P C"", ""model"": ""hugging-quants/Meta-Llama-3.1-8B-Instruct-AWQ-INT4"", ""turn_index"": 4, ""task_name"": ""conversation_summary"", ""doc_id"": ""Coahuila_Erika Victoria P C_5"", ""values"": {""info_found"": ""TRUE"", ""relevant_context"": [""vic_grupo_social"", ""captura_tipo"", ""desenlace""], ""summary_by_item"": {""vic_grupo_social"": [{""span"": ""La víctima era una mujer que desapareció en Torreón, Coahuila"", ""doc_id"": ""Coahuila_Erika Victoria P C_5"", ""offset"": -1}, {""span"": ""Erika o 'Güera' como la recuerdan sus amigas, era una persona alegre, delgada, pues solo pesaba 46 kilos, medía 1.66 metros y en su espalda llevaba un tatuaje de un hada sentada en la luna"", ""doc_id"": ""Coahuila_Erika Victoria P C_5"", ""offset"": -1}], ""captura_tipo"": [{""span"": ""El cuerpo fue encontrado en Torreón y corresponde a la joven desaparecida"", ""doc_id"": ""Coahuila_Erika Victoria P C_5"", ""offset"": -1}, {""span"": ""El cuerpo hallado enterrado en una casa de Torreón podría ser el de Érika Prone"", ""doc_id"": ""Coahuila_Erika Victoria P C_5"", ""offset"": -1}], ""desenlace"": [{""span"": ""El cuerpo de mujer encontrado en Torreón corresponde a joven desaparecida Erika Victoria Prone Ceniceros Desapareció en Torreón, Coahuila Informes: CELS: 58712746995/871174226 Alal La La A a La Va La La Alam eda La heda eda 1 of 4 7/14/2019, 7:23 PM El cuerpo de mujer encontrado en Torreón corresponde a joven desaparecida heda amec 2 of 4 7/14/2019, 7:23 PM El cuerpo de mujer encontrado en Torreón corresponde a joven desaparecida 0 comentarios Ordenar por 0 comentarios Ordenar por Plugin de comentarios de Facebook Lo más reciente 3 of 4 7/14/2019, 7:23 PM"", ""doc_id"": ""Coahuila_Erika Victoria P C_5"", ""offset"": -1}, {""span"": ""La tarde del martes, el caso volvió a sonar, un grupo de albañiles que trabajaba en la remodelación de la casa marcada con el número 531 de la calle Paseo del Ciclón, en la colonia Ampliación La Rosita, encontró un cuerpo humano mientras retiraba una loza de concreto del patio de la casa"", ""doc_id"": ""Coahuila_Erika Victoria P C_5"", ""offset"": -1}], ""summary"": """"}, ""summary"": null}, ""error"": """"}, {""victim_id"": ""Coahuila_Erika Victoria P C"", ""model"": ""hugging-quants/Meta-Llama-3.1-8B-Instruct-AWQ-INT4"", ""turn_index"": 5, ""task_name"": ""conversation_summary"", ""doc_id"": ""Coahuila_Erika Victoria P C_6"", ""values"": {""info_found"": ""TRUE"", ""relevant_context"": [""desenlace"", ""vic_grupo_social"", ""captura_tipo"", ""desenlace_tipo""], ""summary_by_item"": {""desenlace"": [{""span"": ""La confirmación de que el cuerpo encontrado en una finca de la colonia Ampliación La Rosita en el mes de mayo pertenece a la joven Érika Victoria Prone Ceniceros, desaparecida en el 2012, llena de dolor a los padres de Stephanie Sánchez Viesca "", ""doc_id"": ""Coahuila_Erika Victoria P C_6"", ""offset"": 104}], "" "": [{""span"": ""La confirmación de que el cuerpo encontrado en una finca de la colonia Ampliación La Rosita en el mes de mayo pertenece a la joven Érika Victoria Prone Ceniceros, desaparecida en el 2012, llena de dolor a los pad"", ""doc_id"": ""Coahuila_Erika Victoria P C_6"", ""offset"": 104}]}, ""summary"": null}, ""error"": """"}, {""victim_id"": ""Coahuila_Erika Victoria P C"", ""model"": ""hugging-quants/Meta-Llama-3.1-8B-Instruct-AWQ-INT4"", ""turn_index"": 6, ""task_name"": ""conversation_summary"", ""doc_id"": ""Coahuila_Erika Victoria P C_7"", ""values"": {""info_found"": ""TRUE"", ""relevant_context"": [""desenlace"", ""vic_grupo_social"", ""captura_tipo""], ""summary_by_item"": {""desenlace"": [{""span"": ""Después de más de cinco años desaparecida encuentran su cuerpo en T"", ""doc_id"": ""Coahuila_Erika Victoria P C_7"", ""offset"": 0}], ""vic_grupo_social"": [{""span"": ""La Al La Al a Ald La L La A a La 0 L da Da eda Alam Alal La La eda neda med heda med 1 of 4 7/14/2019, 7:31 PM"", ""doc_id"": ""Coahuila_Erika Victoria P C_7"", ""offset"": 170}], ""captura_tipo"": [{""span"": ""Después de más de cinco años desaparecida encuentran su cuerpo en T NOTICIAS COAHUILA OPINIÓN DINERO DEPORTES SHOW TECH VIDA MOTOR 2 of 4 7/14/2019, 7:31 PM"", ""doc_id"": ""Coahuila_Erika Victoria P C_7"", ""offset"": 281}]}, ""summary"": ""Después de más de cinco años desaparecida, se encuentra el cuerpo en Torreón, Coahuila. La víctima era miembro de un grupo social distinto. El tipo de lugar donde se encontró el cuerpo es NOTICIAS COAHUILA OPINIÓN DINERO DEPORTES SHOW TECH VIDA MOTOR.""}, ""error"": """"}, {""victim_id"": ""Coahuila_Erika Victoria P C"", ""model"": ""hugging-quants/Meta-Llama-3.1-8B-Instruct-AWQ-INT4"", ""turn_index"": 7, ""task_name"": ""conversation_summary"", ""doc_id"": ""Coahuila_Erika Victoria P C_8"", ""values"": {""info_found"": ""TRUE"", ""relevant_context"": [""desenlace"", ""vic_grupo_social"", ""captura_tipo""], ""summary_by_item"": {""desenlace"": [{""span"": ""Después de más de cinco años desaparecida, se encuentra el cuerpo en Torreón, Coahuila. La víctima era miembro de un grupo social distinto. El tipo de lugar donde se encontró el cuerpo es NOTICIAS COAHUILA OPINIÓN DINERO DEPORTES SHOW TECH VIDA MOTOR."", ""doc_id"": ""Coahuila_Erika Victoria P C_8"", ""offset"": -1}, {""span"": ""La búsqueda de Fanny Sánchez Viesca, que desapareció el 5 de noviembre de 2004, sigue sin resolver."", ""doc_id"": ""Coahuila_Erika Victoria P C_8"", ""offset"": -1}], ""vic_grupo_social"": [{""span"": ""La víctima era miembro de un grupo social distinto."", ""doc_id"": ""Coahuila_Erika Victoria P C_8"", ""offset"": -1}, {""span"": ""Fanny Sánchez Viesca era estudiante de preparatoria en el Colegio Español."", ""doc_id"": ""Coahuila_Erika Victoria P C_8"", ""offset"": -1}], ""captura_tipo"": [{""span"": ""El tipo de lugar donde se encontró el cuerpo es NOTICIAS COAHUILA OPINIÓN DINERO DEPORTES SHOW TECH VIDA MOTOR."", ""doc_id"": ""Coahuila_Erika Victoria P C_8"", ""offset"": -1}, {""span"": ""La finca donde se encontró el cuerpo es propiedad de una familia que no tiene recursos para pagar los daños causados por la búsqueda."", ""doc_id"": ""Coahuila_Erika Victoria P C_8"", ""offset"": -1}]}, ""summary"": ""Después de más de cinco años desaparecida, se encuentra el cuerpo en Torreón, Coahuila. La víctima era miembro de un grupo social distinto. El tipo de lugar donde se encontró el cuerpo es NOTICIAS COAHUILA OPINIÓN DINERO DEPORTES SHOW TECH VIDA MOTOR. La búsqueda de Fanny Sánchez Viesca, que desapareció el 5 de noviembre de 2004, sigue sin resolver. La víctima era miembro de un grupo social distinto. Fanny Sánchez Viesca era estudiante de preparatoria en el Colegio Español. El tipo de lugar donde se encontró el cuerpo es NOTICIAS COAHUILA OPINIÓN DINERO DEPORTES SHOW TECH VIDA MOTOR. La finca donde se encontró el cuerpo es propiedad de una familia que no tiene recursos para pagar los daños causados por la búsqueda.""}, ""error"": """"}, {""victim_id"": ""Coahuila_Erika Victoria P C"", ""model"": ""hugging-quants/Meta-Llama-3.1-8B-Instruct-AWQ-INT4"", ""turn_index"": 8, ""task_name"": ""conversation_summary"", ""doc_id"": ""Coahuila_Erika Victoria P C_9"", ""values"": {""info_found"": ""TRUE"", ""relevant_context"": [""desenlace"", ""vic_grupo_social"", ""captura_tipo""], ""summary_by_item"": {""desenlace"": [{""span"": ""Después de más de cinco años desaparecida, se encuentra el cuerpo en Torreón, Coahuila. La víctima era miembro de un grupo social distinto. El tipo de lugar donde se encontró el cuerpo es NOTICIAS COAHUILA OPINIÓN DINERO DEPORTES SHOW TECH VIDA MOTOR."", ""doc_id"": ""Coahuila_Erika Victoria P C_9"", ""offset"": -1}, {""span"": ""La búsqueda de Fanny Sánchez Viesca, que desapareció el 5 de noviembre de 2004, sigue sin resolver."", ""doc_id"": ""Coahuila_Erika Victoria P C_9"", ""offset"": -1}], ""vic_grupo_social"": [{""span"": ""La víctima era miembro de un grupo social distinto."", ""doc_id"": ""Coahuila_Erika Victoria P C_9"", ""offset"": -1}, {""span"": ""Fanny Sánchez Viesca era estudiante de preparatoria en el Colegio Español."", ""doc_id"": ""Coahuila_Erika Victoria P C_9"", ""offset"": -1}], ""captura_tipo"": [{""span"": ""El tipo de lugar donde se encontró el cuerpo es NOTICIAS COAHUILA OPINIÓN DINERO DEPORTES SHOW TECH VIDA MOTOR."", ""doc_id"": ""Coahuila_Erika Victoria P C_9"", ""offset"": -1}, {""span"": ""La finca donde se encontró el cuerpo es propiedad de una familia que no tiene recursos para pagar los daños causados por la búsqueda."", ""doc_id"": ""Coahuila_Erika Victoria P C_9"", ""offset"": -1}]}, ""summary"": ""Después de más de cinco años desaparecida, se encuentra el cuerpo en Torreón, Coahuila. La víctima era miembro de un grupo social distinto. El tipo de lugar donde se encontró el cuerpo es NOTICIAS COAHUILA OPINIÓN DINERO DEPORTES SHOW TECH VIDA MOTOR. La búsqueda de Fanny Sánchez Viesca, que desapareció el 5 de noviembre de 2004, sigue sin resolver. La víctima era miembro de un grupo social distinto. Fanny Sánchez Viesca era estudiante de preparatoria en el Colegio Español. El tipo de lugar donde se encontró el cuerpo es NOTICIAS COAHUILA OPINIÓN DINERO DEPORTES SHOW TECH VIDA MOTOR. La finca donde se encontró el cuerpo es propiedad de una familia que no tiene recursos para pagar los daños causados por la búsqueda.""}, ""error"": """"}]"
Coahuila_Hector R O,hugging-quants/Meta-Llama-3.1-8B-Instruct-AWQ-INT4,12,"[{""victim_id"": ""Coahuila_Hector R O"", ""model"": ""hugging-quants/Meta-Llama-3.1-8B-Instruct-AWQ-INT4"", ""turn_index"": 0, ""task_name"": ""conversation_summary"", ""doc_id"": ""Coahuila_Hector R O_10"", ""values"": {""info_found"": ""TRUE"", ""relevant_context"": [""desenlace"", ""vic_grupo_social"", ""captura_tipo""], ""summary_by_item"": {""desenlace"": [{""span"": ""El acuerdo A/084/13 publicado este lunes en el Diario Oficial, precisa que la recompensa será hasta de un millón 500 mil pesos para quien dé datos útiles que ayuden a la ubicación oportuna y efectiva de Rangel Ortiz, quien salió acompañado de otras personas el 10 de noviembre de 2009, rumbo a Monclova, Coahuila. Además, se dará la misma cantidad por la identificación y localización que ayude a la detención o aprehensión de los probables responsables del delito de privación ilegal de la libertad, en su modalidad de secuestro y lo que resulte en agravio de la víctima."", ""doc_id"": ""Coahuila_Hector R O_10"", ""offset"": 370}], ""vic_grupo_social"": [{""span"": ""El acuerdo A/084/13 publicado este lunes en el Diario Oficial, precisa que la recompensa será hasta de un millón 500 mil pesos para quien dé datos útiles que ayuden a la ubicación oportuna y efectiva de Rangel Ortiz, quien salió acompañado de otras personas el 10 de noviembre de 2009, rumbo a Monclova, Coahuila."", ""doc_id"": ""Coahuila_Hector R O_10"", ""offset"": 370}], ""captura_tipo"": [{""span"": ""rumbo a Monclova, Coahuila"", ""doc_id"": ""Coahuila_Hector R O_10"", ""offset"": 656}]}, ""summary"": ""La Procuraduría General de la República (PGR) ofrece una recompensa de más de un millón de pesos a quien proporcione información veraz para localizar a Héctor Rangel Ortíz, así como por la identificación de los responsables de su desaparición. El acuerdo A/084/13 publicado este lunes en el Diario Oficial, precisa que la recompensa será hasta de un millón 500 mil pesos para quien dé datos útiles que ayuden a la ubicación oportuna y efectiva de Rangel Ortiz, quien salió acompañado de otras personas el 10 de noviembre de 2009, rumbo a Monclova, Coahuila. Además, se dará la misma cantidad por la identificación y localización que ayude a la detención o aprehensión de los probables responsables del delito de privación ilegal de la libertad, en su modalidad de secuestro y lo que resulte en agravio de la víctima. La información que aporten los particulares sobre esos hechos, será recibida en la oficinas de la PGR ubicadas en Paseo de la Reforma 75, primer piso, colonia Guerrero, delegación Cuauhtémoc; y en la dirección de correo electrónico: denunciapgr@pgr.gob.mx. Así como en los números telefónicos (55) 53-46-15-44 y (55) 53-46-00-00, extensión 4748, en la ciudad de México y 01-800-831-31-96 desde cualquier parte del país.""}, ""error"": """"}, {""victim_id"": ""Coahuila_Hector R O"", ""model"": ""hugging-quants/Meta-Llama-3.1-8B-Instruct-AWQ-INT4"", ""turn_index"": 1, ""task_name"": ""conversation_summary"", ""doc_id"": ""Coahuila_Hector R O_11"", ""values"": {""info_found"": ""TRUE"", ""relevant_context"": [""desenlace"", ""vic_grupo_social"", ""captura_tipo""], ""summary_by_item"": {""desenlace"": [{""span"": ""El acuerdo A/084/13 publicado este lunes en el Diario Oficial, precisa que la recompensa será hasta de un millón 500 mil pesos para quien dé datos útiles que ayuden a la ubicación oportuna y efectiva de Rangel Ortiz, quien salió acompañado de otras personas el 10 de noviembre de 2009, rumbo a Monclova, Coahuila. Además, se dará la misma cantidad por la identificación y localización que ayude a la detención o aprehensión de los probables responsables del delito de privación ilegal de la libertad, en su modalidad de secuestro y lo que resulte en agravio de la víctima."", ""doc_id"": ""Coahuila_Hector R O_11"", ""offset"": -1}, {""span"": ""El acuerdo A/084/13 publicado este lunes en el Diario Oficial, precisa que la recompensa será hasta de un millón 500 mil pesos para quien dé datos útiles que ayuden a la ubicación oportuna y efectiva de Rangel Ortiz, quien salió acompañado de otras personas el 10 de noviembre de 2009, rumbo a Monclova, Coahuila."", ""doc_id"": ""Coahuila_Hector R O_11"", ""offset"": -1}, {""span"": ""rumbo a Monclova, Coahuila"", ""doc_id"": ""Coahuila_Hector R O_11"", ""offset"": -1}], ""vic_grupo_social"": [{""span"": ""El acuerdo A/084/13 publicado este lunes en el Diario Oficial, precisa que la recompensa será hasta de un millón 500 mil pesos para quien dé datos útiles que ayuden a la ubicación oportuna y efectiva de Rangel Ortiz, quien salió acompañado de otras personas el 10 de noviembre de 2009, rumbo a Monclova, Coahuila."", ""doc_id"": ""Coahuila_Hector R O_11"", ""offset"": -1}, {""span"": ""El acuerdo A/084/13 publicado este lunes en el Diario Oficial, precisa que la recompensa será hasta de un millón 500 mil pesos para quien dé datos útiles que ayuden a la ubicación oportuna y efectiva de Rangel Ortiz, quien salió acompañado de otras personas el 10 de noviembre de 2009, rumbo a Monclova, Coahuila."", ""doc_id"": ""Coahuila_Hector R O_11"", ""offset"": -1}], ""captura_tipo"": [{""span"": ""rumbo a Monclova, Coahuila"", ""doc_id"": ""Coahuila_Hector R O_11"", ""offset"": -1}, {""span"": ""rumbo a Monclova, Coahuila"", ""doc_id"": ""Coahuila_Hector R O_11"", ""offset"": -1}]}, ""summary"": ""La Procuraduría General de la República (PGR) ofrece una recompensa de más de un millón de pesos a quien proporcione información veraz para localizar a Héctor Rangel Ortíz, así como por la identificación de los responsables de su desaparición. El acuerdo A/084/13 publicado este lunes en el Diario Oficial, precisa que la recompensa será hasta de un millón 500 mil pesos para quien dé datos útiles que ayuden a la ubicación oportuna y efectiva de Rangel Ortiz, quien salió acompañado de otras personas el 10 de noviembre de 2009, rumbo a Monclova, Coahuila. Además, se dará la misma cantidad por la identificación y localización que ayude a la detención o aprehensión de los probables responsables del delito de privación ilegal de la libertad, en su modalidad de secuestro y lo que resulte en agravio de la víctima. La información que aporten los particulares sobre esos hechos, será recibida en la oficinas de la PGR ubicadas en Paseo de la Reforma 75, primer piso, colonia Guerrero, delegación Cuauhtémoc; y en la dirección de correo electrónico: denunciapgr@pgr.gob.mx. Así como en los números telefónicos (55) 53-46-15-44 y (55) 53-46-00-00, extensión 4748, en la ciudad de México y 01-800-831-31-96 desde cualquier parte del país.""}, ""error"": """"}, {""victim_id"": ""Coahuila_Hector R O"", ""model"": ""hugging-quants/Meta-Llama-3.1-8B-Instruct-AWQ-INT4"", ""turn_index"": 2, ""task_name"": ""conversation_summary"", ""doc_id"": ""Coahuila_Hector R O_12"", ""values"": {""info_found"": ""TRUE"", ""relevant_context"": [""desenlace"", ""vic_grupo_social"", ""captura_tipo""], ""summary_by_item"": {""desenlace"": [{""span"": ""El acuerdo A/084/13 publicado este lunes en el Diario Oficial, precisa que la recompensa será hasta de un millón 500 mil pesos para quien dé datos útiles que ayuden a la ubicación oportuna y efectiva de Rangel Ortiz, quien salió acompañado de otras personas el 10 de noviembre de 2009, rumbo a Monclova, Coahuila. Además, se dará la misma cantidad por la identificación y localización que ayude a la detención o aprehensión de los probables responsables del delito de privación ilegal de la libertad, en su modalidad de secuestro y lo que resulte en agravio de la víctima."", ""doc_id"": ""Coahuila_Hector R O_12"", ""offset"": 427}, {""span"": ""El acuerdo A/084/13 publicado este lunes en el Diario Oficial, precisa que la recompensa será hasta de un millón 500 mil pesos para quien dé datos útiles que ayuden a la ubicación oportuna y efectiva de Rangel Ortiz, quien salió acompañado de otras personas el 10 de noviembre de 2009, rumbo a Monclova, Coahuila."", ""doc_id"": ""Coahuila_Hector R O_12"", ""offset"": 427}, {""span"": ""rumbo a Monclova, Coahuila"", ""doc_id"": ""Coahuila_Hector R O_12"", ""offset"": 713}], ""vic_grupo_social"": [{""span"": ""El acuerdo A/084/13 publicado este lunes en el Diario Oficial, precisa que la recompensa será hasta de un millón 500 mil pesos para quien dé datos útiles que ayuden a la ubicación oportuna y efectiva de Rangel Ortiz, quien salió acompañado de otras personas el 10 de noviembre de 2009, rumbo a Monclova, Coahuila."", ""doc_id"": ""Coahuila_Hector R O_12"", ""offset"": 427}, {""span"": ""El acuerdo A/084/13 publicado este lunes en el Diario Oficial, precisa que la recompensa será hasta de un millón 500 mil pesos para quien dé datos útiles que ayuden a la ubicación oportuna y efectiva de Rangel Ortiz, quien salió acompañado de otras personas el 10 de noviembre de 2009, rumbo a Monclova, Coahuila."", ""doc_id"": ""Coahuila_Hector R O_12"", ""offset"": 427}], ""captura_tipo"": [{""span"": ""rumbo a Monclova, Coahuila"", ""doc_id"": ""Coahuila_Hector R O_12"", ""offset"": 713}, {""span"": ""rumbo a Monclova, Coahuila"", ""doc_id"": ""Coahuila_Hector R O_12"", ""offset"": 713}]}, ""summary"": ""La Procuraduría General de la República (PGR) ofrece una recompensa de más de un millón de pesos a quien proporcione información veraz para localizar a Héctor Rangel Ortíz, así como por la identificación de los responsables de su desaparición. El acuerdo A/084/13 publicado este lunes en el Diario Oficial, precisa que la recompensa será hasta de un millón 500 mil pesos para quien dé datos útiles que ayuden a la ubicación oportuna y efectiva de Rangel Ortiz, quien salió acompañado de otras personas el 10 de noviembre de 2009, rumbo a Monclova, Coahuila. Además, se dará la misma cantidad por la identificación y localización que ayude a la detención o aprehensión de los probables responsables del delito de privación ilegal de la libertad, en su modalidad de secuestro y lo que resulte en agravio de la víctima. La información que aporten los particulares sobre esos hechos, será recibida en la oficinas de la PGR ubicadas en Paseo de la Reforma 75, primer piso, colonia Guerrero, delegación Cuauhtémoc; y en la dirección de correo electrónico: denunciapgr@pgr.gob.mx. Así como en los números telefónicos (55) 53-46-15-44 y (55) 53-46-00-00, extensión 4748, en la ciudad de México y 01-800-831-31-96 desde cualquier parte del país.""}, ""error"": """"}, {""victim_id"": ""Coahuila_Hector R O"", ""model"": ""hugging-quants/Meta-Llama-3.1-8B-Instruct-AWQ-INT4"", ""turn_index"": 3, ""task_name"": ""conversation_summary"", ""doc_id"": ""Coahuila_Hector R O_13"", ""values"": {""info_found"": ""TRUE"", ""relevant_context"": [""desenlace"", ""vic_grupo_social"", ""captura_tipo""], ""summary_by_item"": {""desenlace"": [{""span"": ""El acuerdo A/084/13 publicado este lunes en el Diario Oficial, precisa que la recompensa será hasta de un millón 500 mil pesos para quien dé datos útiles que ayuden a la ubicación oportuna y efectiva de Rangel Ortiz, quien salió acompañado de otras personas el 10 de noviembre de 2009, rumbo a Monclova, Coahuila. Además, se dará la misma cantidad por la identificación y localización que ayude a la detención o aprehensión de los probables responsables del delito de privación ilegal de la libertad, en su modalidad de secuestro y lo que resulte en agravio de la víctima."", ""doc_id"": ""Coahuila_Hector R O_13"", ""offset"": 370}, {""span"": ""El acuerdo A/084/13 publicado este lunes en el Diario Oficial, precisa que la recompensa será hasta de un millón 500 mil pesos para quien dé datos útiles que ayuden a la ubicación oportuna y efectiva de Rangel Ortiz, quien salió acompañado de otras personas el 10 de noviembre de 2009, rumbo a Monclova, Coahuila."", ""doc_id"": ""Coahuila_Hector R O_13"", ""offset"": 370}, {""span"": ""rumbo a Monclova, Coahuila"", ""doc_id"": ""Coahuila_Hector R O_13"", ""offset"": 656}], ""vic_grupo_social"": [{""span"": ""El acuerdo A/084/13 publicado este lunes en el Diario Oficial, precisa que la recompensa será hasta de un millón 500 mil pesos para quien dé datos útiles que ayuden a la ubicación oportuna y efectiva de Rangel Ortiz, quien salió acompañado de otras personas el 10 de noviembre de 2009, rumbo a Monclova, Coahuila."", ""doc_id"": ""Coahuila_Hector R O_13"", ""offset"": 370}, {""span"": ""El acuerdo A/084/13 publicado este lunes en el Diario Oficial, precisa que la recompensa será hasta de un millón 500 mil pesos para quien dé datos útiles que ayuden a la ubicación oportuna y efectiva de Rangel Ortiz, quien salió acompañado de otras personas el 10 de noviembre de 2009, rumbo a Monclova, Coahuila."", ""doc_id"": ""Coahuila_Hector R O_13"", ""offset"": 370}], ""captura_tipo"": [{""span"": ""rumbo a Monclova, Coahuila"", ""doc_id"": ""Coahuila_Hector R O_13"", ""offset"": 656}, {""span"": ""rumbo a Monclova, Coahuila"", ""doc_id"": ""Coahuila_Hector R O_13"", ""offset"": 656}]}, ""summary"": ""La Procuraduría General de la República (PGR) ofrece una recompensa de más de un millón de pesos a quien proporcione información veraz para localizar a Héctor Rangel Ortíz, así como por la identificación de los responsables de su desaparición. El acuerdo A/084/13 publicado este lunes en el Diario Oficial, precisa que la recompensa será hasta de un millón 500 mil pesos para quien dé datos útiles que ayuden a la ubicación oportuna y efectiva de Rangel Ortiz, quien salió acompañado de otras personas el 10 de noviembre de 2009, rumbo a Monclova, Coahuila. Además, se dará la misma cantidad por la identificación y localización que ayude a la detención o aprehensión de los probables responsables del delito de privación ilegal de la libertad, en su modalidad de secuestro y lo que resulte en agravio de la víctima. La información que aporten los particulares sobre esos hechos, será recibida en la oficinas de la PGR ubicadas en Paseo de la Reforma 75, primer piso, colonia Guerrero, delegación Cuauhtémoc; y en la dirección de correo electrónico: denunciapgr@pgr.gob.mx. Así como en los números telefónicos (55) 53-46-15-44 y (55) 53-46-00-00, extensión 4748, en la ciudad de México y 01-800-831-31-96 desde cualquier parte del país.""}, ""error"": """"}, {""victim_id"": ""Coahuila_Hector R O"", ""model"": ""hugging-quants/Meta-Llama-3.1-8B-Instruct-AWQ-INT4"", ""turn_index"": 4, ""task_name"": ""conversation_summary"", ""doc_id"": ""Coahuila_Hector R O_14"", ""values"": {""info_found"": ""TRUE"", ""relevant_context"": [""desenlace"", ""vic_grupo_social"", ""captura_tipo""], ""summary_by_item"": {""desenlace"": [{""span"": ""El acuerdo A/084/13 publicado este lunes en el Diario Oficial, precisa que la recompensa será hasta de un millón 500 mil pesos para quien dé datos útiles que ayuden a la ubicación oportuna y efectiva de Rangel Ortiz, quien salió acompañado de otras personas el 10 de noviembre de 2009, rumbo a Monclova, Coahuila. Además, se dará la misma cantidad por la identificación y localización que ayude a la detención o aprehensión de los probables responsables del delito de privación ilegal de la libertad, en su modalidad de secuestro y lo que resulte en agravio de la víctima."", ""doc_id"": ""Coahuila_Hector R O_14"", ""offset"": -1}, {""span"": ""El acuerdo A/084/13 publicado este lunes en el Diario Oficial, precisa que la recompensa será hasta de un millón 500 mil pesos para quien dé datos útiles que ayuden a la ubicación oportuna y efectiva de Rangel Ortiz, quien salió acompañado de otras personas el 10 de noviembre de 2009, rumbo a Monclova, Coahuila."", ""doc_id"": ""Coahuila_Hector R O_14"", ""offset"": -1}, {""span"": ""rumbo a Monclova, Coahuila"", ""doc_id"": ""Coahuila_Hector R O_14"", ""offset"": -1}], ""vic_grupo_social"": [{""span"": ""El acuerdo A/084/13 publicado este lunes en el Diario Oficial, precisa que la recompensa será hasta de un millón 500 mil pesos para quien dé datos útiles que ayuden a la ubicación oportuna y efectiva de Rangel Ortiz, quien salió acompañado de otras personas el 10 de noviembre de 2009, rumbo a Monclova, Coahuila."", ""doc_id"": ""Coahuila_Hector R O_14"", ""offset"": -1}, {""span"": ""El acuerdo A/084/13 publicado este lunes en el Diario Oficial, precisa que la recompensa será hasta de un millón 500 mil pesos para quien dé datos útiles que ayuden a la ubicación oportuna y efectiva de Rangel Ortiz, quien salió acompañado de otras personas el 10 de noviembre de 2009, rumbo a Monclova, Coahuila."", ""doc_id"": ""Coahuila_Hector R O_14"", ""offset"": -1}, {""span"": ""rumbo a Monclova, Coahuila"", ""doc_id"": ""Coahuila_Hector R O_14"", ""offset"": -1}], ""captura_tipo"": [{""span"": ""rumbo a Monclova, Coahuila"", ""doc_id"": ""Coahuila_Hector R O_14"", ""offset"": -1}, {""span"": ""rumbo a Monclova, Coahuila"", ""doc_id"": ""Coahuila_Hector R O_14"", ""offset"": -1}]}, ""summary"": ""El Gobernador de Querétaro es acusado de enviar a policías estatales a intimidar a familiares de desaparecidos. La Procuraduría General de la República (PGR) ofrece una recompensa de más de un millón de pesos a quien proporcione información veraz para localizar a Héctor Rangel Ortíz, así como por la identificación de los responsables de su desaparición. El acuerdo A/084/13 publicado este lunes en el Diario Oficial, precisa que la recompensa será hasta de un millón 500 mil pesos para quien dé datos útiles que ayuden a la ubicación oportuna y efectiva de Rangel Ortiz, quien salió acompañado de otras personas el 10 de noviembre de 2009, rumbo a Monclova, Coahuila. Además, se dará la misma cantidad por la identificación y localización que ayude a la detención o aprehensión de los probables responsables del delito de privación ilegal de la libertad, en su modalidad de secuestro y lo que resulte en agravio de la víctima. La información que aporten los particulares sobre esos hechos, será recibida en la oficinas de la PGR ubicadas en Paseo de la Reforma 75, primer piso, colonia Guerrero, delegación Cuauhtémoc; y en la dirección de correo electrónico: denunciapgr@pgr.gob.mx. Así como en los números telefónicos (55) 53-46-15-44 y (55) 53-46-00-00, extensión 4748, en la ciudad de México y 01-800-831-31-96 desde cualquier parte del país.""}, ""error"": """"}, {""victim_id"": ""Coahuila_Hector R O"", ""model"": ""hugging-quants/Meta-Llama-3.1-8B-Instruct-AWQ-INT4"", ""turn_index"": 5, ""task_name"": ""conversation_summary"", ""doc_id"": ""Coahuila_Hector R O_15"", ""values"": {""info_found"": ""TRUE"", ""relevant_context"": [""desenlace"", ""vic_grupo_social"", ""captura_tipo""], ""summary_by_item"": {""desenlace"": [{""span"": ""El acuerdo A/084/13 publicado este lunes en el Diario Oficial, precisa que la recompensa será hasta de un millón 500 mil pesos para quien dé datos útiles que ayuden a la ubicación oportuna y efectiva de Rangel Ortiz, quien salió acompañado de otras personas el 10 de noviembre de 2009, rumbo a Monclova, Coahuila. Además, se dará la misma cantidad por la identificación y localización que ayude a la detención o aprehensión de los probables responsables del delito de privación ilegal de la libertad, en su modalidad de secuestro y lo que resulte en agravio de la víctima."", ""doc_id"": ""Coahuila_Hector R O_15"", ""offset"": -1}, {""span"": ""El acuerdo A/084/13 publicado este lunes en el Diario Oficial, precisa que la recompensa será hasta de un millón 500 mil pesos para quien dé datos útiles que ayuden a la ubicación oportuna y efectiva de Rangel Ortiz, quien salió acompañado de otras personas el 10 de noviembre de 2009, rumbo a Monclova, Coahuila."", ""doc_id"": ""Coahuila_Hector R O_15"", ""offset"": -1}, {""span"": ""rumbo a Monclova, Coahuila"", ""doc_id"": ""Coahuila_Hector R O_15"", ""offset"": -1}], ""vic_grupo_social"": [{""span"": ""El acuerdo A/084/13 publicado este lunes en el Diario Oficial, precisa que la recompensa será hasta de un millón 500 mil pesos para quien dé datos útiles que ayuden a la ubicación oportuna y efectiva de Rangel Ortiz, quien salió acompañado de otras personas el 10 de noviembre de 2009, rumbo a Monclova, Coahuila."", ""doc_id"": ""Coahuila_Hector R O_15"", ""offset"": -1}, {""span"": ""El acuerdo A/084/13 publicado este lunes en el Diario Oficial, precisa que la recompensa será hasta de un millón 500 mil pesos para quien dé datos útiles que ayuden a la ubicación oportuna y efectiva de Rangel Ortiz, quien salió acompañado de otras personas el 10 de noviembre de 2009, rumbo a Monclova, Coahuila."", ""doc_id"": ""Coahuila_Hector R O_15"", ""offset"": -1}, {""span"": ""rumbo a Monclova, Coahuila"", ""doc_id"": ""Coahuila_Hector R O_15"", ""offset"": -1}], ""captura_tipo"": [{""span"": ""rumbo a Monclova, Coahuila"", ""doc_id"": ""Coahuila_Hector R O_15"", ""offset"": -1}, {""span"": ""rumbo a Monclova, Coahuila"", ""doc_id"": ""Coahuila_Hector R O_15"", ""offset"": -1}]}, ""summary"": ""El acuerdo A/084/13 publicado este lunes en el Diario Oficial, precisa que la recompensa será hasta de un millón 500 mil pesos para quien dé datos útiles que ayuden a la ubicación oportuna y efectiva de Rangel Ortiz, quien salió acompañado de otras personas el 10 de noviembre de 2009, rumbo a Monclova, Coahuila. Además, se dará la misma cantidad por la identificación y localización que ayude a la detención o aprehensión de los probables responsables del delito de privación ilegal de la libertad, en su modalidad de secuestro y lo que resulte en agravio de la víctima. La información que aporten los particulares sobre esos hechos, será recibida en la oficinas de la PGR ubicadas en Paseo de la Reforma 75, primer piso, colonia Guerrero, delegación Cuauhtémoc; y en la dirección de correo electrónico: denunciapgr@pgr.gob.mx. Así como en los números telefónicos (55) 53-46-15-44 y (55) 53-46-00-00, extensión 4748, en la ciudad de México y 01-800-831-31-96 desde cualquier parte del país.""}, ""error"": """"}, {""victim_id"": ""Coahuila_Hector R O"", ""model"": ""hugging-quants/Meta-Llama-3.1-8B-Instruct-AWQ-INT4"", ""turn_index"": 6, ""task_name"": ""conversation_summary"", ""doc_id"": ""Coahuila_Hector R O_16"", ""values"": {""info_found"": ""TRUE"", ""relevant_context"": [""desenlace"", ""vic_grupo_social"", ""captura_tipo""], ""summary_by_item"": {""desenlace"": [{""span"": ""El acuerdo A/084/13 publicado este lunes en el Diario Oficial, precisa que la recompensa será hasta de un millón 500 mil pesos para quien dé datos útiles que ayuden a la ubicación oportuna y efectiva de Rangel Ortiz, quien salió acompañado de otras personas el 10 de noviembre de 2009, rumbo a Monclova, Coahuila. Además, se dará la misma cantidad por la identificación y localización que ayude a la detención o aprehensión de los probables responsables del delito de privación ilegal de la libertad, en su modalidad de secuestro y lo que resulte en agravio de la víctima."", ""doc_id"": ""Coahuila_Hector R O_16"", ""offset"": -1}, {""span"": ""El acuerdo A/084/13 publicado este lunes en el Diario Oficial, precisa que la recompensa será hasta de un millón 500 mil pesos para quien dé datos útiles que ayuden a la ubicación oportuna y efectiva de Rangel Ortiz, quien salió acompañado de otras personas el 10 de noviembre de 2009, rumbo a Monclova, Coahuila."", ""doc_id"": ""Coahuila_Hector R O_16"", ""offset"": -1}, {""span"": ""rumbo a Monclova, Coahuila"", ""doc_id"": ""Coahuila_Hector R O_16"", ""offset"": -1}], ""vic_grupo_social"": [{""span"": ""El acuerdo A/084/13 publicado este lunes en el Diario Oficial, precisa que la recompensa será hasta de un millón 500 mil pesos para quien dé datos útiles que ayuden a la ubicación oportuna y efectiva de Rangel Ortiz, quien salió acompañado de otras personas el 10 de noviembre de 2009, rumbo a Monclova, Coahuila."", ""doc_id"": ""Coahuila_Hector R O_16"", ""offset"": -1}, {""span"": ""El acuerdo A/084/13 publicado este lunes en el Diario Oficial, precisa que la recompensa será hasta de un millón 500 mil pesos para quien dé datos útiles que ayuden a la ubicación oportuna y efectiva de Rangel Ortiz, quien salió acompañado de otras personas el 10 de noviembre de 2009, rumbo a Monclova, Coahuila."", ""doc_id"": ""Coahuila_Hector R O_16"", ""offset"": -1}, {""span"": ""rumbo a Monclova, Coahuila"", ""doc_id"": ""Coahuila_Hector R O_16"", ""offset"": -1}], ""captura_tipo"": [{""span"": ""rumbo a Monclova, Coahuila"", ""doc_id"": ""Coahuila_Hector R O_16"", ""offset"": -1}, {""span"": ""rumbo a Monclova, Coahuila"", ""doc_id"": ""Coahuila_Hector R O_16"", ""offset"": -1}]}, ""summary"": ""El acuerdo A/084/13 publicado este lunes en el Diario Oficial, precisa que la recompensa será hasta de un millón 500 mil pesos para quien dé datos útiles que ayuden a la ubicación oportuna y efectiva de Rangel Ortiz, quien salió acompañado de otras personas el 10 de noviembre de 2009, rumbo a Monclova, Coahuila. Además, se dará la misma cantidad por la identificación y localización que ayude a la detención o aprehensión de los probables responsables del delito de privación ilegal de la libertad, en su modalidad de secuestro y lo que resulte en agravio de la víctima. La información que aporten los particulares sobre esos hechos, será recibida en la oficinas de la PGR ubicadas en Paseo de la Reforma 75, primer piso, colonia Guerrero, delegación Cuauhtémoc; y en la dirección de correo electrónico: denunciapgr@pgr.gob.mx. Así como en los números telefónicos (55) 53-46-15-44 y (55) 53-46-00-00, extensión 4748, en la ciudad de México y 01-800-831-31-96 desde cualquier parte del país.""}, ""error"": """"}, {""victim_id"": ""Coahuila_Hector R O"", ""model"": ""hugging-quants/Meta-Llama-3.1-8B-Instruct-AWQ-INT4"", ""turn_index"": 7, ""task_name"": ""conversation_summary"", ""doc_id"": ""Coahuila_Hector R O_2"", ""values"": {""info_found"": ""TRUE"", ""relevant_context"": [""desenlace"", ""vic_grupo_social"", ""captura_tipo""], ""summary_by_item"": {""desenlace"": [{""span"": ""El acuerdo A/084/13 publicado este lunes en el Diario Oficial, precisa que la recompensa será hasta de un millón 500 mil pesos para quien dé datos útiles que ayuden a la ubicación oportuna y efectiva de Rangel Ortiz, quien salió acompañado de otras personas el 10 de noviembre de 2009, rumbo a Monclova, Coahuila. Además, se dará la misma cantidad por la identificación y localización que ayude a la detención o aprehensión de los probables responsables del delito de privación ilegal de la libertad, en su modalidad de secuestro y lo que resulte en agravio de la víctima."", ""doc_id"": ""Coahuila_Hector R O_2"", ""offset"": -1}, {""span"": ""El acuerdo A/084/13 publicado este lunes en el Diario Oficial, precisa que la recompensa será hasta de un millón 500 mil pesos para quien dé datos útiles que ayuden a la ubicación oportuna y efectiva de Rangel Ortiz, quien salió acompañado de otras personas el 10 de noviembre de 2009, rumbo a Monclova, Coahuila."", ""doc_id"": ""Coahuila_Hector R O_2"", ""offset"": -1}, {""span"": ""rumbo a Monclova, Coahuila"", ""doc_id"": ""Coahuila_Hector R O_2"", ""offset"": -1}], ""vic_grupo_social"": [{""span"": ""El acuerdo A/084/13 publicado este lunes en el Diario Oficial, precisa que la recompensa será hasta de un millón 500 mil pesos para quien dé datos útiles que ayuden a la ubicación oportuna y efectiva de Rangel Ortiz, quien salió acompañado de otras personas el 10 de noviembre de 2009, rumbo a Monclova, Coahuila. Además, se dará la misma cantidad por la identificación y localización que ayude a la detención o aprehensión de los probables responsables del delito de privación ilegal de la libertad, en su modalidad de secuestro y lo que resulte en agravio de la víctima."", ""doc_id"": ""Coahuila_Hector R O_2"", ""offset"": -1}, {""span"": ""El acuerdo A/084/13 publicado este lunes en el Diario Oficial, precisa que la recompensa será hasta de un millón 500 mil pesos para quien dé datos útiles que ayuden a la ubicación oportuna y efectiva de Rangel Ortiz, quien salió acompañado de otras personas el 10 de noviembre de 2009, rumbo a Monclova, Coahuila."", ""doc_id"": ""Coahuila_Hector R O_2"", ""offset"": -1}, {""span"": ""rumbo a Monclova, Coahuila"", ""doc_id"": ""Coahuila_Hector R O_2"", ""offset"": -1}], ""captura_tipo"": [{""span"": ""rumbo a Monclova, Coahuila"", ""doc_id"": ""Coahuila_Hector R O_2"", ""offset"": -1}, {""span"": ""rumbo a Monclova, Coahuila"", ""doc_id"": ""Coahuila_Hector R O_2"", ""offset"": -1}]}, ""summary"": ""El acuerdo A/084/13 publicado este lunes en el Diario Oficial, precisa que la recompensa será hasta de un millón 500 mil pesos para quien dé datos útiles que ayuden a la ubicación oportuna y efectiva de Rangel Ortiz, quien salió acompañado de otras personas el 10 de noviembre de 2009, rumbo a Monclova, Coahuila. Además, se dará la misma cantidad por la identificación y localización que ayude a la detención o aprehensión de los probables responsables del delito de privación ilegal de la libertad, en su modalidad de secuestro y lo que resulte en agravio de la víctima. La información que aporten los particulares sobre esos hechos, será recibida en la oficinas de la PGR ubicadas en Paseo de la Reforma 75, primer piso, colonia Guerrero, delegación Cuauhtémoc; y en la dirección de correo electrónico: denunciapgr@pgr.gob.mx. Así como en los números telefónicos (55) 53-46-15-44 y (55) 53-46-00-00, extensión 4748, en la ciudad de México y 01-800-831-31-96 desde cualquier parte del país.""}, ""error"": """"}, {""victim_id"": ""Coahuila_Hector R O"", ""model"": ""hugging-quants/Meta-Llama-3.1-8B-Instruct-AWQ-INT4"", ""turn_index"": 8, ""task_name"": ""conversation_summary"", ""doc_id"": ""Coahuila_Hector R O_3"", ""values"": {""info_found"": ""TRUE"", ""relevant_context"": [""desenlace"", ""vic_grupo_social"", ""captura_tipo""], ""summary_by_item"": {""desenlace"": [{""span"": ""Cuatro policías de Monclova, Coahuila, y un civil se encuentran detenidos en esa ciudad, acusados de secuestrar al queretano Héctor Rangel Ortiz y a dos personas más, cuya desaparición se reportó el 10 de noviembre de 2009, informó el procurador de Justicia de Querétaro, Arsenio Durán Becerra."", ""doc_id"": ""Coahuila_Hector R O_3"", ""offset"": 256}, {""span"": ""cinco detenidos"", ""doc_id"": ""Coahuila_Hector R O_3"", ""offset"": 1190}], ""vic_grupo_social"": [{""span"": ""El acuerdo A/084/13 publicado este lunes en el Diario Oficial, precisa que la recompensa será hasta de un millón 500 mil pesos para quien dé datos útiles que ayuden a la ubicación oportuna y efectiva de Rangel Ortiz, quien salió acompañado de otras personas el 10 de noviembre de 2009, rumbo a Monclova, Coahuila. Además, se dará la misma cantidad por la identificación y localización que ayude a la detención o aprehensión de los probables responsables del delito de privación ilegal de la libertad, en su modalidad de secuestro y lo que resulte en agravio de la víctima."", ""doc_id"": ""Coahuila_Hector R O_3"", ""offset"": -1}, {""span"": ""rumbo a Monclova, Coahuila"", ""doc_id"": ""Coahuila_Hector R O_3"", ""offset"": -1}], ""captura_tipo"": [{""span"": ""rumbo a Monclova, Coahuila"", ""doc_id"": ""Coahuila_Hector R O_3"", ""offset"": -1}, {""span"": ""rumbo a Monclova, Coahuila"", ""doc_id"": ""Coahuila_Hector R O_3"", ""offset"": -1}]}, ""summary"": ""Cuatro policías de Monclova, Coahuila, y un civil se encuentran detenidos en esa ciudad, acusados de secuestrar al queretano Héctor Rangel Ortiz y a dos personas más, cuya desaparición se reportó el 10 de noviembre de 2009, informó el procurador de Justicia de Querétaro, Arsenio Durán Becerra. Cinco años después de que desapareció el ciudadano queretano, el procurador Arsenio Durán Becerra informó que en Monclova hay cinco detenidos. La investigación por la desaparición de Héctor Rangel está en manos de la fiscalía de Coahuila. La información que aporten los particulares sobre esos hechos, será recibida en la oficinas de la PGR ubicadas en Paseo de la Reforma 75, primer piso, colonia Guerrero, delegación Cuauhtémoc; y en la dirección de correo electrónico: denunciapgr@pgr.gob.mx. Así como en los números telefónicos (55) 53-46-15-44 y (55) 53-46-00-00, extensión 4748, en la ciudad de México y 01-800-831-31-96 desde cualquier parte del país.""}, ""error"": """"}, {""victim_id"": ""Coahuila_Hector R O"", ""model"": ""hugging-quants/Meta-Llama-3.1-8B-Instruct-AWQ-INT4"", ""turn_index"": 9, ""task_name"": ""conversation_summary"", ""doc_id"": ""Coahuila_Hector R O_6"", ""values"": {""info_found"": ""TRUE"", ""relevant_context"": [""desenlace"", ""vic_grupo_social"", ""captura_tipo""], ""summary_by_item"": {""desenlace"": [{""span"": ""Cuatro policías de Monclova, Coahuila, y un civil se encuentran detenidos en esa ciudad, acusados de secuestrar al queretano Héctor Rangel Ortiz y a dos personas más, cuya desaparición se reportó el 10 de noviembre de 2009, informó el procurador de Justicia de Querétaro, Arsenio Durán Becerra."", ""doc_id"": ""Coahuila_Hector R O_6"", ""offset"": -1}, {""span"": ""cinco detenidos"", ""doc_id"": ""Coahuila_Hector R O_6"", ""offset"": -1}], ""vic_grupo_social"": [{""span"": ""El acuerdo A/084/13 publicado este lunes en el Diario Oficial, precisa que la recompensa será hasta de un millón 500 mil pesos para quien dé datos útiles que ayuden a la ubicación oportuna y efectiva de Rangel Ortiz, quien salió acompañado de otras personas el 10 de noviembre de 2009, rumbo a Monclova, Coahuila. Además, se dará la misma cantidad por la identificación y localización que ayude a la detención o aprehensión de los probables responsables del delito de privación ilegal de la libertad, en su modalidad de secuestro y lo que resulte en agravio de la víctima."", ""doc_id"": ""Coahuila_Hector R O_6"", ""offset"": -1}, {""span"": ""rumbo a Monclova, Coahuila"", ""doc_id"": ""Coahuila_Hector R O_6"", ""offset"": -1}], ""captura_tipo"": [{""span"": ""rumbo a Monclova, Coahuila"", ""doc_id"": ""Coahuila_Hector R O_6"", ""offset"": -1}, {""span"": ""rumbo a Monclova, Coahuila"", ""doc_id"": ""Coahuila_Hector R O_6"", ""offset"": -1}]}, ""summary"": ""Cuatro policías de Monclova, Coahuila, y un civil se encuentran detenidos en esa ciudad, acusados de secuestrar al queretano Héctor Rangel Ortiz y a dos personas más, cuya desaparición se reportó el 10 de noviembre de 2009, informó el procurador de Justicia de Querétaro, Arsenio Durán Becerra. Cinco años después de que desapareció el ciudadano queretano, el procurador Arsenio Durán Becerra informó que en Monclova hay cinco detenidos. La investigación por la desaparición de Héctor Rangel está en manos de la fiscalía de Coahuila. La información que aporten los particulares sobre esos hechos, será recibida en la oficinas de la PGR ubicadas en Paseo de la Reforma 75, primer piso, colonia Guerrero, delegación Cuauhtémoc; y en la dirección de correo electrónico: denunciapgr@pgr.gob.mx. Así como en los números telefónicos (55) 53-46-15-44 y (55) 53-46-00-00, extensión 4748, en la ciudad de México y 01-800-831-31-96 desde cualquier parte del país.""}, ""error"": """"}, {""victim_id"": ""Coahuila_Hector R O"", ""model"": ""hugging-quants/Meta-Llama-3.1-8B-Instruct-AWQ-INT4"", ""turn_index"": 10, ""task_name"": ""conversation_summary"", ""doc_id"": ""Coahuila_Hector R O_7"", ""values"": {""info_found"": ""TRUE"", ""relevant_context"": [""vic_grupo_social"", ""captura_tipo"", ""desenlace""], ""summary_by_item"": {""vic_grupo_social"": [{""span"": ""El acuerdo A/084/13 publicado este lunes en el Diario Oficial, precisa que la recompensa será hasta de un millón 500 mil pesos para quien dé datos útiles que ayuden a la ubicación oportuna y efectiva de Rangel Ortiz, quien salió acompañado de otras personas el 10 de noviembre de 2009, rumbo a Monclova, Coahuila. Además, se dará la misma cantidad por la identificación y localización que ayude a la detención o aprehensión de los probables responsables del delito de privación ilegal de la libertad, en su modalidad de secuestro y lo que resulte en agravio de la víctima."", ""doc_id"": ""Coahuila_Hector R O_7"", ""offset"": -1}, {""span"": ""rumbo a Monclova, Coahuila"", ""doc_id"": ""Coahuila_Hector R O_7"", ""offset"": -1}], ""captura_tipo"": [{""span"": ""rumbo a Monclova, Coahuila"", ""doc_id"": ""Coahuila_Hector R O_7"", ""offset"": -1}, {""span"": ""rumbo a Monclova, Coahuila"", ""doc_id"": ""Coahuila_Hector R O_7"", ""offset"": -1}], ""desenlace"": [{""span"": ""Cuatro policías de Monclova, Coahuila, y un civil se encuentran detenidos en esa ciudad, acusados de secuestrar al queretano Héctor Rangel Ortiz y a dos personas más, cuya desaparición se reportó el 10 de noviembre de 2009, informó el procurador de Justicia de Querétaro, Arsenio Durán Becerra."", ""doc_id"": ""Coahuila_Hector R O_7"", ""offset"": -1}, {""span"": ""cinco detenidos"", ""doc_id"": ""Coahuila_Hector R O_7"", ""offset"": -1}]}, ""summary"": ""Cuatro policías de Monclova, Coahuila, y un civil se encuentran detenidos en esa ciudad, acusados de secuestrar al queretano Héctor Rangel Ortiz y a dos personas más, cuya desaparición se reportó el 10 de noviembre de 2009, informó el procurador de Justicia de Querétaro, Arsenio Durán Becerra. Cinco años después de que desapareció el ciudadano queretano, el procurador Arsenio Durán Becerra informó que en Monclova hay cinco detenidos. La investigación por la desaparición de Héctor Rangel está en manos de la fiscalía de Coahuila. La información que aporten los particulares sobre esos hechos, será recibida en la oficinas de la PGR ubicadas en Paseo de la Reforma 75, primer piso, colonia Guerrero, delegación Cuauhtémoc; y en la dirección de correo electrónico: denunciapgr@pgr.gob.mx. Así como en los números telefónicos (55) 53-46-15-44 y (55) 53-46-00-00, extensión 4748, en la ciudad de México y 01-800-831-31-96 desde cualquier parte del país.""}, ""error"": """"}, {""victim_id"": ""Coahuila_Hector R O"", ""model"": ""hugging-quants/Meta-Llama-3.1-8B-Instruct-AWQ-INT4"", ""turn_index"": 11, ""task_name"": ""conversation_summary"", ""doc_id"": ""Coahuila_Hector R O_8"", ""values"": {""info_found"": ""TRUE"", ""relevant_context"": [""vic_grupo_social"", ""captura_tipo"", ""desenlace""], ""summary_by_item"": {""vic_grupo_social"": [{""span"": ""El acuerdo A/084/13 publicado este lunes en el Diario Oficial, precisa que la recompensa será hasta de un millón 500 mil pesos para quien dé datos útiles que ayuden a la ubicación oportuna y efectiva de Rangel Ortiz, quien salió acompañado de otras personas el 10 de noviembre de 2009, rumbo a Monclova, Coahuila. Además, se dará la misma cantidad por la identificación y localización que ayude a la detención o aprehensión de los probables responsables del delito de privación ilegal de la libertad, en su modalidad de secuestro y lo que resulte en agravio de la víctima."", ""doc_id"": ""Coahuila_Hector R O_8"", ""offset"": -1}, {""span"": ""rumbo a Monclova, Coahuila"", ""doc_id"": ""Coahuila_Hector R O_8"", ""offset"": -1}], ""captura_tipo"": [{""span"": ""rumbo a Monclova, Coahuila"", ""doc_id"": ""Coahuila_Hector R O_8"", ""offset"": -1}, {""span"": ""rumbo a Monclova, Coahuila"", ""doc_id"": ""Coahuila_Hector R O_8"", ""offset"": -1}], ""desenlace"": [{""span"": ""Cuatro policías de Monclova, Coahuila, y un civil se encuentran detenidos en esa ciudad, acusados de secuestrar al queretano Héctor Rangel Ortiz y a dos personas más, cuya desaparición se reportó el 10 de noviembre de 2009, informó el procurador de Justicia de Querétaro, Arsenio Durán Becerra."", ""doc_id"": ""Coahuila_Hector R O_8"", ""offset"": -1}, {""span"": ""cinco detenidos"", ""doc_id"": ""Coahuila_Hector R O_8"", ""offset"": -1}]}, ""summary"": ""Cuatro policías de Monclova, Coahuila, y un civil se encuentran detenidos en esa ciudad, acusados de secuestrar al queretano Héctor Rangel Ortiz y a dos personas más, cuya desaparición se reportó el 10 de noviembre de 2009, informó el procurador de Justicia de Querétaro, Arsenio Durán Becerra. Cinco años después de que desapareció el ciudadano queretano, el procurador Arsenio Durán Becerra informó que en Monclova hay cinco detenidos. La investigación por la desaparición de Héctor Rangel está en manos de la fiscalía de Coahuila. La información que aporten los particulares sobre esos hechos, será recibida en la oficinas de la PGR ubicadas en Paseo de la Reforma 75, primer piso, colonia Guerrero, delegación Cuauhtémoc; y en la dirección de correo electrónico: denunciapgr@pgr.gob.mx. Así como en los números telefónicos (55) 53-46-15-44 y (55) 53-46-00-00, extensión 4748, en la ciudad de México y 01-800-831-31-96 desde cualquier parte del país.""}, ""error"": """"}]"
